userId,foodId,preference
1,1,0.3
1,2,2.9
1,3,0.6
1,4,1.0
1,5,0.1
1,6,8.6
1,7,1.0
1,8,1.1
1,9,0.5
1,10,0.2
1,11,1.6
1,12,3.0
1,13,0.6
1,14,1.9
1,15,4.6
1,16,1.1
1,17,2.5
1,18,1.1
1,19,0.4
1,20,9.5
1,21,4.2
1,22,6.6
1,23,1.3
1,24,9.3
1,25,0.5
1,26,2.3
1,27,2.9
1,28,1.7
1,29,9.5
1,30,0.3
1,31,8.3
1,32,4.6
1,33,4.0
1,34,0.4
1,35,0.5
1,36,2.3
1,37,2.7
1,38,8.9
1,39,8.8
1,40,2.5
1,41,9.1
1,42,2.3
1,43,2.3
1,44,2.9
1,45,3.8
1,46,1.9
1,47,3.0
1,48,6.0
1,49,1.5
1,50,2.6
1,51,1.2
1,52,2.1
1,53,6.4
1,54,0.5
1,55,2.1
1,56,3.0
1,57,2.6
1,58,0.8
1,59,1.1
1,60,8.8
1,61,3.8
1,62,2.7
1,63,2.8
1,64,2.8
1,65,8.9
1,66,0.7
1,67,6.4
1,68,0.7
1,69,3.5
1,70,2.7
1,71,2.7
1,72,1.5
1,73,4.9
1,74,7.0
1,75,0.8
1,76,1.3
1,77,8.0
1,78,9.8
1,79,8.5
1,80,0.9
1,81,2.8
1,82,0.0
1,83,1.5
1,84,1.1
1,85,1.9
1,86,7.1
1,87,1.6
1,88,0.8
1,89,0.1
1,90,3.0
1,91,1.3
1,92,0.5
1,93,3.7
1,94,2.8
1,95,0.9
1,96,1.1
1,97,5.8
1,98,8.5
1,99,6.9
1,100,0.3
1,101,9.5
1,102,0.2
1,103,1.4
1,104,7.3
1,105,1.6
1,106,2.1
1,107,7.4
1,108,9.0
1,109,0.8
1,110,1.8
1,111,3.1
1,112,0.9
1,113,9.8
1,114,1.2
1,115,0.3
1,116,9.2
1,117,4.8
1,118,0.6
1,119,8.2
1,120,7.5
1,121,1.5
1,122,1.0
1,123,1.8
1,124,4.3
1,125,7.4
1,126,5.6
1,127,1.1
1,128,5.7
1,129,9.7
1,130,8.9
1,131,7.8
1,132,0.5
1,133,3.2
1,134,9.4
1,135,4.1
1,136,1.1
1,137,0.4
1,138,6.1
1,139,0.1
1,140,9.1
1,141,2.3
1,142,7.1
1,143,9.8
1,144,7.8
1,145,8.2
1,146,7.4
1,147,0.3
1,148,8.8
1,149,9.3
1,150,8.9
1,151,3.8
1,152,2.3
1,153,6.3
1,154,5.8
1,155,2.9
1,156,9.4
1,157,7.3
1,158,0.0
1,159,1.8
1,160,0.2
1,161,9.9
1,162,3.5
1,163,1.3
1,164,7.5
1,165,8.1
1,166,9.3
1,167,8.4
1,168,8.4
1,169,9.3
1,170,7.3
1,171,2.0
1,172,0.3
1,173,0.7
1,174,1.2
1,175,1.5
1,176,0.0
1,177,1.1
1,178,1.6
1,179,1.9
1,180,0.3
1,181,2.0
1,182,1.5
1,183,1.4
1,184,0.7
1,185,2.5
1,186,1.6
1,187,2.1
1,188,2.5
1,189,0.4
1,190,0.8
1,191,1.0
1,192,0.7
1,193,2.6
1,194,2.5
1,195,1.0
1,196,2.5
1,197,9.4
1,198,5.7
1,199,1.5
1,200,1.7
1,201,0.4
1,202,8.4
1,203,1.6
1,204,8.5
1,205,8.1
1,206,9.1
1,207,4.3
1,208,1.9
1,209,8.3
1,210,9.5
1,211,1.2
1,212,2.5
1,213,0.8
1,214,0.3
1,215,2.5
1,216,0.2
1,217,7.3
1,218,8.6
1,219,7.9
1,220,7.5
1,221,8.7
1,222,7.3
1,223,8.7
1,224,8.7
1,225,9.0
1,226,7.0
1,227,8.8
1,228,7.9
1,229,9.6
1,230,7.4
1,231,7.8
1,232,7.9
1,233,9.1
1,234,9.0
1,235,9.3
1,236,9.4
1,237,8.5
1,238,9.8
1,239,9.9
1,240,9.9
1,241,0.9
1,242,5.8
1,243,5.1
1,244,7.9
1,245,1.0
1,246,0.2
1,247,7.6
1,248,8.6
1,249,0.3
1,250,0.8
1,251,0.6
1,252,0.0
1,253,2.3
1,254,1.9
1,255,9.8
1,256,9.0
1,257,9.9
1,258,8.8
1,259,9.9
1,260,8.0
1,261,9.7
1,262,8.8
1,263,8.7
1,264,9.3
1,265,4.8
1,266,8.4
1,267,8.0
1,268,8.7
1,269,3.4
1,270,2.7
1,271,9.6
1,272,4.6
1,273,9.2
1,274,2.4
1,275,1.8
1,276,4.1
1,277,8.8
1,278,8.2
1,279,8.8
1,280,0.6
1,281,0.0
1,282,8.4
1,283,2.6
1,284,2.0
1,285,4.6
1,286,5.8
1,287,7.8
1,288,8.1
1,289,8.7
1,290,8.7
1,291,0.5
1,292,9.7
1,293,8.1
1,294,6.1
1,295,0.3
1,296,5.4
1,297,0.7
1,298,8.6
1,299,2.7
1,300,0.5
1,301,9.8
1,302,8.3
1,303,4.6
1,304,3.5
1,305,1.2
1,306,9.2
1,307,8.4
1,308,5.0
1,309,0.9
1,310,7.0
1,311,3.0
1,312,0.4
1,313,1.6
1,314,5.2
1,315,7.6
1,316,7.7
1,317,1.3
1,318,1.4
1,319,9.0
1,320,8.0
1,321,7.7
1,322,8.4
1,323,9.4
1,324,7.5
1,325,8.0
1,326,9.1
1,327,8.8
1,328,1.4
1,329,8.7
1,330,0.3
1,331,1.8
1,332,2.4
1,333,5.0
1,334,0.0
1,335,7.7
1,336,0.2
1,337,7.3
1,338,1.5
1,339,0.2
1,340,7.1
1,341,6.8
1,342,9.6
1,343,1.0
1,344,2.5
1,345,9.6
1,346,7.7
1,347,8.2
1,348,9.4
1,349,9.3
1,350,6.6
1,351,8.3
1,352,7.9
1,353,1.7
1,354,6.3
1,355,1.5
1,356,7.1
1,357,9.1
1,358,1.3
1,359,0.3
1,360,1.3
1,361,1.3
1,362,2.7
1,363,6.2
1,364,9.0
1,365,2.3
1,366,1.3
1,367,0.5
1,368,10.0
1,369,4.6
1,370,3.0
1,371,7.1
1,372,4.2
1,373,8.7
1,374,8.8
1,375,0.4
1,376,0.3
1,377,2.7
1,378,4.9
1,379,2.1
1,380,0.8
1,381,6.8
1,382,9.9
1,383,6.9
1,384,7.6
1,385,2.4
1,386,9.5
1,387,9.0
1,388,1.7
1,389,2.2
1,390,2.2
1,391,6.6
1,392,8.3
1,393,8.9
1,394,7.6
1,395,7.8
1,396,5.5
1,397,6.1
1,398,3.2
1,399,6.6
1,400,4.2
1,401,6.9
1,402,7.4
1,403,0.1
1,404,8.8
1,405,9.2
2,1,7.1
2,2,8.8
2,3,9.0
2,4,9.2
2,5,8.1
2,6,2.2
2,7,9.7
2,8,9.8
2,9,7.5
2,10,1.7
2,11,5.6
2,12,9.5
2,13,8.9
2,14,8.5
2,15,0.7
2,16,8.4
2,17,7.9
2,18,9.6
2,19,7.9
2,20,4.4
2,21,6.2
2,22,8.7
2,23,9.8
2,24,9.3
2,25,7.7
2,26,9.3
2,27,9.2
2,28,10.0
2,29,-1.0
2,30,8.8
2,31,4.0
2,32,6.6
2,33,9.3
2,34,1.3
2,35,8.5
2,36,7.8
2,37,0.9
2,38,-1.0
2,39,-1.0
2,40,8.7
2,41,3.8
2,42,8.8
2,43,8.6
2,44,9.3
2,45,7.9
2,46,9.7
2,47,9.7
2,48,7.1
2,49,7.4
2,50,7.8
2,51,8.8
2,52,9.1
2,53,3.4
2,54,9.3
2,55,8.6
2,56,7.7
2,57,7.8
2,58,3.3
2,59,4.7
2,60,8.8
2,61,9.8
2,62,2.0
2,63,9.4
2,64,4.3
2,65,9.0
2,66,9.2
2,67,0.3
2,68,7.4
2,69,2.6
2,70,8.6
2,71,8.2
2,72,5.6
2,73,0.8
2,74,3.3
2,75,7.3
2,76,4.1
2,77,2.0
2,78,-1.0
2,79,-1.0
2,80,5.6
2,81,9.7
2,82,8.9
2,83,8.4
2,84,1.6
2,85,9.1
2,86,4.0
2,87,7.7
2,88,8.1
2,89,8.8
2,90,8.0
2,91,8.0
2,92,3.8
2,93,0.6
2,94,6.4
2,95,7.2
2,96,9.2
2,97,1.8
2,98,-1.0
2,99,3.4
2,100,0.4
2,101,1.1
2,102,4.8
2,103,0.8
2,104,9.5
2,105,1.8
2,106,7.3
2,107,-1.0
2,108,3.0
2,109,1.5
2,110,5.2
2,111,3.4
2,112,8.4
2,113,2.2
2,114,8.4
2,115,9.3
2,116,8.0
2,117,5.8
2,118,9.9
2,119,-1.0
2,120,-1.0
2,121,7.2
2,122,8.0
2,123,8.0
2,124,8.1
2,125,3.4
2,126,6.4
2,127,8.9
2,128,8.5
2,129,9.6
2,130,9.1
2,131,6.2
2,132,9.0
2,133,4.5
2,134,2.8
2,135,1.1
2,136,4.4
2,137,7.9
2,138,0.4
2,139,8.3
2,140,-1.0
2,141,9.9
2,142,-1.0
2,143,-1.0
2,144,-1.0
2,145,-1.0
2,146,-1.0
2,147,7.7
2,148,-1.0
2,149,-1.0
2,150,9.6
2,151,0.3
2,152,9.0
2,153,5.8
2,154,0.1
2,155,8.3
2,156,-1.0
2,157,9.4
2,158,7.1
2,159,9.5
2,160,9.8
2,161,2.4
2,162,1.2
2,163,8.1
2,164,-1.0
2,165,-1.0
2,166,-1.0
2,167,-1.0
2,168,-1.0
2,169,-1.0
2,170,-1.0
2,171,9.6
2,172,8.4
2,173,9.7
2,174,7.5
2,175,8.2
2,176,8.3
2,177,9.8
2,178,7.3
2,179,9.9
2,180,9.0
2,181,7.5
2,182,9.2
2,183,7.2
2,184,7.2
2,185,9.1
2,186,8.0
2,187,9.0
2,188,7.9
2,189,9.7
2,190,9.8
2,191,7.5
2,192,8.2
2,193,9.6
2,194,8.7
2,195,7.8
2,196,7.9
2,197,3.8
2,198,9.5
2,199,7.4
2,200,9.8
2,201,8.7
2,202,-1.0
2,203,0.9
2,204,-1.0
2,205,-1.0
2,206,9.2
2,207,2.4
2,208,9.8
2,209,-1.0
2,210,-1.0
2,211,8.6
2,212,8.0
2,213,9.9
2,214,8.6
2,215,9.5
2,216,7.3
2,217,4.6
2,218,-1.0
2,219,-1.0
2,220,-1.0
2,221,-1.0
2,222,-1.0
2,223,-1.0
2,224,-1.0
2,225,-1.0
2,226,-1.0
2,227,-1.0
2,228,-1.0
2,229,-1.0
2,230,-1.0
2,231,-1.0
2,232,-1.0
2,233,-1.0
2,234,7.8
2,235,-1.0
2,236,3.3
2,237,-1.0
2,238,-1.0
2,239,-1.0
2,240,7.6
2,241,3.8
2,242,8.8
2,243,9.4
2,244,-1.0
2,245,7.8
2,246,8.9
2,247,-1.0
2,248,0.0
2,249,7.0
2,250,2.6
2,251,8.8
2,252,8.3
2,253,1.3
2,254,1.9
2,255,-1.0
2,256,-1.0
2,257,-1.0
2,258,-1.0
2,259,-1.0
2,260,-1.0
2,261,-1.0
2,262,-1.0
2,263,-1.0
2,264,2.0
2,265,7.7
2,266,0.6
2,267,-1.0
2,268,-1.0
2,269,7.3
2,270,8.8
2,271,2.6
2,272,8.0
2,273,7.5
2,274,9.2
2,275,6.5
2,276,0.7
2,277,-1.0
2,278,-1.0
2,279,-1.0
2,280,7.2
2,281,7.9
2,282,4.5
2,283,9.0
2,284,1.7
2,285,0.3
2,286,9.9
2,287,-1.0
2,288,-1.0
2,289,-1.0
2,290,-1.0
2,291,9.1
2,292,-1.0
2,293,-1.0
2,294,4.7
2,295,8.8
2,296,2.8
2,297,8.4
2,298,1.8
2,299,7.9
2,300,0.1
2,301,8.2
2,302,9.1
2,303,4.6
2,304,5.5
2,305,0.3
2,306,-1.0
2,307,2.3
2,308,1.2
2,309,8.7
2,310,6.1
2,311,4.7
2,312,9.8
2,313,10.0
2,314,3.6
2,315,-1.0
2,316,2.7
2,317,7.8
2,318,0.5
2,319,-1.0
2,320,-1.0
2,321,-1.0
2,322,-1.0
2,323,-1.0
2,324,-1.0
2,325,-1.0
2,326,-1.0
2,327,2.8
2,328,7.7
2,329,2.4
2,330,9.7
2,331,7.4
2,332,9.9
2,333,5.5
2,334,10.0
2,335,-1.0
2,336,7.8
2,337,-1.0
2,338,5.9
2,339,5.5
2,340,-1.0
2,341,4.8
2,342,1.2
2,343,7.7
2,344,9.1
2,345,-1.0
2,346,0.4
2,347,-1.0
2,348,-1.0
2,349,-1.0
2,350,2.5
2,351,-1.0
2,352,0.9
2,353,8.1
2,354,9.2
2,355,1.2
2,356,-1.0
2,357,-1.0
2,358,10.0
2,359,5.1
2,360,9.6
2,361,9.0
2,362,8.5
2,363,2.8
2,364,-1.0
2,365,3.3
2,366,1.5
2,367,9.9
2,368,-1.0
2,369,0.6
2,370,8.6
2,371,-1.0
2,372,8.6
2,373,-1.0
2,374,6.1
2,375,7.1
2,376,7.9
2,377,1.1
2,378,1.9
2,379,7.6
2,380,1.7
2,381,1.0
2,382,5.0
2,383,6.3
2,384,-1.0
2,385,7.5
2,386,3.6
2,387,-1.0
2,388,1.7
2,389,9.8
2,390,7.0
2,391,2.0
2,392,0.4
2,393,5.8
2,394,8.4
2,395,7.2
2,396,6.1
2,397,1.8
2,398,2.8
2,399,0.3
2,400,2.5
2,401,6.8
2,402,3.6
2,403,4.2
2,404,10.0
2,405,8.5
3,1,8.15749
3,2,6.19217
3,3,6.05219
3,4,5.82905
3,5,
3,6,
3,7,6.0344
3,8,7.02487
3,9,9.99678
3,10,6.06799
3,11,9.80073
3,12,9.96812
3,13,
3,14,7.90399
3,15,6.11858
3,16,8.06674
3,17,4.84931
3,18,5.87182
3,19,5.96688
3,20,6.06366
3,21,
3,22,
3,23,9.12133
3,24,2.9003
3,25,3.9991
3,26,6.17903
3,27,4.02337
3,28,9.9129
3,29,
3,30,5.94113
3,31,8.18705
3,32,7.86208
3,33,0.0426269
3,34,9.97526
3,35,0.104277
3,36,9.14719
3,37,5.96509
3,38,6.18527
3,39,6.17499
3,40,9.81836
3,41,
3,42,0.151067
3,43,9.04984
3,44,1.93172
3,45,5.81152
3,46,9.86368
3,47,
3,48,4.90794
3,49,8.03972
3,50,8.8455
3,51,9.87407
3,52,6.9734
3,53,6.08685
3,54,
3,55,1.95431
3,56,8.01813
3,57,7.91683
3,58,8.0
3,59,8.01543
3,60,8.13003
3,61,9.92869
3,62,5.99473
3,63,6.97153
3,64,7.96719
3,65,7.94212
3,66,7.16639
3,67,9.97829
3,68,9.12786
3,69,3.16073
3,70,5.8699
3,71,3.96011
3,72,8.12113
3,73,7.93205
3,74,9.93143
3,75,0.0831337
3,76,9.90866
3,77,0.0
3,78,7.04081
3,79,4.91729
3,80,9.99015
3,81,6.96665
3,82,5.95017
3,83,1.0
3,84,6.00209
3,85,4.81171
3,86,3.0
3,87,8.14824
3,88,5.92603
3,89,9.14053
3,90,9.03672
3,91,9.0
3,92,6.08488
3,93,0.107382
3,94,9.8034
3,95,9.88081
3,96,8.0
3,97,3.80612
3,98,5.0
3,99,7.83673
3,100,3.9138
3,101,6.03296
3,102,10.0
3,103,9.83523
3,104,9.96498
3,105,9.97389
3,106,6.04971
3,107,5.89028
3,108,4.09425
3,109,9.81539
3,110,9.80064
3,111,9.80393
3,112,9.86071
3,113,8.0
3,114,6.06288
3,115,9.88251
3,116,9.98923
3,117,7.85275
3,118,6.19279
3,119,6.15658
3,120,5.15208
3,121,8.0
3,122,8.12565
3,123,7.92866
3,124,0.154802
3,125,10.0
3,126,6.11883
3,127,7.1119
3,128,9.90529
3,129,3.10974
3,130,2.91746
3,131,9.92626
3,132,10.0
3,133,10.0
3,134,9.99604
3,135,9.85703
3,136,9.89896
3,137,9.9957
3,138,9.90281
3,139,10.0
3,140,6.19525
3,141,8.0
3,142,4.898
3,143,5.98379
3,144,5.95042
3,145,5.92235
3,146,5.93742
3,147,8.14459
3,148,4.81962
3,149,5.08753
3,150,9.88028
3,151,9.91269
3,152,9.90493
3,153,7.85008
3,154,6.07223
3,155,5.12651
3,156,4.89946
3,157,5.83668
3,158,6.0
3,159,6.03334
3,160,6.0
3,161,8.09808
3,162,9.90409
3,163,5.90107
3,164,6.03119
3,165,1.80156
3,166,5.96462
3,167,0.131284
3,168,6.09801
3,169,1.0
3,170,1.08162
3,171,1.0
3,172,3.90353
3,173,2.0
3,174,5.0
3,175,7.0
3,176,0.0
3,177,7.88467
3,178,6.94236
3,179,6.91369
3,180,7.0
3,181,4.92556
3,182,8.16049
3,183,7.18644
3,184,1.0
3,185,0.0
3,186,0.0995202
3,187,0.0324548
3,188,4.05695
3,189,0.836727
3,190,7.87371
3,191,0.0692685
3,192,0.187958
3,193,8.02443
3,194,0.0107531
3,195,1.0
3,196,0.844873
3,197,5.01449
3,198,0.0
3,199,0.0607601
3,200,9.97378
3,201,8.02013
3,202,4.82131
3,203,9.89989
3,204,5.0195
3,205,5.92297
3,206,10.0
3,207,8.0
3,208,9.14181
3,209,5.18751
3,210,5.12057
3,211,2.02285
3,212,4.17305
3,213,6.10076
3,214,2.08822
3,215,7.97173
3,216,3.90202
3,217,9.96087
3,218,9.98524
3,219,9.97297
3,220,9.92667
3,221,9.91199
3,222,9.99444
3,223,9.96595
3,224,9.93908
3,225,9.80973
3,226,1.92241
3,227,5.07343
3,228,2.17893
3,229,1.99372
3,230,5.83321
3,231,1.86876
3,232,5.86453
3,233,5.12185
3,234,2.1124
3,235,5.0779
3,236,7.91094
3,237,0.0986956
3,238,5.17165
3,239,4.94407
3,240,7.89041
3,241,8.06458
3,242,7.84186
3,243,7.88624
3,244,6.0
3,245,8.06578
3,246,0.0
3,247,0.0722332
3,248,9.0
3,249,9.97922
3,250,5.87839
3,251,5.99991
3,252,8.99504
3,253,10.0
3,254,2.99171
3,255,1.97906
3,256,4.9604
3,257,0.00581574
3,258,7.93158
3,259,6.82689
3,260,0.0
3,261,0.0
3,262,0.917903
3,263,6.0751
3,264,6.14975
3,265,5.95167
3,266,8.00727
3,267,2.0
3,268,5.02206
3,269,9.93742
3,270,7.14303
3,271,3.81184
3,272,9.96959
3,273,0.00998637
3,274,3.99169
3,275,9.90221
3,276,7.92845
3,277,5.10922
3,278,5.88155
3,279,5.91543
3,280,2.05759
3,281,5.85355
3,282,5.08458
3,283,9.92627
3,284,9.98222
3,285,6.08453
3,286,5.90321
3,287,4.92978
3,288,4.97216
3,289,5.86295
3,290,1.95575
3,291,9.84576
3,292,4.8036
3,293,2.02666
3,294,8.18079
3,295,4.09319
3,296,4.90866
3,297,8.17779
3,298,3.0
3,299,9.07749
3,300,2.18984
3,301,7.98725
3,302,6.15305
3,303,2.0655
3,304,9.92521
3,305,7.84008
3,306,5.93635
3,307,5.90812
3,308,9.80953
3,309,2.10065
3,310,1.88872
3,311,6.09989
3,312,7.85798
3,313,8.0
3,314,8.02962
3,315,5.03569
3,316,0.0202657
3,317,7.16281
3,318,9.90643
3,319,1.87851
3,320,1.85557
3,321,1.85968
3,322,4.83973
3,323,4.89663
3,324,5.00943
3,325,4.83726
3,326,2.11305
3,327,8.0
3,328,2.09283
3,329,2.1304
3,330,9.03983
3,331,9.0
3,332,9.91909
3,333,9.82555
3,334,6.0
3,335,5.0
3,336,8.00171
3,337,2.18863
3,338,9.98889
3,339,9.93304
3,340,5.12866
3,341,4.95544
3,342,2.09151
3,343,4.0
3,344,7.08973
3,345,1.86279
3,346,3.15148
3,347,5.0833
3,348,5.81777
3,349,4.8411
3,350,9.85423
3,351,4.80642
3,352,8.15662
3,353,0.0584364
3,354,9.99604
3,355,0.0
3,356,5.1072
3,357,0.0924913
3,358,9.93536
3,359,9.96771
3,360,0.153632
3,361,7.0
3,362,5.80029
3,363,5.901
3,364,4.88075
3,365,8.08636
3,366,9.96575
3,367,5.15878
3,368,6.01976
3,369,4.0
3,370,3.99076
3,371,5.04604
3,372,2.1594
3,373,6.16543
3,374,1.98333
3,375,8.19153
3,376,9.18299
3,377,2.0
3,378,0.176727
3,379,9.98628
3,380,9.85554
3,381,9.8609
3,382,9.91626
3,383,2.14249
3,384,-1.0
3,385,3.832
3,386,0.0811999
3,387,6.08257
3,388,7.96146
3,389,8.16628
3,390,0.186232
3,391,1.01813
3,392,-0.955916
3,393,0.0309196
3,394,2.18763
3,395,0.0657956
3,396,1.86861
3,397,1.0
3,398,7.09169
3,399,0.170927
3,400,7.90517
3,401,0.104861
3,402,0.0396052
3,403,0.0510981
3,404,0.0
3,405,0.845992
4,1,5.96473
4,2,3.89279
4,3,4.11523
4,4,6.80301
4,5,9.0
4,6,7.0
4,7,4.16381
4,8,2.09057
4,9,7.1252
4,10,9.89579
4,11,7.16895
4,12,9.0901
4,13,4.0
4,14,9.84104
4,15,9.93215
4,16,9.8597
4,17,1.93205
4,18,6.84916
4,19,5.9217
4,20,6.18067
4,21,7.0
4,22,4.0
4,23,5.98281
4,24,9.07179
4,25,1.1111
4,26,6.08584
4,27,1.06594
4,28,7.87518
4,29,4.0
4,30,3.99935
4,31,5.86112
4,32,5.91268
4,33,5.94932
4,34,9.14447
4,35,0.839429
4,36,6.16147
4,37,9.91075
4,38,5.9169
4,39,6.00986
4,40,3.0471
4,41,6.0
4,42,1.99328
4,43,4.98876
4,44,6.15199
4,45,9.83186
4,46,8.04659
4,47,9.0
4,48,6.80707
4,49,6.13231
4,50,5.97495
4,51,8.91652
4,52,7.15096
4,53,9.81077
4,54,3.0
4,55,5.87598
4,56,8.18262
4,57,8.09506
4,58,6.0
4,59,5.88859
4,60,7.97759
4,61,9.03102
4,62,9.91328
4,63,7.049
4,64,5.98744
4,65,6.17736
4,66,7.14247
4,67,9.1597
4,68,6.14349
4,69,9.07076
4,70,6.0181
4,71,0.930471
4,72,5.99628
4,73,5.989
4,74,9.10998
4,75,0.882593
4,76,6.17789
4,77,10.0
4,78,4.13094
4,79,1.91566
4,80,9.05755
4,81,6.17693
4,82,6.17108
4,83,8.0
4,84,5.90214
4,85,2.18555
4,86,9.0
4,87,5.9418
4,88,4.08018
4,89,5.85622
4,90,4.83171
4,91,5.0
4,92,9.89288
4,93,9.84249
4,94,6.82621
4,95,9.07702
4,96,6.0
4,97,5.95479
4,98,10.0
4,99,7.06246
4,100,5.9238
4,101,6.06046
4,102,9.0
4,103,9.16906
4,104,8.97661
4,105,9.1248
4,106,7.05432
4,107,5.87707
4,108,5.8196
4,109,7.86106
4,110,7.93749
4,111,8.16044
4,112,3.96097
4,113,10.0
4,114,7.18768
4,115,3.98182
4,116,8.86866
4,117,6.88585
4,118,7.00652
4,119,5.81554
4,120,2.04893
4,121,10.0
4,122,9.92054
4,123,9.8203
4,124,2.02025
4,125,8.0
4,126,6.05167
4,127,2.06354
4,128,3.0454
4,129,8.86561
4,130,8.91043
4,131,3.97568
4,132,7.0
4,133,8.0
4,134,8.13187
4,135,3.82223
4,136,8.02915
4,137,7.98639
4,138,7.96141
4,139,9.0
4,140,5.88819
4,141,10.0
4,142,2.0857
4,143,5.81293
4,144,6.0852
4,145,6.1547
4,146,5.81955
4,147,9.94787
4,148,9.95808
4,149,9.85765
4,150,8.16902
4,151,8.17069
4,152,7.88341
4,153,7.04095
4,154,6.06953
4,155,1.93606
4,156,2.03876
4,157,6.19541
4,158,7.0
4,159,7.1062
4,160,6.0
4,161,7.8261
4,162,7.8958
4,163,5.86275
4,164,5.86456
4,165,5.9499
4,166,6.06271
4,167,1.93774
4,168,5.82798
4,169,7.0
4,170,6.92406
4,171,3.0
4,172,6.12402
4,173,6.0
4,174,8.0
4,175,2.0
4,176,6.0
4,177,1.0421
4,178,6.98011
4,179,7.01042
4,180,7.0
4,181,7.10247
4,182,1.05237
4,183,7.09001
4,184,4.0
4,185,2.0
4,186,2.05763
4,187,1.91672
4,188,6.00742
4,189,7.12443
4,190,8.18443
4,191,7.17691
4,192,5.84603
4,193,0.803793
4,194,7.89683
4,195,7.0
4,196,7.15379
4,197,7.10003
4,198,2.0
4,199,2.14597
4,200,4.14468
4,201,9.84345
4,202,2.03225
4,203,9.02104
4,204,9.9264
4,205,5.92798
4,206,9.0
4,207,1.0
4,208,5.83715
4,209,2.05449
4,210,1.90959
4,211,7.04581
4,212,1.14611
4,213,6.01874
4,214,7.13272
4,215,7.10014
4,216,1.14649
4,217,7.07834
4,218,8.10193
4,219,7.99737
4,220,8.07148
4,221,8.09878
4,222,7.87717
4,223,7.95682
4,224,8.17959
4,225,7.94343
4,226,5.97639
4,227,9.86675
4,228,5.94107
4,229,5.91072
4,230,6.12204
4,231,6.03434
4,232,6.16008
4,233,9.95136
4,234,7.10036
4,235,2.0435
4,236,6.82542
4,237,7.16741
4,238,9.82521
4,239,1.93463
4,240,1.05465
4,241,0.860879
4,242,0.916334
4,243,1.17076
4,244,6.0
4,245,9.98677
4,246,1.0
4,247,7.14399
4,248,8.0
4,249,8.07853
4,250,7.18633
4,251,6.88014
4,252,6.01899
4,253,4.0
4,254,9.15154
4,255,6.01607
4,256,7.96091
4,257,6.08974
4,258,1.03327
4,259,7.16761
4,260,4.0
4,261,8.0
4,262,6.86871
4,263,6.18463
4,264,6.9711
4,265,7.02786
4,266,9.81357
4,267,6.0
4,268,9.80951
4,269,9.11355
4,270,2.09913
4,271,6.16297
4,272,7.9392
4,273,5.91624
4,274,6.00286
4,275,8.18723
4,276,8.02543
4,277,2.01386
4,278,5.84398
4,279,5.93274
4,280,6.1869
4,281,6.02512
4,282,7.16984
4,283,7.91389
4,284,7.92984
4,285,7.00789
4,286,6.97436
4,287,9.91738
4,288,9.90803
4,289,6.03085
4,290,5.93561
4,291,8.12313
4,292,9.84497
4,293,5.81915
4,294,6.96698
4,295,9.07548
4,296,7.16168
4,297,6.09102
4,298,9.0
4,299,6.12634
4,300,7.12717
4,301,7.01175
4,302,6.88057
4,303,6.93733
4,304,6.99027
4,305,6.92809
4,306,6.02183
4,307,5.81988
4,308,8.15206
4,309,6.14196
4,310,7.02004
4,311,5.93783
4,312,7.92673
4,313,8.0
4,314,7.9719
4,315,9.80575
4,316,7.14969
4,317,6.99479
4,318,7.98708
4,319,6.00461
4,320,5.82316
4,321,6.02374
4,322,9.9788
4,323,9.87918
4,324,9.85964
4,325,9.95199
4,326,5.87801
4,327,7.0
4,328,7.02824
4,329,6.94845
4,330,5.80536
4,331,6.0
4,332,3.99066
4,333,3.81859
4,334,6.0
4,335,2.0
4,336,6.10263
4,337,6.10031
4,338,8.00562
4,339,4.01254
4,340,9.80654
4,341,7.01259
4,342,7.08155
4,343,1.0
4,344,7.01196
4,345,6.0956
4,346,9.10786
4,347,9.8811
4,348,6.09044
4,349,1.88664
4,350,8.0731
4,351,9.88815
4,352,6.82761
4,353,0.876219
4,354,7.8136
4,355,7.0
4,356,9.86195
4,357,1.91774
4,358,9.01877
4,359,8.83029
4,360,6.88136
4,361,6.0
4,362,5.89964
4,363,6.08411
4,364,9.89695
4,365,6.91388
4,366,3.98201
4,367,1.99298
4,368,6.17568
4,369,6.0
4,370,5.82859
4,371,1.96943
4,372,6.86189
4,373,5.95107
4,374,6.93008
4,375,5.92351
4,376,5.88291
4,377,7.0
4,378,1.80526
4,379,4.07774
4,380,7.88889
4,381,6.89506
4,382,3.87411
4,383,6.88903
4,384,7.0
4,385,0.992347
4,386,6.0174
4,387,5.9815
4,388,1.00944
4,389,1.08407
4,390,1.03852
4,391,4.10838
4,392,7.16965
4,393,7.11234
4,394,7.08452
4,395,1.17158
4,396,5.86894
4,397,7.0
4,398,2.0897
4,399,5.83364
4,400,1.09571
4,401,1.12613
4,402,1.87417
4,403,8.03668
4,404,1.0
4,405,6.92507
5,1,5.92162
5,2,3.16095
5,3,2.93113
5,4,6.89254
5,5,5.0
5,6,7.0
5,7,2.89701
5,8,5.16998
5,9,4.93702
5,10,4.84043
5,11,5.10184
5,12,6.02116
5,13,3.0
5,14,5.00897
5,15,4.84506
5,16,4.88949
5,17,5.86786
5,18,7.15448
5,19,0.0116544
5,20,4.83733
5,21,5.0
5,22,5.0
5,23,0.0181591
5,24,8.07298
5,25,2.9111
5,26,0.0643085
5,27,2.80912
5,28,0.13332
5,29,5.0
5,30,3.18544
5,31,2.80016
5,32,2.84776
5,33,0.0791822
5,34,5.90227
5,35,1.11484
5,36,0.154514
5,37,4.91331
5,38,4.88629
5,39,4.8066
5,40,2.8898
5,41,2.0
5,42,0.892583
5,43,0.978443
5,44,4.05141
5,45,4.83459
5,46,0.988423
5,47,3.0
5,48,5.08719
5,49,6.14584
5,50,0.0932983
5,51,5.81362
5,52,7.09335
5,53,5.18817
5,54,3.0
5,55,4.07338
5,56,0.0246196
5,57,0.00183363
5,58,3.0
5,59,3.1715
5,60,0.15015
5,61,6.10607
5,62,4.96796
5,63,7.18518
5,64,2.91749
5,65,3.17271
5,66,7.03859
5,67,6.13049
5,68,0.00847147
5,69,8.14035
5,70,2.83879
5,71,2.99126
5,72,3.01644
5,73,3.00372
5,74,5.97062
5,75,2.12907
5,76,1.8488
5,77,4.0
5,78,5.01194
5,79,5.83141
5,80,6.1922
5,81,8.01651
5,82,0.0197224
5,83,2.0
5,84,4.90439
5,85,6.15614
5,86,8.0
5,87,6.01387
5,88,3.0546
5,89,0.0778257
5,90,1.09366
5,91,1.0
5,92,5.0763
5,93,4.00285
5,94,5.15726
5,95,6.09683
5,96,6.0
5,97,5.8467
5,98,3.0
5,99,8.16162
5,100,6.12489
5,101,4.87938
5,102,2.0
5,103,1.80295
5,104,2.14754
5,105,1.8199
5,106,7.0236
5,107,4.8052
5,108,6.07227
5,109,1.12384
5,110,1.00254
5,111,1.18357
5,112,0.807438
5,113,9.0
5,114,7.05294
5,115,1.00485
5,116,6.13537
5,117,8.19828
5,118,7.01529
5,119,5.15966
5,120,6.1268
5,121,5.0
5,122,4.93453
5,123,4.8029
5,124,1.18615
5,125,1.0
5,126,4.8278
5,127,4.85796
5,128,3.10709
5,129,3.13486
5,130,2.87904
5,131,1.07005
5,132,5.0
5,133,0.0
5,134,0.937262
5,135,0.849563
5,136,0.102781
5,137,0.148116
5,138,0.114704
5,139,4.0
5,140,5.04152
5,141,5.0
5,142,5.84734
5,143,4.99821
5,144,5.09311
5,145,5.15699
5,146,4.83159
5,147,4.84483
5,148,3.05142
5,149,3.11086
5,150,0.865676
5,151,0.951759
5,152,1.11796
5,153,8.02971
5,154,5.04246
5,155,5.80226
5,156,5.99378
5,157,4.96204
5,158,7.0
5,159,7.14298
5,160,0.0
5,161,0.152807
5,162,0.870092
5,163,5.08554
5,164,5.0405
5,165,4.02849
5,166,4.84483
5,167,0.862017
5,168,5.19415
5,169,2.0
5,170,2.02847
5,171,7.0
5,172,6.09401
5,173,4.0
5,174,5.0
5,175,5.0
5,176,0.0
5,177,0.829608
5,178,7.07809
5,179,6.90928
5,180,5.0
5,181,5.19977
5,182,0.982568
5,183,6.86691
5,184,6.0
5,185,0.0
5,186,1.03957
5,187,1.1146
5,188,5.95184
5,189,1.97863
5,190,0.064776
5,191,6.90982
5,192,0.0528691
5,193,0.801044
5,194,0.0891518
5,195,2.0
5,196,1.89936
5,197,4.91584
5,198,1.0
5,199,0.913021
5,200,1.10556
5,201,5.08998
5,202,6.14858
5,203,6.16754
5,204,2.93276
5,205,4.89764
5,206,6.0
5,207,1.0
5,208,0.0607009
5,209,6.06036
5,210,5.97474
5,211,3.03565
5,212,3.08748
5,213,0.0726203
5,214,2.9261
5,215,7.90102
5,216,2.96265
5,217,5.03774
5,218,0.0568414
5,219,0.120352
5,220,0.0483722
5,221,0.197635
5,222,0.00508893
5,223,0.0146428
5,224,0.0302203
5,225,0.175192
5,226,5.87583
5,227,3.01657
5,228,6.12947
5,229,6.14052
5,230,4.91152
5,231,6.18847
5,232,4.85647
5,233,2.81054
5,234,3.19664
5,235,5.87921
5,236,7.93508
5,237,6.8865
5,238,2.98705
5,239,5.85009
5,240,1.10471
5,241,1.09098
5,242,0.980113
5,243,0.995578
5,244,5.0
5,245,4.81029
5,246,1.0
5,247,6.89962
5,248,7.0
5,249,1.15597
5,250,6.92376
5,251,6.99173
5,252,0.0786123
5,253,1.0
5,254,2.95559
5,255,4.05355
5,256,4.85646
5,257,0.176193
5,258,0.915703
5,259,6.83803
5,260,0.0
5,261,0.0
5,262,2.00516
5,263,5.06346
5,264,6.97669
5,265,7.01496
5,266,5.06767
5,267,6.0
5,268,3.18817
5,269,6.07219
5,270,4.83605
5,271,6.17606
5,272,0.818466
5,273,0.0302892
5,274,6.07856
5,275,1.15166
5,276,0.0138239
5,277,5.86697
5,278,4.8436
5,279,4.97086
5,280,4.04143
5,281,4.84727
5,282,5.18328
5,283,1.15069
5,284,1.15624
5,285,6.92769
5,286,7.1568
5,287,2.98444
5,288,2.86996
5,289,5.04388
5,290,5.91506
5,291,1.01378
5,292,3.08449
5,293,6.17087
5,294,7.98727
5,295,2.80712
5,296,4.93581
5,297,6.10349
5,298,3.0
5,299,0.0951997
5,300,3.04832
5,301,7.89091
5,302,7.01866
5,303,2.95726
5,304,5.187
5,305,8.12211
5,306,5.10811
5,307,4.84399
5,308,0.0940426
5,309,4.04582
5,310,2.92466
5,311,4.97954
5,312,0.0259546
5,313,0.0
5,314,0.0481494
5,315,3.1582
5,316,6.94646
5,317,7.14418
5,318,0.817763
5,319,5.95848
5,320,5.99096
5,321,6.02771
5,322,3.08893
5,323,2.82
5,324,2.80591
5,325,2.8582
5,326,6.07431
5,327,8.0
5,328,2.80016
5,329,3.09323
5,330,0.171064
5,331,0.0
5,332,0.917829
5,333,1.05629
5,334,3.0
5,335,6.0
5,336,6.13106
5,337,6.18838
5,338,0.959028
5,339,1.17467
5,340,2.81067
5,341,4.87922
5,342,2.96973
5,343,3.0
5,344,5.18699
5,345,5.88015
5,346,2.92165
5,347,2.82865
5,348,4.90314
5,349,6.05257
5,350,1.14397
5,351,3.09462
5,352,7.80739
5,353,2.02329
5,354,1.17223
5,355,7.0
5,356,2.97982
5,357,1.10685
5,358,5.82505
5,359,5.80304
5,360,7.07244
5,361,8.0
5,362,0.048348
5,363,5.11717
5,364,2.8252
5,365,8.19665
5,366,1.13125
5,367,6.10534
5,368,5.1553
5,369,6.0
5,370,5.89891
5,371,5.89999
5,372,3.1903
5,373,4.85646
5,374,3.12919
5,375,5.88173
5,376,0.119396
5,377,3.0
5,378,1.01697
5,379,0.996377
5,380,0.812866
5,381,4.88805
5,382,0.88515
5,383,3.0447
5,384,7.0
5,385,3.11753
5,386,0.103885
5,387,4.88907
5,388,0.85329
5,389,1.0595
5,390,1.0757
5,391,5.85934
5,392,7.09165
5,393,6.80977
5,394,2.84577
5,395,1.97638
5,396,4.08586
5,397,5.0
5,398,4.8701
5,399,0.122397
5,400,1.03374
5,401,1.08818
5,402,0.169002
5,403,0.0689119
5,404,2.0
5,405,2.03278
6,1,4.15467
6,2,4.81043
6,3,5.03509
6,4,6.11845
6,5,6.0
6,6,10.0
6,7,5.17622
6,8,2.97241
6,9,5.80386
6,10,7.95219
6,11,6.17473
6,12,4.90337
6,13,5.0
6,14,6.01076
6,15,8.08129
6,16,5.89914
6,17,3.91818
6,18,5.90017
6,19,4.84483
6,20,6.08068
6,21,7.0
6,22,8.0
6,23,8.01281
6,24,8.14702
6,25,5.81601
6,26,4.85708
6,27,5.97388
6,28,5.19152
6,29,2.0
6,30,4.82696
6,31,3.86192
6,32,4.10491
6,33,3.16098
6,34,4.89036
6,35,2.97363
6,36,8.17089
6,37,8.00908
6,38,6.18763
6,39,6.15673
6,40,4.10144
6,41,3.0
6,42,5.8677
6,43,4.04111
6,44,4.96224
6,45,7.94924
6,46,3.8197
6,47,10.0
6,48,6.85545
6,49,3.98008
6,50,8.10453
6,51,4.94739
6,52,9.89624
6,53,7.85256
6,54,4.0
6,55,5.07272
6,56,7.03539
6,57,7.04071
6,58,4.0
6,59,4.11131
6,60,6.8494
6,61,4.86154
6,62,8.0095
6,63,9.95302
6,64,4.03503
6,65,4.08223
6,66,9.92419
6,67,5.00172
6,68,8.17361
6,69,8.13902
6,70,5.99821
6,71,5.92086
6,72,3.85737
6,73,4.1746
6,74,4.94702
6,75,3.19568
6,76,3.19189
6,77,8.0
6,78,1.98161
6,79,4.04137
6,80,5.05786
6,81,8.81031
6,82,5.13486
6,83,7.0
6,84,5.96202
6,85,4.05247
6,86,8.0
6,87,3.96311
6,88,5.02688
6,89,7.91562
6,90,3.92686
6,91,4.0
6,92,8.07513
6,93,7.81172
6,94,5.93807
6,95,5.10572
6,96,4.0
6,97,7.17251
6,98,5.0
6,99,8.94313
6,100,6.80029
6,101,5.85428
6,102,6.0
6,103,6.03235
6,104,6.00013
6,105,6.06564
6,106,5.90114
6,107,5.98961
6,108,7.14341
6,109,3.80092
6,110,4.13236
6,111,3.97744
6,112,1.98248
6,113,6.0
6,114,6.17732
6,115,1.97785
6,116,4.97973
6,117,8.86816
6,118,5.88429
6,119,6.15172
6,120,3.82731
6,121,4.0
6,122,4.12701
6,123,4.14503
6,124,6.14251
6,125,4.0
6,126,5.98267
6,127,2.87393
6,128,4.06423
6,129,7.17778
6,130,6.90611
6,131,1.83949
6,132,6.0
6,133,5.0
6,134,3.9266
6,135,1.95027
6,136,5.07812
6,137,5.12497
6,138,5.13779
6,139,5.0
6,140,6.06079
6,141,6.0
6,142,4.03707
6,143,6.13051
6,144,6.1347
6,145,6.10984
6,146,6.03004
6,147,5.85421
6,148,5.14733
6,149,5.10237
6,150,3.97686
6,151,4.19132
6,152,4.02486
6,153,9.06287
6,154,6.1388
6,155,4.00928
6,156,4.12952
6,157,6.17972
6,158,6.0
6,159,5.83922
6,160,5.0
6,161,6.92765
6,162,4.13467
6,163,6.16565
6,164,6.1693
6,165,4.96497
6,166,5.90131
6,167,5.96375
6,168,5.91722
6,169,7.0
6,170,7.01433
6,171,5.0
6,172,6.80804
6,173,5.0
6,174,6.0
6,175,3.0
6,176,3.0
6,177,7.05228
6,178,9.80971
6,179,9.80007
6,180,3.0
6,181,7.13362
6,182,7.19228
6,183,9.84478
6,184,4.0
6,185,3.0
6,186,5.85396
6,187,6.11065
6,188,7.02177
6,189,7.06197
6,190,6.94007
6,191,-0.927823
6,192,3.15285
6,193,7.18455
6,194,0.165252
6,195,7.0
6,196,6.9654
6,197,7.19813
6,198,6.0
6,199,6.09387
6,200,2.16136
6,201,3.89165
6,202,4.15101
6,203,5.07005
6,204,5.05351
6,205,5.83043
6,206,5.0
6,207,7.0
6,208,8.10095
6,209,4.03294
6,210,3.83454
6,211,7.02104
6,212,5.97126
6,213,4.84581
6,214,6.91333
6,215,8.92242
6,216,5.8207
6,217,5.86634
6,218,5.06243
6,219,5.16985
6,220,4.97451
6,221,4.95852
6,222,5.08878
6,223,5.1962
6,224,5.18086
6,225,5.143
6,226,4.87597
6,227,4.81023
6,228,4.95227
6,229,5.15294
6,230,5.8885
6,231,4.83497
6,232,6.10356
6,233,4.83264
6,234,6.9099
6,235,3.87642
6,236,8.89425
6,237,-0.910182
6,238,4.82436
6,239,3.87231
6,240,6.93984
6,241,6.94068
6,242,6.81257
6,243,7.01793
6,244,6.0
6,245,6.02147
6,246,3.0
6,247,-0.971167
6,248,7.0
6,249,3.84783
6,250,5.98495
6,251,6.01961
6,252,8.07531
6,253,2.0
6,254,7.16771
6,255,4.88651
6,256,5.99942
6,257,3.01675
6,258,7.12283
6,259,9.80052
6,260,6.0
6,261,0.0
6,262,7.02745
6,263,6.07565
6,264,5.96406
6,265,6.11954
6,266,5.9265
6,267,5.0
6,268,5.15239
6,269,5.19278
6,270,3.19537
6,271,6.80848
6,272,3.89778
6,273,2.87568
6,274,7.16007
6,275,3.96585
6,276,6.87024
6,277,4.08183
6,278,5.93077
6,279,5.95823
6,280,4.96267
6,281,6.18882
6,282,6.88252
6,283,4.17296
6,284,3.96636
6,285,5.95266
6,286,6.04668
6,287,4.84873
6,288,4.87146
6,289,6.04987
6,290,4.9973
6,291,3.88315
6,292,4.92751
6,293,5.18291
6,294,9.00174
6,295,9.83358
6,296,7.08864
6,297,4.00958
6,298,7.0
6,299,7.89397
6,300,7.14005
6,301,8.96169
6,302,6.0943
6,303,7.1131
6,304,5.85021
6,305,9.1264
6,306,6.00813
6,307,5.86331
6,308,4.80582
6,309,5.14221
6,310,7.07673
6,311,6.07987
6,312,7.1274
6,313,7.0
6,314,7.14993
6,315,5.19048
6,316,-0.907544
6,317,9.92762
6,318,4.06725
6,319,4.8556
6,320,5.05183
6,321,4.91662
6,322,5.0819
6,323,5.03489
6,324,5.13478
6,325,4.92351
6,326,5.15912
6,327,9.0
6,328,6.8199
6,329,6.97626
6,330,7.85871
6,331,8.0
6,332,1.82172
6,333,2.09225
6,334,6.0
6,335,4.0
6,336,4.16897
6,337,4.84499
6,338,4.16318
6,339,2.14324
6,340,4.98496
6,341,7.06071
6,342,6.89338
6,343,6.0
6,344,3.15486
6,345,4.84649
6,346,7.13131
6,347,4.80682
6,348,6.04763
6,349,3.91698
6,350,3.82575
6,351,5.1022
6,352,8.86379
6,353,3.16781
6,354,3.93151
6,355,-1.0
6,356,4.95743
6,357,5.80743
6,358,5.02195
6,359,4.82365
6,360,-0.93563
6,361,9.0
6,362,4.92641
6,363,6.17761
6,364,5.15963
6,365,9.0067
6,366,2.05701
6,367,3.89578
6,368,6.07691
6,369,7.0
6,370,7.0696
6,371,3.91163
6,372,6.95562
6,373,5.99732
6,374,7.06411
6,375,4.15536
6,376,8.03138
6,377,7.0
6,378,5.97016
6,379,1.86498
6,380,3.80037
6,381,5.94717
6,382,1.8418
6,383,7.14656
6,384,7.0
6,385,5.84925
6,386,3.15739
6,387,5.99295
6,388,6.85563
6,389,7.09565
6,390,3.05259
6,391,3.87832
6,392,7.13156
6,393,-0.846617
6,394,6.91153
6,395,3.10496
6,396,5.14533
6,397,8.0
6,398,2.91934
6,399,2.86448
6,400,6.93774
6,401,2.86446
6,402,3.15588
6,403,0.126471
6,404,3.0
6,405,7.04649
7,1,8.80315
7,2,2.84402
7,3,2.99712
7,4,7.14118
7,5,5.0
7,6,7.0
7,7,2.82277
7,8,9.88245
7,9,9.83263
7,10,4.89883
7,11,9.83557
7,12,8.08212
7,13,3.0
7,14,9.06069
7,15,4.94942
7,16,8.93499
7,17,9.89065
7,18,7.05536
7,19,4.16207
7,20,7.86962
7,21,8.0
7,22,6.0
7,23,7.87564
7,24,1.08415
7,25,9.99118
7,26,4.14392
7,27,9.96658
7,28,9.95503
7,29,2.0
7,30,2.87222
7,31,7.15417
7,32,7.03705
7,33,9.83543
7,34,8.02993
7,35,5.11119
7,36,7.99359
7,37,4.89761
7,38,7.94008
7,39,7.8003
7,40,7.01033
7,41,7.0
7,42,4.00032
7,43,1.17125
7,44,2.89406
7,45,4.95173
7,46,7.15139
7,47,7.0
7,48,7.88668
7,49,9.16138
7,50,7.85332
7,51,7.84729
7,52,6.99598
7,53,5.06075
7,54,7.0
7,55,3.01169
7,56,6.98136
7,57,7.18321
7,58,7.0
7,59,6.92013
7,60,6.86843
7,61,8.16714
7,62,5.09106
7,63,7.07028
7,64,6.91045
7,65,7.1413
7,66,6.83282
7,67,8.08258
7,68,8.03892
7,69,0.823575
7,70,8.09264
7,71,9.90251
7,72,6.92295
7,73,7.18829
7,74,7.81266
7,75,9.82708
7,76,7.19898
7,77,8.0
7,78,2.18496
7,79,9.84298
7,80,8.16343
7,81,6.81544
7,82,3.83028
7,83,5.0
7,84,7.9241
7,85,9.98556
7,86,1.0
7,87,9.06724
7,88,2.88459
7,89,7.86143
7,90,1.00784
7,91,1.0
7,92,5.01743
7,93,7.93972
7,94,9.85146
7,95,8.10277
7,96,9.0
7,97,6.80412
7,98,9.0
7,99,4.90381
7,100,6.86582
7,101,7.95915
7,102,10.0
7,103,9.80074
7,104,9.84796
7,105,9.96077
7,106,7.02682
7,107,8.04948
7,108,6.95771
7,109,6.96164
7,110,6.95238
7,111,7.16263
7,112,4.86071
7,113,10.0
7,114,6.94399
7,115,5.04103
7,116,8.04355
7,117,4.87215
7,118,6.87196
7,119,8.05177
7,120,9.8509
7,121,7.0
7,122,6.95589
7,123,7.00381
7,124,3.86135
7,125,7.0
7,126,7.84949
7,127,9.84054
7,128,7.01268
7,129,8.13611
7,130,7.9391
7,131,4.86686
7,132,10.0
7,133,10.0
7,134,6.9963
7,135,4.83583
7,136,9.83167
7,137,9.92335
7,138,9.88362
7,139,10.0
7,140,8.09761
7,141,9.0
7,142,9.82923
7,143,8.19182
7,144,7.87281
7,145,7.80097
7,146,7.90279
7,147,8.93701
7,148,9.11882
7,149,8.99021
7,150,6.81925
7,151,6.94236
7,152,7.03471
7,153,4.92845
7,154,8.15218
7,155,9.91226
7,156,9.82769
7,157,7.84154
7,158,7.0
7,159,7.02486
7,160,4.0
7,161,7.10966
7,162,6.95474
7,163,8.12365
7,164,8.12543
7,165,3.11123
7,166,8.10785
7,167,4.14172
7,168,7.89329
7,169,3.0
7,170,2.80357
7,171,10.0
7,172,6.96549
7,173,3.0
7,174,10.0
7,175,10.0
7,176,10.0
7,177,3.97813
7,178,6.8123
7,179,6.83729
7,180,7.0
7,181,7.89355
7,182,4.01211
7,183,7.13078
7,184,10.0
7,185,10.0
7,186,3.93235
7,187,4.13899
7,188,7.14629
7,189,9.8104
7,190,6.82213
7,191,8.00792
7,192,9.95597
7,193,4.19338
7,194,2.99129
7,195,10.0
7,196,9.99101
7,197,7.86269
7,198,4.0
7,199,4.08758
7,200,4.92761
7,201,7.07785
7,202,9.89707
7,203,8.01753
7,204,8.94779
7,205,8.1664
7,206,8.0
7,207,4.0
7,208,8.15138
7,209,9.91461
7,210,9.85342
7,211,7.07914
7,212,9.90464
7,213,3.82469
7,214,6.8279
7,215,4.94119
7,216,9.88638
7,217,9.91583
7,218,9.97231
7,219,9.97544
7,220,9.87113
7,221,9.87203
7,222,9.89269
7,223,9.97229
7,224,9.83723
7,225,9.95877
7,226,9.8759
7,227,9.11921
7,228,9.99438
7,229,9.81021
7,230,7.85287
7,231,9.89837
7,232,7.9996
7,233,9.15287
7,234,6.99051
7,235,9.83161
7,236,5.15848
7,237,7.86741
7,238,8.9726
7,239,9.95683
7,240,4.19672
7,241,4.04218
7,242,3.85767
7,243,3.98309
7,244,8.0
7,245,8.96901
7,246,5.0
7,247,7.80475
7,248,10.0
7,249,7.01173
7,250,7.12407
7,251,7.06524
7,252,8.05417
7,253,5.0
7,254,8.04889
7,255,2.91671
7,256,9.95197
7,257,9.83824
7,258,4.02934
7,259,7.10075
7,260,4.0
7,261,3.0
7,262,3.19595
7,263,7.90953
7,264,6.85783
7,265,6.88211
7,266,8.83896
7,267,10.0
7,268,9.04282
7,269,8.0039
7,270,9.89684
7,271,6.82548
7,272,6.8416
7,273,9.84713
7,274,6.89505
7,275,6.91003
7,276,7.00681
7,277,9.94065
7,278,8.19485
7,279,8.06966
7,280,2.84579
7,281,7.90588
7,282,7.80508
7,283,6.83007
7,284,7.00403
7,285,6.99517
7,286,7.18388
7,287,8.85761
7,288,8.80977
7,289,7.94358
7,290,9.90297
7,291,6.96503
7,292,8.92754
7,293,9.98489
7,294,5.14584
7,295,7.13622
7,296,7.80251
7,297,9.11929
7,298,8.0
7,299,7.84816
7,300,7.14981
7,301,5.16594
7,302,6.82731
7,303,7.08543
7,304,9.82877
7,305,4.90608
7,306,8.05692
7,307,7.9094
7,308,9.91982
7,309,2.80656
7,310,7.03265
7,311,7.93656
7,312,7.0912
7,313,7.0
7,314,7.06022
7,315,9.01852
7,316,7.95653
7,317,6.86606
7,318,7.1991
7,319,9.89945
7,320,9.9531
7,321,9.93139
7,322,9.14752
7,323,8.94031
7,324,8.91012
7,325,9.08596
7,326,9.88411
7,327,5.0
7,328,6.95315
7,329,6.8905
7,330,7.88034
7,331,8.0
7,332,4.86167
7,333,5.09056
7,334,8.0
7,335,10.0
7,336,9.05818
7,337,9.81077
7,338,6.89597
7,339,4.84211
7,340,9.13614
7,341,7.97157
7,342,6.91216
7,343,10.0
7,344,6.83429
7,345,9.87721
7,346,8.16915
7,347,9.09507
7,348,7.96529
7,349,9.85495
7,350,7.15356
7,351,9.01393
7,352,4.80629
7,353,9.84695
7,354,6.88556
7,355,8.0
7,356,8.90859
7,357,3.95286
7,358,8.1423
7,359,7.80932
7,360,8.06026
7,361,7.0
7,362,3.89066
7,363,8.08857
7,364,8.8543
7,365,5.14331
7,366,5.09596
7,367,9.81787
7,368,7.84849
7,369,7.0
7,370,7.05472
7,371,9.82688
7,372,6.94879
7,373,8.05218
7,374,6.86944
7,375,9.0956
7,376,8.09689
7,377,7.0
7,378,4.0281
7,379,5.01437
7,380,6.81134
7,381,9.83779
7,382,4.89008
7,383,6.96356
7,384,8.0
7,385,9.86154
7,386,9.98172
7,387,8.08167
7,388,4.19938
7,389,3.8119
7,390,4.80445
7,391,9.85715
7,392,7.96613
7,393,8.06703
7,394,7.15097
7,395,9.95443
7,396,3.09051
7,397,10.0
7,398,9.86093
7,399,9.84528
7,400,3.90883
7,401,5.14032
7,402,9.91677
7,403,3.1
7,404,10.0
7,405,9.92313
8,1,7.03921
8,2,7.8545
8,3,8.03734
8,4,9.19842
8,5,8.0
8,6,10.0
8,7,8.11006
8,8,4.8476
8,9,9.94314
8,10,7.93034
8,11,9.9929
8,12,9.17886
8,13,8.0
8,14,7.09172
8,15,8.00355
8,16,7.07502
8,17,5.19812
8,18,8.80767
8,19,2.89574
8,20,6.96859
8,21,5.0
8,22,7.0
8,23,8.81177
8,24,6.86802
8,25,1.02609
8,26,2.80875
8,27,0.949517
8,28,5.12437
8,29,5.0
8,30,8.00095
8,31,5.9323
8,32,5.80613
8,33,9.9004
8,34,8.94919
8,35,2.99182
8,36,8.95339
8,37,8.19011
8,38,6.82427
8,39,6.87702
8,40,9.19349
8,41,8.0
8,42,5.94344
8,43,4.98022
8,44,6.12206
8,45,8.02411
8,46,8.89808
8,47,9.0
8,48,5.05342
8,49,6.93846
8,50,9.0614
8,51,9.02631
8,52,9.96157
8,53,7.92533
8,54,9.0
8,55,6.1357
8,56,5.11391
8,57,4.82763
8,58,6.0
8,59,6.08304
8,60,4.92766
8,61,9.14334
8,62,7.92201
8,63,9.85181
8,64,6.07726
8,65,5.91608
8,66,9.91284
8,67,9.02119
8,68,9.19605
8,69,7.06518
8,70,0.854421
8,71,0.824077
8,72,5.94057
8,73,6.15643
8,74,9.14666
8,75,6.14869
8,76,7.89316
8,77,6.0
8,78,5.06733
8,79,4.80146
8,80,8.97876
8,81,9.95374
8,82,3.18686
8,83,7.0
8,84,6.94445
8,85,5.03087
8,86,7.0
8,87,7.08443
8,88,8.07205
8,89,8.82727
8,90,4.90859
8,91,5.0
8,92,8.08422
8,93,5.97046
8,94,9.8478
8,95,8.80811
8,96,7.0
8,97,5.17403
8,98,8.0
8,99,8.90342
8,100,5.14748
8,101,6.84444
8,102,5.0
8,103,4.97484
8,104,5.04947
8,105,4.98896
8,106,8.8366
8,107,6.84028
8,108,4.98524
8,109,9.08056
8,110,8.95915
8,111,8.87587
8,112,1.90551
8,113,8.0
8,114,9.11631
8,115,1.92114
8,116,8.83104
8,117,9.1482
8,118,9.19285
8,119,7.18214
8,120,4.9114
8,121,6.0
8,122,6.08173
8,123,5.96574
8,124,6.08424
8,125,9.0
8,126,7.06988
8,127,5.18516
8,128,9.08804
8,129,8.12348
8,130,7.81839
8,131,1.97467
8,132,10.0
8,133,5.0
8,134,8.87604
8,135,1.99653
8,136,4.83067
8,137,4.98807
8,138,5.12789
8,139,10.0
8,140,6.851
8,141,7.0
8,142,4.81119
8,143,6.95179
8,144,7.17211
8,145,6.91233
8,146,6.99231
8,147,7.18505
8,148,8.1029
8,149,8.11071
8,150,8.98488
8,151,8.8161
8,152,8.8146
8,153,8.95333
8,154,7.13724
8,155,5.0883
8,156,4.81861
8,157,6.87892
8,158,9.0
8,159,9.09404
8,160,3.0
8,161,4.89781
8,162,8.85195
8,163,7.14912
8,164,7.1382
8,165,6.00465
8,166,6.81537
8,167,6.10373
8,168,6.97514
8,169,7.0
8,170,6.87883
8,171,6.0
8,172,4.93926
8,173,6.0
8,174,5.0
8,175,5.0
8,176,10.0
8,177,7.02382
8,178,9.99998
8,179,9.91093
8,180,8.0
8,181,4.86061
8,182,7.07578
8,183,9.88196
8,184,8.0
8,185,5.0
8,186,5.99984
8,187,6.10006
8,188,5.11633
8,189,5.18656
8,190,5.05856
8,191,8.83593
8,192,9.86409
8,193,6.9911
8,194,2.09236
8,195,5.0
8,196,5.05441
8,197,4.99328
8,198,6.0
8,199,6.14391
8,200,1.84136
8,201,5.83485
8,202,4.95823
8,203,8.83916
8,204,7.86739
8,205,7.10162
8,206,9.0
8,207,7.0
8,208,8.92024
8,209,5.12034
8,210,4.90909
8,211,9.98332
8,212,1.12401
8,213,3.09464
8,214,9.96682
8,215,9.16479
8,216,1.14798
8,217,9.93511
8,218,5.04483
8,219,5.12832
8,220,4.88358
8,221,5.12271
8,222,4.87576
8,223,4.86078
8,224,5.0484
8,225,5.10747
8,226,9.96818
8,227,8.06981
8,228,9.87889
8,229,9.98749
8,230,7.19378
8,231,9.91992
8,232,6.82657
8,233,7.96459
8,234,9.97919
8,235,4.82059
8,236,8.93016
8,237,8.95893
8,238,7.81774
8,239,5.10566
8,240,7.00033
8,241,7.08248
8,242,7.02736
8,243,6.98922
8,244,7.0
8,245,6.93552
8,246,3.0
8,247,8.83931
8,248,10.0
8,249,9.10765
8,250,8.95158
8,251,8.89579
8,252,9.18093
8,253,2.0
8,254,7.86287
8,255,5.92442
8,256,4.98613
8,257,9.86418
8,258,6.94226
8,259,9.96443
8,260,8.0
8,261,2.0
8,262,7.00647
8,263,7.00827
8,264,8.96955
8,265,9.08963
8,266,7.07471
8,267,10.0
8,268,8.01771
8,269,9.18584
8,270,4.82348
8,271,5.01189
8,272,9.01312
8,273,9.84371
8,274,5.01839
8,275,9.16053
8,276,4.81789
8,277,5.01598
8,278,7.15056
8,279,6.85545
8,280,6.173
8,281,7.1637
8,282,4.81129
8,283,9.0299
8,284,8.91344
8,285,9.07278
8,286,9.16355
8,287,7.91455
8,288,7.98372
8,289,6.80451
8,290,9.86489
8,291,8.91532
8,292,7.91036
8,293,9.8347
8,294,9.03489
8,295,8.94537
8,296,4.94638
8,297,6.89648
8,298,8.0
8,299,9.16758
8,300,9.94412
8,301,9.05621
8,302,9.18737
8,303,9.90775
8,304,9.94239
8,305,8.95037
8,306,7.14962
8,307,6.92069
8,308,5.11871
8,309,5.90132
8,310,9.80127
8,311,7.16726
8,312,5.17358
8,313,5.0
8,314,5.04458
8,315,8.02549
8,316,8.91368
8,317,9.83698
8,318,9.17843
8,319,9.98751
8,320,9.97597
8,321,9.97194
8,322,8.02323
8,323,8.16018
8,324,8.15058
8,325,7.88606
8,326,9.87132
8,327,9.0
8,328,9.94912
8,329,9.82599
8,330,9.08876
8,331,9.0
8,332,1.97698
8,333,2.05946
8,334,1.0
8,335,5.0
8,336,6.95838
8,337,9.90566
8,338,8.80817
8,339,2.0126
8,340,8.0783
8,341,5.02678
8,342,9.90411
8,343,1.0
8,344,8.00955
8,345,9.90586
8,346,7.97683
8,347,7.85099
8,348,7.01459
8,349,5.18689
8,350,8.96043
8,351,7.83977
8,352,9.03006
8,353,5.81056
8,354,9.1016
8,355,9.0
8,356,7.89098
8,357,5.99992
8,358,8.99542
8,359,9.02467
8,360,9.01686
8,361,10.0
8,362,2.88558
8,363,6.83724
8,364,8.18506
8,365,8.95499
8,366,1.89579
8,367,5.17218
8,368,7.1161
8,369,5.0
8,370,4.886
8,371,5.12436
8,372,9.98393
8,373,7.17876
8,374,9.90191
8,375,7.12717
8,376,8.90419
8,377,10.0
8,378,6.18027
8,379,2.07408
8,380,8.91194
8,381,9.98792
8,382,1.95905
8,383,9.80897
8,384,10.0
8,385,1.10066
8,386,9.89368
8,387,6.80478
8,388,7.08972
8,389,6.82138
8,390,2.82041
8,391,8.15796
8,392,9.96549
8,393,8.9612
8,394,9.97215
8,395,6.09842
8,396,5.9248
8,397,10.0
8,398,4.94521
8,399,9.80792
8,400,6.85485
8,401,3.0265
8,402,4.80907
8,403,1.85552
8,404,6.0
8,405,5.14632
9,1,
9,2,
9,3,
9,4,
9,5,
9,6,
9,7,
9,8,
9,9,
9,10,
9,11,
9,12,
9,13,
9,14,
9,15,
9,16,
9,17,
9,18,
9,19,
9,20,
9,21,
9,22,
9,23,
9,24,
9,25,
9,26,
9,27,
9,28,
9,29,
9,30,
9,31,
9,32,
9,33,
9,34,
9,35,
9,36,
9,37,
9,38,
9,39,
9,40,
9,41,
9,42,
9,43,
9,44,
9,45,
9,46,
9,47,
9,48,
9,49,
9,50,
9,51,
9,52,
9,53,
9,54,
9,55,
9,56,
9,57,
9,58,
9,59,
9,60,
9,61,
9,62,
9,63,
9,64,
9,65,
9,66,
9,67,
9,68,
9,69,
9,70,
9,71,
9,72,
9,73,
9,74,
9,75,
9,76,
9,77,
9,78,
9,79,
9,80,
9,81,
9,82,
9,83,
9,84,
9,85,
9,86,
9,87,
9,88,
9,89,
9,90,
9,91,
9,92,
9,93,
9,94,
9,95,
9,96,
9,97,
9,98,
9,99,
9,100,
9,101,
9,102,
9,103,
9,104,
9,105,
9,106,
9,107,
9,108,
9,109,
9,110,
9,111,
9,112,
9,113,
9,114,
9,115,
9,116,
9,117,
9,118,
9,119,
9,120,
9,121,
9,122,
9,123,
9,124,
9,125,
9,126,
9,127,
9,128,
9,129,
9,130,
9,131,
9,132,
9,133,
9,134,
9,135,
9,136,
9,137,
9,138,
9,139,
9,140,
9,141,
9,142,
9,143,
9,144,
9,145,
9,146,
9,147,
9,148,
9,149,
9,150,
9,151,
9,152,
9,153,
9,154,
9,155,
9,156,
9,157,
9,158,
9,159,
9,160,
9,161,
9,162,
9,163,
9,164,
9,165,
9,166,
9,167,
9,168,
9,169,
9,170,
9,171,
9,172,
9,173,
9,174,
9,175,
9,176,
9,177,
9,178,
9,179,
9,180,
9,181,
9,182,
9,183,
9,184,
9,185,
9,186,
9,187,
9,188,
9,189,
9,190,
9,191,
9,192,
9,193,
9,194,
9,195,
9,196,
9,197,
9,198,
9,199,
9,200,
9,201,
9,202,
9,203,
9,204,
9,205,
9,206,
9,207,
9,208,
9,209,
9,210,
9,211,
9,212,
9,213,
9,214,
9,215,
9,216,
9,217,
9,218,
9,219,
9,220,
9,221,
9,222,
9,223,
9,224,
9,225,
9,226,
9,227,
9,228,
9,229,
9,230,
9,231,
9,232,
9,233,
9,234,
9,235,
9,236,
9,237,
9,238,
9,239,
9,240,
9,241,
9,242,
9,243,
9,244,
9,245,
9,246,
9,247,
9,248,
9,249,
9,250,
9,251,
9,252,
9,253,
9,254,
9,255,
9,256,
9,257,
9,258,
9,259,
9,260,
9,261,
9,262,
9,263,
9,264,
9,265,
9,266,
9,267,
9,268,
9,269,
9,270,
9,271,
9,272,
9,273,
9,274,
9,275,
9,276,
9,277,
9,278,
9,279,
9,280,
9,281,
9,282,
9,283,
9,284,
9,285,
9,286,
9,287,
9,288,
9,289,
9,290,
9,291,
9,292,
9,293,
9,294,
9,295,
9,296,
9,297,
9,298,
9,299,
9,300,
9,301,
9,302,
9,303,
9,304,
9,305,
9,306,
9,307,
9,308,
9,309,
9,310,
9,311,
9,312,
9,313,
9,314,
9,315,
9,316,
9,317,
9,318,
9,319,
9,320,
9,321,
9,322,
9,323,
9,324,
9,325,
9,326,
9,327,
9,328,
9,329,
9,330,
9,331,
9,332,
9,333,
9,334,
9,335,
9,336,
9,337,
9,338,
9,339,
9,340,
9,341,
9,342,
9,343,
9,344,
9,345,
9,346,
9,347,
9,348,
9,349,
9,350,
9,351,
9,352,
9,353,
9,354,
9,355,
9,356,
9,357,
9,358,
9,359,
9,360,
9,361,
9,362,
9,363,
9,364,
9,365,
9,366,
9,367,
9,368,
9,369,
9,370,
9,371,
9,372,
9,373,
9,374,
9,375,
9,376,
9,377,
9,378,
9,379,
9,380,
9,381,
9,382,
9,383,
9,384,
9,385,
9,386,
9,387,
9,388,
9,389,
9,390,
9,391,
9,392,
9,393,
9,394,
9,395,
9,396,
9,397,
9,398,
9,399,
9,400,
9,401,
9,402,
9,403,
9,404,
9,405,
10,1,
10,2,
10,3,
10,4,
10,5,-1.0
10,6,8.0
10,7,
10,8,
10,9,
10,10,
10,11,
10,12,
10,13,8.0
10,14,
10,15,
10,16,
10,17,
10,18,
10,19,
10,20,
10,21,7.0
10,22,8.0
10,23,
10,24,
10,25,
10,26,
10,27,
10,28,
10,29,6.0
10,30,
10,31,
10,32,
10,33,
10,34,
10,35,
10,36,
10,37,
10,38,
10,39,
10,40,
10,41,9.0
10,42,
10,43,
10,44,
10,45,
10,46,
10,47,7.0
10,48,
10,49,
10,50,
10,51,
10,52,
10,53,
10,54,9.0
10,55,
10,56,
10,57,
10,58,10.0
10,59,
10,60,
10,61,
10,62,
10,63,
10,64,
10,65,
10,66,
10,67,
10,68,
10,69,
10,70,
10,71,
10,72,
10,73,
10,74,
10,75,
10,76,
10,77,7.0
10,78,
10,79,
10,80,
10,81,
10,82,
10,83,10.0
10,84,
10,85,
10,86,4.0
10,87,
10,88,
10,89,
10,90,
10,91,8.0
10,92,
10,93,
10,94,
10,95,
10,96,7.0
10,97,
10,98,8.0
10,99,
10,100,
10,101,
10,102,8.0
10,103,
10,104,
10,105,
10,106,
10,107,
10,108,
10,109,
10,110,
10,111,
10,112,
10,113,6.0
10,114,
10,115,
10,116,
10,117,
10,118,
10,119,
10,120,
10,121,8.0
10,122,
10,123,
10,124,
10,125,8.0
10,126,
10,127,
10,128,
10,129,
10,130,
10,131,
10,132,7.0
10,133,7.0
10,134,
10,135,
10,136,
10,137,
10,138,
10,139,8.0
10,140,
10,141,9.0
10,142,
10,143,
10,144,
10,145,
10,146,
10,147,
10,148,
10,149,
10,150,
10,151,
10,152,
10,153,
10,154,
10,155,
10,156,
10,157,
10,158,7.0
10,159,
10,160,6.0
10,161,
10,162,
10,163,
10,164,
10,165,
10,166,
10,167,
10,168,
10,169,7.0
10,170,
10,171,8.0
10,172,
10,173,8.0
10,174,8.0
10,175,7.0
10,176,7.0
10,177,
10,178,
10,179,
10,180,8.0
10,181,
10,182,
10,183,
10,184,8.0
10,185,5.0
10,186,
10,187,
10,188,
10,189,
10,190,
10,191,
10,192,
10,193,
10,194,
10,195,8.0
10,196,
10,197,
10,198,6.0
10,199,
10,200,
10,201,
10,202,
10,203,
10,204,
10,205,
10,206,-1.0
10,207,8.0
10,208,
10,209,
10,210,
10,211,
10,212,
10,213,
10,214,
10,215,
10,216,
10,217,
10,218,
10,219,
10,220,
10,221,
10,222,
10,223,
10,224,
10,225,
10,226,
10,227,
10,228,
10,229,
10,230,
10,231,
10,232,
10,233,
10,234,
10,235,
10,236,
10,237,
10,238,
10,239,
10,240,
10,241,
10,242,
10,243,
10,244,8.0
10,245,
10,246,7.0
10,247,
10,248,4.0
10,249,
10,250,
10,251,
10,252,
10,253,7.0
10,254,
10,255,
10,256,
10,257,
10,258,
10,259,
10,260,8.0
10,261,7.0
10,262,
10,263,
10,264,
10,265,
10,266,
10,267,9.0
10,268,
10,269,
10,270,
10,271,
10,272,
10,273,
10,274,
10,275,
10,276,
10,277,
10,278,
10,279,
10,280,
10,281,
10,282,
10,283,
10,284,
10,285,
10,286,
10,287,
10,288,
10,289,
10,290,
10,291,
10,292,
10,293,
10,294,
10,295,
10,296,
10,297,
10,298,7.0
10,299,
10,300,
10,301,
10,302,
10,303,
10,304,
10,305,
10,306,
10,307,
10,308,
10,309,
10,310,
10,311,
10,312,
10,313,8.0
10,314,
10,315,
10,316,
10,317,
10,318,
10,319,
10,320,
10,321,
10,322,
10,323,
10,324,
10,325,
10,326,
10,327,10.0
10,328,
10,329,
10,330,
10,331,9.0
10,332,
10,333,
10,334,7.0
10,335,8.0
10,336,
10,337,
10,338,
10,339,
10,340,
10,341,
10,342,
10,343,3.0
10,344,
10,345,
10,346,
10,347,
10,348,
10,349,
10,350,
10,351,
10,352,
10,353,
10,354,
10,355,5.0
10,356,
10,357,
10,358,
10,359,
10,360,
10,361,10.0
10,362,
10,363,
10,364,
10,365,
10,366,
10,367,
10,368,
10,369,9.0
10,370,
10,371,
10,372,
10,373,
10,374,
10,375,
10,376,
10,377,9.0
10,378,
10,379,
10,380,
10,381,
10,382,
10,383,
10,384,10.0
10,385,
10,386,
10,387,
10,388,
10,389,
10,390,
10,391,
10,392,
10,393,
10,394,
10,395,
10,396,
10,397,8.0
10,398,
10,399,
10,400,
10,401,
10,402,
10,403,
10,404,8.0
10,405,
11,1,4.83385
11,2,3.97277
11,3,4.1658
11,4,5.95439
11,5,6.0
11,6,10.0
11,7,4.09747
11,8,-0.870244
11,9,9.03669
11,10,6.11039
11,11,8.90118
11,12,9.00771
11,13,4.0
11,14,9.91979
11,15,5.91778
11,16,9.98326
11,17,9.9936
11,18,5.94755
11,19,6.09361
11,20,8.81618
11,21,10.0
11,22,7.0
11,23,9.84687
11,24,7.93016
11,25,-0.947552
11,26,6.18737
11,27,-0.868701
11,28,6.99402
11,29,6.0
11,30,4.10318
11,31,6.85162
11,32,6.99666
11,33,6.19034
11,34,9.0553
11,35,-0.802556
11,36,9.91212
11,37,6.01848
11,38,8.88365
11,39,9.1811
11,40,5.12186
11,41,2.0
11,42,1.16255
11,43,1.13964
11,44,9.93427
11,45,6.08098
11,46,7.09382
11,47,9.0
11,48,9.83247
11,49,4.80542
11,50,9.8788
11,51,8.92517
11,52,9.93157
11,53,5.82293
11,54,5.0
11,55,9.83222
11,56,0.0829943
11,57,0.168238
11,58,7.0
11,59,7.10021
11,60,0.15938
11,61,8.95331
11,62,6.17158
11,63,9.99232
11,64,7.1144
11,65,7.19439
11,66,9.84374
11,67,8.92688
11,68,9.92896
11,69,7.80349
11,70,-0.832708
11,71,-0.973724
11,72,6.86467
11,73,7.16069
11,74,9.07069
11,75,-0.85157
11,76,1.93404
11,77,1.0
11,78,5.99367
11,79,9.86126
11,80,9.01808
11,81,7.83255
11,82,5.81452
11,83,2.0
11,84,9.04656
11,85,9.94356
11,86,8.0
11,87,5.14354
11,88,4.04513
11,89,9.83978
11,90,0.810982
11,91,1.0
11,92,5.90631
11,93,1.18699
11,94,8.97289
11,95,9.16563
11,96,5.0
11,97,9.91121
11,98,9.0
11,99,7.00905
11,100,9.99456
11,101,8.93548
11,102,9.0
11,103,9.0462
11,104,9.10943
11,105,9.07077
11,106,5.80043
11,107,9.0644
11,108,9.93956
11,109,7.04227
11,110,6.82622
11,111,7.05763
11,112,8.93166
11,113,10.0
11,114,6.17254
11,115,9.14293
11,116,8.92936
11,117,6.90922
11,118,5.96407
11,119,8.9087
11,120,9.88627
11,121,2.0
11,122,2.08955
11,123,2.17152
11,124,0.891657
11,125,7.0
11,126,9.0936
11,127,-0.947741
11,128,4.85511
11,129,7.87618
11,130,7.99902
11,131,8.83871
11,132,9.0
11,133,7.0
11,134,7.15436
11,135,8.91099
11,136,7.0465
11,137,7.00597
11,138,6.92527
11,139,7.0
11,140,8.89834
11,141,10.0
11,142,9.89362
11,143,8.88218
11,144,9.0861
11,145,8.84613
11,146,8.87864
11,147,9.84695
11,148,8.88473
11,149,8.86651
11,150,7.04277
11,151,7.13069
11,152,6.83485
11,153,7.05032
11,154,8.98243
11,155,9.96644
11,156,9.84809
11,157,9.10469
11,158,6.0
11,159,6.1668
11,160,6.0
11,161,0.0196995
11,162,6.97727
11,163,8.82572
11,164,9.1833
11,165,9.8178
11,166,9.18747
11,167,0.996743
11,168,9.18275
11,169,9.0
11,170,9.09024
11,171,-1.0
11,172,9.99632
11,173,10.0
11,174,9.0
11,175,-1.0
11,176,6.0
11,177,0.907152
11,178,9.94649
11,179,9.93152
11,180,9.0
11,181,9.97369
11,182,0.878573
11,183,9.92838
11,184,5.0
11,185,-1.0
11,186,0.988529
11,187,1.16503
11,188,9.92806
11,189,8.9161
11,190,0.142859
11,191,8.97609
11,192,5.81771
11,193,0.846724
11,194,-0.972048
11,195,9.0
11,196,8.95657
11,197,9.93403
11,198,1.0
11,199,1.12964
11,200,8.99916
11,201,1.90403
11,202,9.85347
11,203,8.84021
11,204,8.85662
11,205,8.89765
11,206,9.0
11,207,1.0
11,208,9.97524
11,209,9.8283
11,210,9.81674
11,211,9.84143
11,212,-0.942607
11,213,5.86818
11,214,9.97687
11,215,7.17683
11,216,-0.955311
11,217,9.0888
11,218,7.10683
11,219,7.10409
11,220,6.86987
11,221,6.93171
11,222,6.95085
11,223,7.11234
11,224,7.14506
11,225,6.98864
11,226,4.89102
11,227,9.0114
11,228,5.00494
11,229,5.09321
11,230,9.15967
11,231,4.92515
11,232,9.14314
11,233,9.11558
11,234,9.97395
11,235,9.89802
11,236,6.93387
11,237,8.96544
11,238,8.88101
11,239,9.91942
11,240,1.03889
11,241,1.02074
11,242,1.14379
11,243,0.914417
11,244,9.0
11,245,9.96832
11,246,-1.0
11,247,9.14197
11,248,6.0
11,249,7.00727
11,250,5.96105
11,251,5.96367
11,252,9.91488
11,253,9.0
11,254,8.19072
11,255,9.98219
11,256,8.91972
11,257,6.08759
11,258,1.03552
11,259,9.84923
11,260,9.0
11,261,-1.0
11,262,8.8219
11,263,8.8166
11,264,6.08189
11,265,5.84785
11,266,9.80126
11,267,5.0
11,268,9.00839
11,269,8.80297
11,270,-0.905424
11,271,9.99781
11,272,7.17017
11,273,5.83491
11,274,9.97811
11,275,6.98213
11,276,0.197012
11,277,9.80385
11,278,9.05162
11,279,8.99319
11,280,9.89713
11,281,8.91629
11,282,9.8747
11,283,6.8917
11,284,7.08716
11,285,5.98953
11,286,6.15634
11,287,9.13732
11,288,8.98919
11,289,8.87628
11,290,4.8876
11,291,6.81643
11,292,9.09328
11,293,4.94194
11,294,7.01466
11,295,9.02595
11,296,9.81974
11,297,5.13735
11,298,8.0
11,299,9.92826
11,300,9.92419
11,301,6.96076
11,302,5.97649
11,303,9.83048
11,304,9.19044
11,305,7.03008
11,306,9.00439
11,307,9.06034
11,308,6.9462
11,309,9.87112
11,310,9.90049
11,311,8.86287
11,312,0.0391619
11,313,0.0
11,314,0.039255
11,315,8.9848
11,316,9.14491
11,317,9.80378
11,318,7.06096
11,319,5.1265
11,320,5.05699
11,321,4.99486
11,322,8.98151
11,323,8.95542
11,324,8.99147
11,325,9.02123
11,326,5.19613
11,327,7.0
11,328,9.99554
11,329,9.9496
11,330,9.92763
11,331,10.0
11,332,8.90487
11,333,9.09684
11,334,-1.0
11,335,10.0
11,336,4.94992
11,337,4.82357
11,338,7.0929
11,339,8.90487
11,340,9.14441
11,341,9.89499
11,342,9.86786
11,343,-1.0
11,344,9.1593
11,345,4.91119
11,346,7.8006
11,347,8.90455
11,348,8.89808
11,349,9.97559
11,350,6.864
11,351,9.1987
11,352,7.11831
11,353,-0.822445
11,354,7.1178
11,355,9.0
11,356,9.09793
11,357,0.921091
11,358,8.91247
11,359,9.05535
11,360,9.06525
11,361,8.0
11,362,5.83629
11,363,9.06045
11,364,8.86957
11,365,7.14433
11,366,8.98048
11,367,9.95521
11,368,8.9524
11,369,10.0
11,370,9.82834
11,371,9.8206
11,372,9.83148
11,373,9.17177
11,374,9.94345
11,375,4.92523
11,376,9.98254
11,377,10.0
11,378,0.898873
11,379,9.14069
11,380,6.89156
11,381,9.0433
11,382,9.03685
11,383,9.83618
11,384,10.0
11,385,-0.977728
11,386,6.06199
11,387,8.94353
11,388,1.00043
11,389,0.941331
11,390,-0.926387
11,391,5.00162
11,392,9.85162
11,393,8.813
11,394,9.92157
11,395,-0.849821
11,396,9.92873
11,397,8.0
11,398,-0.878369
11,399,5.93939
11,400,0.919343
11,401,-0.913591
11,402,-0.839198
11,403,-0.9936
11,404,-1.0
11,405,8.92714
12,1,9.93594
12,2,9.95768
12,3,9.82188
12,4,9.96987
12,5,10.0
12,6,10.0
12,7,9.80995
12,8,6.91623
12,9,9.86895
12,10,9.92166
12,11,9.97651
12,12,9.96223
12,13,10.0
12,14,7.81461
12,15,9.89027
12,16,8.19103
12,17,7.82288
12,18,9.92255
12,19,9.93709
12,20,3.19313
12,21,8.0
12,22,10.0
12,23,9.90182
12,24,3.19429
12,25,9.9186
12,26,9.93767
12,27,9.97435
12,28,9.85788
12,29,-1.0
12,30,9.98969
12,31,8.86985
12,32,9.01165
12,33,6.87652
12,34,9.94881
12,35,3.05145
12,36,9.9184
12,37,9.86368
12,38,2.91172
12,39,2.82944
12,40,8.10024
12,41,9.0
12,42,3.16864
12,43,9.91869
12,44,2.85652
12,45,9.91318
12,46,3.94725
12,47,8.0
12,48,7.98917
12,49,9.91062
12,50,9.95682
12,51,9.91387
12,52,9.94175
12,53,9.90241
12,54,8.0
12,55,2.96827
12,56,9.84077
12,57,9.96947
12,58,9.0
12,59,9.02849
12,60,9.87869
12,61,9.85655
12,62,9.80608
12,63,9.98237
12,64,9.0834
12,65,8.90552
12,66,9.91862
12,67,9.87944
12,68,9.85931
12,69,2.84352
12,70,9.97395
12,71,9.81413
12,72,9.14454
12,73,9.03563
12,74,9.96978
12,75,6.84978
12,76,9.01283
12,77,10.0
12,78,-0.954713
12,79,7.90419
12,80,9.83129
12,81,9.90021
12,82,9.98419
12,83,10.0
12,84,3.13329
12,85,7.81267
12,86,3.0
12,87,9.95137
12,88,9.82112
12,89,9.81443
12,90,9.94171
12,91,10.0
12,92,9.8258
12,93,9.9658
12,94,9.80612
12,95,9.8496
12,96,10.0
12,97,1.85043
12,98,10.0
12,99,7.11647
12,100,1.8965
12,101,3.11055
12,102,9.0
12,103,9.00836
12,104,8.87453
12,105,9.08107
12,106,9.99584
12,107,3.03277
12,108,1.97407
12,109,3.8929
12,110,4.09315
12,111,3.8025
12,112,3.02514
12,113,10.0
12,114,9.9526
12,115,2.86606
12,116,9.85329
12,117,6.83733
12,118,9.88654
12,119,3.19369
12,120,7.845
12,121,-1.0
12,122,-0.995743
12,123,-0.909117
12,124,2.82727
12,125,4.0
12,126,2.98387
12,127,7.11056
12,128,7.82543
12,129,9.99482
12,130,9.8168
12,131,2.95646
12,132,10.0
12,133,10.0
12,134,3.84468
12,135,3.04991
12,136,9.89702
12,137,9.80869
12,138,9.90239
12,139,10.0
12,140,2.89656
12,141,8.0
12,142,8.07328
12,143,2.90428
12,144,3.14887
12,145,3.13661
12,146,3.18597
12,147,7.84167
12,148,9.83675
12,149,9.89873
12,150,4.10423
12,151,3.90402
12,152,3.85847
12,153,7.13536
12,154,2.92504
12,155,8.19965
12,156,7.8384
12,157,2.91897
12,158,10.0
12,159,9.82335
12,160,10.0
12,161,9.96852
12,162,3.83687
12,163,3.19917
12,164,2.83714
12,165,3.13699
12,166,2.97812
12,167,2.87063
12,168,3.10608
12,169,-1.0
12,170,-0.863059
12,171,3.0
12,172,2.16673
12,173,3.0
12,174,10.0
12,175,7.0
12,176,7.0
12,177,7.01647
12,178,9.96221
12,179,9.88696
12,180,10.0
12,181,8.16152
12,182,7.01921
12,183,9.91655
12,184,3.0
12,185,8.0
12,186,2.88232
12,187,3.08225
12,188,1.94127
12,189,3.15403
12,190,9.93459
12,191,7.89882
12,192,6.99139
12,193,6.89906
12,194,-0.811567
12,195,3.0
12,196,2.87998
12,197,8.03689
12,198,3.0
12,199,3.08789
12,200,2.96183
12,201,-0.931646
12,202,8.05931
12,203,9.81793
12,204,9.83156
12,205,3.07277
12,206,10.0
12,207,7.0
12,208,9.86706
12,209,7.85177
12,210,7.87503
12,211,6.88286
12,212,9.87623
12,213,9.96111
12,214,7.05219
12,215,6.84299
12,216,9.88133
12,217,9.81054
12,218,9.92373
12,219,9.84242
12,220,9.82468
12,221,9.92249
12,222,9.9861
12,223,9.98526
12,224,9.92797
12,225,9.82538
12,226,4.83321
12,227,9.94411
12,228,5.00143
12,229,4.8771
12,230,3.06889
12,231,5.18975
12,232,3.00043
12,233,9.95501
12,234,7.00736
12,235,8.17819
12,236,7.08738
12,237,8.07564
12,238,9.93961
12,239,8.06472
12,240,7.08649
12,241,6.90031
12,242,7.1416
12,243,6.94904
12,244,3.0
12,245,7.8184
12,246,3.0
12,247,7.88982
12,248,10.0
12,249,3.99481
12,250,9.89673
12,251,9.93014
12,252,9.94064
12,253,3.0
12,254,9.90996
12,255,3.14281
12,256,9.86142
12,257,6.92981
12,258,6.97351
12,259,9.93012
12,260,1.0
12,261,-1.0
12,262,-0.963264
12,263,3.17833
12,264,9.90869
12,265,9.89051
12,266,7.97392
12,267,5.0
12,268,9.8575
12,269,9.90317
12,270,6.95071
12,271,1.81652
12,272,3.86993
12,273,6.83639
12,274,1.81086
12,275,3.99138
12,276,9.9719
12,277,8.10723
12,278,2.80599
12,279,3.01171
12,280,2.94698
12,281,2.99426
12,282,8.02754
12,283,4.03724
12,284,4.12836
12,285,9.8532
12,286,9.8498
12,287,9.89069
12,288,9.96393
12,289,3.19787
12,290,4.83467
12,291,3.99919
12,292,9.86368
12,293,4.93706
12,294,6.92736
12,295,8.17411
12,296,7.87023
12,297,9.80006
12,298,10.0
12,299,9.83075
12,300,7.16007
12,301,6.93562
12,302,9.85774
12,303,6.96386
12,304,9.83554
12,305,6.81435
12,306,2.91481
12,307,3.12927
12,308,9.97942
12,309,2.91628
12,310,7.07044
12,311,3.14872
12,312,9.85712
12,313,10.0
12,314,9.96481
12,315,9.85115
12,316,8.00528
12,317,9.8978
12,318,3.89739
12,319,4.91753
12,320,5.06892
12,321,4.84267
12,322,9.84134
12,323,9.89826
12,324,9.89495
12,325,9.83528
12,326,5.12928
12,327,7.0
12,328,7.02014
12,329,6.88557
12,330,9.86977
12,331,10.0
12,332,3.0466
12,333,2.9265
12,334,10.0
12,335,8.0
12,336,9.80741
12,337,5.00097
12,338,3.94602
12,339,2.99785
12,340,9.94587
12,341,8.09025
12,342,7.07831
12,343,10.0
12,344,9.93328
12,345,4.92532
12,346,9.90854
12,347,9.97197
12,348,3.02083
12,349,7.99843
12,350,3.83849
12,351,9.81102
12,352,6.80783
12,353,7.16299
12,354,3.95499
12,355,8.0
12,356,9.92012
12,357,3.11251
12,358,9.90249
12,359,9.9717
12,360,7.98188
12,361,10.0
12,362,9.82292
12,363,3.01429
12,364,9.97068
12,365,6.83996
12,366,2.9737
12,367,8.17621
12,368,2.99259
12,369,2.0
12,370,2.1221
12,371,7.97187
12,372,7.1367
12,373,3.07666
12,374,7.1019
12,375,9.83199
12,376,9.98337
12,377,7.0
12,378,2.83461
12,379,2.80538
12,380,3.97144
12,381,9.915
12,382,2.99234
12,383,6.98403
12,384,7.0
12,385,9.9022
12,386,7.00547
12,387,2.9292
12,388,6.99137
12,389,6.86536
12,390,2.87081
12,391,3.09113
12,392,7.10365
12,393,7.8319
12,394,6.84474
12,395,7.06521
12,396,2.9547
12,397,10.0
12,398,7.05459
12,399,6.82992
12,400,7.1835
12,401,3.18791
12,402,8.03331
12,403,-0.872642
12,404,7.0
12,405,3.14248
13,1,6.84334
13,2,7.90782
13,3,8.06289
13,4,7.97198
13,5,7.0
13,6,10.0
13,7,7.99495
13,8,2.03493
13,9,9.93927
13,10,7.0323
13,11,9.95765
13,12,8.05637
13,13,8.0
13,14,9.81295
13,15,7.14736
13,16,9.83744
13,17,2.96644
13,18,7.80699
13,19,3.87285
13,20,3.80465
13,21,9.0
13,22,2.0
13,23,7.99572
13,24,7.97187
13,25,4.16739
13,26,4.08467
13,27,4.11054
13,28,9.97744
13,29,5.0
13,30,7.99203
13,31,3.99372
13,32,3.94235
13,33,6.88265
13,34,8.00335
13,35,7.17416
13,36,8.16423
13,37,7.01636
13,38,3.96733
13,39,4.01865
13,40,0.822594
13,41,0.0
13,42,6.88286
13,43,1.04294
13,44,5.07549
13,45,6.87818
13,46,4.08201
13,47,8.0
13,48,8.89961
13,49,7.03166
13,50,8.14743
13,51,7.91719
13,52,9.86257
13,53,6.93636
13,54,1.0
13,55,4.93991
13,56,8.12415
13,57,7.89764
13,58,4.0
13,59,4.16294
13,60,7.87021
13,61,7.8809
13,62,6.86898
13,63,9.9625
13,64,4.15481
13,65,3.88852
13,66,9.92842
13,67,8.06899
13,68,7.89958
13,69,7.95763
13,70,9.0848
13,71,4.10153
13,72,4.18583
13,73,3.89807
13,74,8.19556
13,75,9.90772
13,76,0.118339
13,77,10.0
13,78,5.09236
13,79,3.03477
13,80,7.86393
13,81,4.18712
13,82,3.84142
13,83,8.0
13,84,3.81939
13,85,3.00752
13,86,8.0
13,87,7.18044
13,88,8.11145
13,89,7.91607
13,90,1.04884
13,91,1.0
13,92,7.16109
13,93,9.96903
13,94,9.89289
13,95,8.02823
13,96,7.0
13,97,5.00824
13,98,5.0
13,99,7.11438
13,100,5.17569
13,101,3.87649
13,102,6.0
13,103,6.18521
13,104,6.10572
13,105,6.06905
13,106,8.06958
13,107,3.9491
13,108,5.00625
13,109,4.07937
13,110,4.11063
13,111,3.94176
13,112,4.86854
13,113,10.0
13,114,7.87565
13,115,4.94688
13,116,7.96948
13,117,6.90717
13,118,7.94829
13,119,3.94221
13,120,2.99692
13,121,6.0
13,122,6.08143
13,123,6.11416
13,124,6.80704
13,125,4.0
13,126,3.82862
13,127,2.15282
13,128,0.854739
13,129,4.99258
13,130,4.924
13,131,5.17641
13,132,10.0
13,133,10.0
13,134,3.85542
13,135,5.09606
13,136,9.8276
13,137,9.84297
13,138,9.96151
13,139,8.0
13,140,4.06038
13,141,10.0
13,142,3.10935
13,143,4.05824
13,144,4.15512
13,145,3.85809
13,146,3.97304
13,147,9.84172
13,148,4.90598
13,149,5.13852
13,150,3.99637
13,151,3.94671
13,152,4.02334
13,153,7.1237
13,154,3.91471
13,155,2.84278
13,156,2.82799
13,157,4.11488
13,158,8.0
13,159,7.83092
13,160,4.0
13,161,8.03844
13,162,3.98021
13,163,4.05769
13,164,4.13381
13,165,4.84265
13,166,4.13997
13,167,7.19126
13,168,4.19771
13,169,5.0
13,170,5.01722
13,171,5.0
13,172,4.95975
13,173,5.0
13,174,7.0
13,175,2.0
13,176,7.0
13,177,3.94119
13,178,9.95944
13,179,9.84494
13,180,5.0
13,181,8.96032
13,182,4.03088
13,183,9.90867
13,184,7.0
13,185,5.0
13,186,6.84162
13,187,6.83983
13,188,4.89101
13,189,4.87704
13,190,8.06829
13,191,-0.864129
13,192,6.84291
13,193,4.16371
13,194,4.00084
13,195,5.0
13,196,5.08145
13,197,9.18905
13,198,7.0
13,199,7.14695
13,200,4.88341
13,201,6.16752
13,202,2.81785
13,203,8.12968
13,204,5.0069
13,205,4.14874
13,206,8.0
13,207,4.0
13,208,7.98327
13,209,2.86959
13,210,2.96624
13,211,7.82931
13,212,4.11974
13,213,3.91335
13,214,8.11954
13,215,7.05185
13,216,4.00396
13,217,9.80336
13,218,9.93748
13,219,9.93781
13,220,9.92045
13,221,9.81041
13,222,9.82953
13,223,9.93166
13,224,9.86263
13,225,9.88569
13,226,9.81584
13,227,5.01229
13,228,9.8563
13,229,9.99737
13,230,4.10842
13,231,9.85564
13,232,4.14159
13,233,4.86171
13,234,8.04
13,235,2.93225
13,236,6.87467
13,237,-0.805131
13,238,5.14357
13,239,3.12029
13,240,4.12861
13,241,4.1075
13,242,3.92094
13,243,3.92312
13,244,4.0
13,245,9.91088
13,246,7.0
13,247,-0.820625
13,248,8.0
13,249,4.10811
13,250,8.16138
13,251,7.93437
13,252,8.04161
13,253,5.0
13,254,5.09241
13,255,4.85183
13,256,7.09729
13,257,6.97965
13,258,3.86435
13,259,9.94656
13,260,8.0
13,261,4.0
13,262,5.13156
13,263,4.12732
13,264,8.04792
13,265,7.89454
13,266,9.9807
13,267,10.0
13,268,4.8258
13,269,8.0376
13,270,2.18772
13,271,5.03945
13,272,4.04803
13,273,7.01648
13,274,4.86125
13,275,3.85738
13,276,8.14156
13,277,2.88069
13,278,3.87596
13,279,4.15221
13,280,5.13231
13,281,4.00128
13,282,9.01019
13,283,3.98406
13,284,4.07361
13,285,7.99233
13,286,8.17335
13,287,5.15332
13,288,4.85979
13,289,3.87309
13,290,9.89221
13,291,3.94731
13,292,5.00511
13,293,9.88777
13,294,6.80095
13,295,7.86462
13,296,9.12079
13,297,6.93516
13,298,5.0
13,299,7.99891
13,300,8.00674
13,301,6.80067
13,302,7.90323
13,303,8.10733
13,304,9.9882
13,305,7.11019
13,306,3.9358
13,307,4.11254
13,308,9.93061
13,309,5.01951
13,310,8.03001
13,311,3.89123
13,312,7.99253
13,313,8.0
13,314,7.8427
13,315,4.92911
13,316,-0.986436
13,317,9.92865
13,318,3.96786
13,319,9.828
13,320,9.96091
13,321,9.92531
13,322,5.02424
13,323,5.04661
13,324,5.1613
13,325,5.15232
13,326,9.87245
13,327,7.0
13,328,8.17851
13,329,8.1918
13,330,7.94249
13,331,8.0
13,332,5.14355
13,333,4.84737
13,334,9.0
13,335,3.0
13,336,6.96892
13,337,9.84619
13,338,4.10761
13,339,4.96697
13,340,4.96628
13,341,9.13064
13,342,8.14271
13,343,4.0
13,344,4.9732
13,345,9.82147
13,346,5.16507
13,347,4.81131
13,348,3.89403
13,349,3.01273
13,350,3.91202
13,351,5.15752
13,352,6.89001
13,353,9.98259
13,354,4.10657
13,355,-1.0
13,356,5.18772
13,357,7.14415
13,358,7.86843
13,359,8.066
13,360,-0.881838
13,361,4.0
13,362,4.04027
13,363,3.98793
13,364,5.15666
13,365,7.05713
13,366,5.17599
13,367,3.16936
13,368,3.89071
13,369,5.0
13,370,5.11313
13,371,2.96931
13,372,7.8922
13,373,4.10968
13,374,8.10393
13,375,7.13952
13,376,7.87205
13,377,8.0
13,378,6.947
13,379,5.15745
13,380,3.8083
13,381,9.82081
13,382,5.1236
13,383,8.08036
13,384,3.0
13,385,3.8183
13,386,7.09486
13,387,4.0354
13,388,3.91328
13,389,3.96879
13,390,7.07606
13,391,7.12651
13,392,2.85268
13,393,-0.916312
13,394,7.89695
13,395,9.93411
13,396,4.87057
13,397,6.0
13,398,1.92907
13,399,6.97115
13,400,3.94897
13,401,7.11463
13,402,4.8661
13,403,4.09888
13,404,7.03014
13,405,5.0947
14,1,6.91234
14,2,6.14997
14,3,5.9263
14,4,7.81709
14,5,8.0
14,6,6.0
14,7,6.12621
14,8,3.80083
14,9,8.8585
14,10,7.94472
14,11,8.91122
14,12,9.85566
14,13,6.0
14,14,7.15426
14,15,8.16422
14,16,7.07906
14,17,6.17255
14,18,8.10289
14,19,7.11436
14,20,5.8966
14,21,7.0
14,22,6.0
14,23,9.14277
14,24,6.8448
14,25,4.90578
14,26,6.84128
14,27,4.86035
14,28,5.86481
14,29,7.0
14,30,5.83002
14,31,5.81277
14,32,6.07423
14,33,4.13441
14,34,9.93224
14,35,4.96308
14,36,8.94173
14,37,7.92265
14,38,6.18741
14,39,6.03876
14,40,6.91534
14,41,7.0
14,42,7.08269
14,43,7.96484
14,44,3.86926
14,45,8.14131
14,46,6.96443
14,47,9.0
14,48,7.07872
14,49,6.88825
14,50,9.11172
14,51,9.98375
14,52,5.80174
14,53,7.99935
14,54,7.0
14,55,4.02661
14,56,4.01439
14,57,3.88898
14,58,6.0
14,59,6.12006
14,60,3.93396
14,61,9.83718
14,62,7.83425
14,63,5.92503
14,64,5.8349
14,65,6.02037
14,66,5.83751
14,67,9.95685
14,68,8.97457
14,69,7.0217
14,70,6.01985
14,71,4.98439
14,72,6.12799
14,73,5.9632
14,74,9.83238
14,75,4.81739
14,76,7.18608
14,77,6.0
14,78,7.10718
14,79,6.18497
14,80,9.99316
14,81,3.87216
14,82,7.08332
14,83,8.0
14,84,6.16169
14,85,5.96818
14,86,7.0
14,87,7.11199
14,88,5.98412
14,89,8.84611
14,90,8.15339
14,91,8.0
14,92,8.04571
14,93,5.92528
14,94,9.04188
14,95,9.87354
14,96,7.0
14,97,4.12226
14,98,9.0
14,99,4.93127
14,100,3.82405
14,101,5.80593
14,102,10.0
14,103,9.85777
14,104,9.96825
14,105,9.87476
14,106,8.15412
14,107,5.96742
14,108,3.93361
14,109,6.8377
14,110,6.87676
14,111,6.97313
14,112,9.94839
14,113,8.0
14,114,7.80962
14,115,9.91861
14,116,9.81624
14,117,4.83568
14,118,7.93728
14,119,5.97319
14,120,6.19392
14,121,9.0
14,122,9.1543
14,123,8.92631
14,124,6.86748
14,125,7.0
14,126,6.10926
14,127,4.08297
14,128,6.90258
14,129,3.9237
14,130,4.04729
14,131,9.96469
14,132,9.0
14,133,6.0
14,134,6.95153
14,135,9.86752
14,136,6.09553
14,137,6.15385
14,138,5.89218
14,139,5.0
14,140,5.82967
14,141,7.0
14,142,6.12375
14,143,6.00779
14,144,5.85953
14,145,5.92526
14,146,5.98366
14,147,6.88393
14,148,9.04404
14,149,9.03847
14,150,7.01343
14,151,7.1665
14,152,7.08014
14,153,5.13039
14,154,5.89451
14,155,5.8116
14,156,5.81106
14,157,5.8158
14,158,8.0
14,159,7.94829
14,160,7.0
14,161,4.15089
14,162,6.93748
14,163,6.14668
14,164,5.97572
14,165,4.12776
14,166,5.94605
14,167,7.19062
14,168,6.09712
14,169,5.0
14,170,4.89849
14,171,4.0
14,172,4.03889
14,173,4.0
14,174,5.0
14,175,4.0
14,176,4.0
14,177,6.99592
14,178,6.08066
14,179,6.06363
14,180,5.0
14,181,7.08839
14,182,7.15061
14,183,5.83883
14,184,6.0
14,185,4.0
14,186,6.92638
14,187,6.96134
14,188,4.1904
14,189,3.8691
14,190,3.8819
14,191,5.87464
14,192,4.11795
14,193,7.07933
14,194,4.86624
14,195,4.0
14,196,3.90576
14,197,6.89995
14,198,7.0
14,199,6.88661
14,200,9.8059
14,201,8.87926
14,202,5.96506
14,203,9.89528
14,204,9.12655
14,205,5.98812
14,206,10.0
14,207,7.0
14,208,8.86285
14,209,6.11507
14,210,6.02151
14,211,4.81575
14,212,5.13088
14,213,6.8265
14,214,5.13507
14,215,5.16712
14,216,5.19673
14,217,9.04346
14,218,5.96837
14,219,5.82113
14,220,5.96256
14,221,5.87247
14,222,6.11324
14,223,6.12296
14,224,6.19772
14,225,6.09197
14,226,7.00751
14,227,8.81866
14,228,7.14957
14,229,7.03847
14,230,6.03561
14,231,6.83656
14,232,6.1865
14,233,9.06318
14,234,5.00362
14,235,5.95381
14,236,5.19198
14,237,5.97519
14,238,8.83088
14,239,5.86255
14,240,7.07273
14,241,7.07571
14,242,7.07902
14,243,7.19177
14,244,6.0
14,245,6.85976
14,246,5.0
14,247,6.07369
14,248,9.0
14,249,6.81353
14,250,7.91783
14,251,8.10835
14,252,8.9932
14,253,10.0
14,254,4.07022
14,255,3.87359
14,256,5.13992
14,257,4.07302
14,258,7.03745
14,259,6.17214
14,260,6.0
14,261,5.0
14,262,4.9221
14,263,6.19454
14,264,7.97762
14,265,7.89088
14,266,7.0704
14,267,7.0
14,268,8.84315
14,269,9.89878
14,270,3.88134
14,271,4.11169
14,272,6.82653
14,273,3.93375
14,274,3.88641
14,275,6.99997
14,276,4.19611
14,277,6.10666
14,278,5.81582
14,279,5.8416
14,280,4.08303
14,281,6.10607
14,282,7.17729
14,283,7.09647
14,284,6.99626
14,285,8.09651
14,286,8.13492
14,287,9.13502
14,288,9.09123
14,289,5.87182
14,290,7.08416
14,291,6.94772
14,292,8.93146
14,293,6.82539
14,294,5.13432
14,295,8.9184
14,296,6.82464
14,297,7.11697
14,298,4.0
14,299,9.10125
14,300,5.15033
14,301,4.80679
14,302,7.86211
14,303,4.94196
14,304,8.9063
14,305,4.81399
14,306,5.93465
14,307,5.95247
14,308,5.97812
14,309,3.89925
14,310,5.14191
14,311,5.94749
14,312,4.0691
14,313,4.0
14,314,4.08141
14,315,8.90236
14,316,6.04663
14,317,6.0113
14,318,7.1069
14,319,6.92966
14,320,6.94534
14,321,6.83123
14,322,9.09212
14,323,8.98609
14,324,8.91186
14,325,8.95436
14,326,7.07942
14,327,5.0
14,328,5.02688
14,329,4.8862
14,330,8.89076
14,331,9.0
14,332,9.97997
14,333,9.85004
14,334,6.0
14,335,6.0
14,336,7.12917
14,337,6.98234
14,338,7.1541
14,339,9.95051
14,340,9.09181
14,341,6.98694
14,342,5.1587
14,343,5.0
14,344,5.01178
14,345,7.15832
14,346,4.11063
14,347,9.09177
14,348,5.86934
14,349,5.83728
14,350,7.0647
14,351,8.95906
14,352,5.14299
14,353,4.96212
14,354,6.97564
14,355,6.0
14,356,9.0863
14,357,6.85509
14,358,9.92386
14,359,9.94016
14,360,5.86539
14,361,4.0
14,362,7.10737
14,363,5.91795
14,364,9.07996
14,365,5.16926
14,366,9.80772
14,367,5.83152
14,368,6.16615
14,369,4.0
14,370,3.8512
14,371,5.8391
14,372,5.17847
14,373,6.01416
14,374,5.16978
14,375,6.8658
14,376,8.93195
14,377,5.0
14,378,6.98247
14,379,9.99542
14,380,7.01844
14,381,8.91195
14,382,9.93606
14,383,5.19097
14,384,7.0
14,385,4.84929
14,386,4.07574
14,387,5.81266
14,388,6.95156
14,389,6.81575
14,390,5.02741
14,391,5.84697
14,392,7.01485
14,393,5.83201
14,394,5.01666
14,395,5.13952
14,396,4.05764
14,397,8.0
14,398,3.83057
14,399,4.00661
14,400,7.07458
14,401,5.18401
14,402,3.97599
14,403,4.83756
14,404,5.0
14,405,3.89662
15,1,
15,2,
15,3,
15,4,
15,5,8.0
15,6,9.0
15,7,
15,8,
15,9,
15,10,
15,11,
15,12,
15,13,10.0
15,14,
15,15,
15,16,
15,17,
15,18,
15,19,
15,20,
15,21,7.0
15,22,8.0
15,23,
15,24,
15,25,
15,26,
15,27,
15,28,
15,29,9.0
15,30,
15,31,
15,32,
15,33,
15,34,
15,35,
15,36,
15,37,
15,38,
15,39,
15,40,
15,41,6.0
15,42,
15,43,
15,44,
15,45,
15,46,
15,47,6.0
15,48,
15,49,
15,50,
15,51,
15,52,
15,53,
15,54,8.0
15,55,
15,56,
15,57,
15,58,9.0
15,59,
15,60,
15,61,
15,62,
15,63,
15,64,
15,65,
15,66,
15,67,
15,68,
15,69,
15,70,
15,71,
15,72,
15,73,
15,74,
15,75,
15,76,
15,77,9.0
15,78,
15,79,
15,80,
15,81,
15,82,
15,83,5.0
15,84,
15,85,
15,86,7.0
15,87,
15,88,
15,89,
15,90,
15,91,8.0
15,92,
15,93,
15,94,
15,95,
15,96,8.0
15,97,
15,98,8.0
15,99,
15,100,
15,101,
15,102,9.0
15,103,
15,104,
15,105,
15,106,
15,107,
15,108,
15,109,
15,110,
15,111,
15,112,
15,113,8.0
15,114,
15,115,
15,116,
15,117,
15,118,
15,119,
15,120,
15,121,8.0
15,122,
15,123,
15,124,
15,125,8.0
15,126,
15,127,
15,128,
15,129,
15,130,
15,131,
15,132,7.0
15,133,9.0
15,134,
15,135,
15,136,
15,137,
15,138,
15,139,9.0
15,140,
15,141,7.0
15,142,
15,143,
15,144,
15,145,
15,146,
15,147,
15,148,
15,149,
15,150,
15,151,
15,152,
15,153,
15,154,
15,155,
15,156,
15,157,
15,158,8.0
15,159,
15,160,8.0
15,161,
15,162,
15,163,
15,164,
15,165,
15,166,
15,167,
15,168,
15,169,7.0
15,170,
15,171,8.0
15,172,
15,173,6.0
15,174,8.0
15,175,5.0
15,176,9.0
15,177,
15,178,
15,179,
15,180,10.0
15,181,
15,182,
15,183,
15,184,8.0
15,185,7.0
15,186,
15,187,
15,188,
15,189,
15,190,
15,191,
15,192,
15,193,
15,194,
15,195,10.0
15,196,
15,197,
15,198,7.0
15,199,
15,200,
15,201,
15,202,
15,203,
15,204,
15,205,
15,206,9.0
15,207,10.0
15,208,
15,209,
15,210,
15,211,
15,212,
15,213,
15,214,
15,215,
15,216,
15,217,
15,218,
15,219,
15,220,
15,221,
15,222,
15,223,
15,224,
15,225,
15,226,
15,227,
15,228,
15,229,
15,230,
15,231,
15,232,
15,233,
15,234,
15,235,
15,236,
15,237,
15,238,
15,239,
15,240,
15,241,
15,242,
15,243,
15,244,9.0
15,245,
15,246,10.0
15,247,
15,248,8.0
15,249,
15,250,
15,251,
15,252,
15,253,7.0
15,254,
15,255,
15,256,
15,257,
15,258,
15,259,
15,260,8.0
15,261,9.0
15,262,
15,263,
15,264,
15,265,
15,266,
15,267,10.0
15,268,
15,269,
15,270,
15,271,
15,272,
15,273,
15,274,
15,275,
15,276,
15,277,
15,278,
15,279,
15,280,
15,281,
15,282,
15,283,
15,284,
15,285,
15,286,
15,287,
15,288,
15,289,
15,290,
15,291,
15,292,
15,293,
15,294,
15,295,
15,296,
15,297,
15,298,8.0
15,299,
15,300,
15,301,
15,302,
15,303,
15,304,
15,305,
15,306,
15,307,
15,308,
15,309,
15,310,
15,311,
15,312,
15,313,9.0
15,314,
15,315,
15,316,
15,317,
15,318,
15,319,
15,320,
15,321,
15,322,
15,323,
15,324,
15,325,
15,326,
15,327,2.0
15,328,
15,329,
15,330,
15,331,10.0
15,332,
15,333,
15,334,8.0
15,335,7.0
15,336,
15,337,
15,338,
15,339,
15,340,
15,341,
15,342,
15,343,8.0
15,344,
15,345,
15,346,
15,347,
15,348,
15,349,
15,350,
15,351,
15,352,
15,353,
15,354,
15,355,10.0
15,356,
15,357,
15,358,
15,359,
15,360,
15,361,2.0
15,362,
15,363,
15,364,
15,365,
15,366,
15,367,
15,368,
15,369,8.0
15,370,
15,371,
15,372,
15,373,
15,374,
15,375,
15,376,
15,377,10.0
15,378,
15,379,
15,380,
15,381,
15,382,
15,383,
15,384,8.0
15,385,
15,386,
15,387,
15,388,
15,389,
15,390,
15,391,
15,392,
15,393,
15,394,
15,395,
15,396,
15,397,10.0
15,398,
15,399,
15,400,
15,401,
15,402,
15,403,
15,404,9.0
15,405,
16,1,
16,2,
16,3,
16,4,
16,5,
16,6,
16,7,
16,8,
16,9,
16,10,
16,11,
16,12,
16,13,
16,14,
16,15,
16,16,
16,17,
16,18,
16,19,
16,20,
16,21,
16,22,
16,23,
16,24,
16,25,
16,26,
16,27,
16,28,
16,29,
16,30,
16,31,
16,32,
16,33,
16,34,
16,35,
16,36,
16,37,
16,38,
16,39,
16,40,
16,41,
16,42,
16,43,
16,44,
16,45,
16,46,
16,47,
16,48,
16,49,
16,50,
16,51,
16,52,
16,53,
16,54,
16,55,
16,56,
16,57,
16,58,
16,59,
16,60,
16,61,
16,62,
16,63,
16,64,
16,65,
16,66,
16,67,
16,68,
16,69,
16,70,
16,71,
16,72,
16,73,
16,74,
16,75,
16,76,
16,77,
16,78,
16,79,
16,80,
16,81,
16,82,
16,83,
16,84,
16,85,
16,86,
16,87,
16,88,
16,89,
16,90,
16,91,
16,92,
16,93,
16,94,
16,95,
16,96,
16,97,
16,98,
16,99,
16,100,
16,101,
16,102,
16,103,
16,104,
16,105,
16,106,
16,107,
16,108,
16,109,
16,110,
16,111,
16,112,
16,113,
16,114,
16,115,
16,116,
16,117,
16,118,
16,119,
16,120,
16,121,
16,122,
16,123,
16,124,
16,125,
16,126,
16,127,
16,128,
16,129,
16,130,
16,131,
16,132,
16,133,
16,134,
16,135,
16,136,
16,137,
16,138,
16,139,
16,140,
16,141,
16,142,
16,143,
16,144,
16,145,
16,146,
16,147,
16,148,
16,149,
16,150,
16,151,
16,152,
16,153,
16,154,
16,155,
16,156,
16,157,
16,158,
16,159,
16,160,
16,161,
16,162,
16,163,
16,164,
16,165,
16,166,
16,167,
16,168,
16,169,
16,170,
16,171,
16,172,
16,173,
16,174,
16,175,
16,176,
16,177,
16,178,
16,179,
16,180,
16,181,
16,182,
16,183,
16,184,
16,185,
16,186,
16,187,
16,188,
16,189,
16,190,
16,191,
16,192,
16,193,
16,194,
16,195,
16,196,
16,197,
16,198,
16,199,
16,200,
16,201,
16,202,
16,203,
16,204,
16,205,
16,206,
16,207,
16,208,
16,209,
16,210,
16,211,
16,212,
16,213,
16,214,
16,215,
16,216,
16,217,
16,218,
16,219,
16,220,
16,221,
16,222,
16,223,
16,224,
16,225,
16,226,
16,227,
16,228,
16,229,
16,230,
16,231,
16,232,
16,233,
16,234,
16,235,
16,236,
16,237,
16,238,
16,239,
16,240,
16,241,
16,242,
16,243,
16,244,
16,245,
16,246,
16,247,
16,248,
16,249,
16,250,
16,251,
16,252,
16,253,
16,254,
16,255,
16,256,
16,257,
16,258,
16,259,
16,260,
16,261,
16,262,
16,263,
16,264,
16,265,
16,266,
16,267,
16,268,
16,269,
16,270,
16,271,
16,272,
16,273,
16,274,
16,275,
16,276,
16,277,
16,278,
16,279,
16,280,
16,281,
16,282,
16,283,
16,284,
16,285,
16,286,
16,287,
16,288,
16,289,
16,290,
16,291,
16,292,
16,293,
16,294,
16,295,
16,296,
16,297,
16,298,
16,299,
16,300,
16,301,
16,302,
16,303,
16,304,
16,305,
16,306,
16,307,
16,308,
16,309,
16,310,
16,311,
16,312,
16,313,
16,314,
16,315,
16,316,
16,317,
16,318,
16,319,
16,320,
16,321,
16,322,
16,323,
16,324,
16,325,
16,326,
16,327,
16,328,
16,329,
16,330,
16,331,
16,332,
16,333,
16,334,
16,335,
16,336,
16,337,
16,338,
16,339,
16,340,
16,341,
16,342,
16,343,
16,344,
16,345,
16,346,
16,347,
16,348,
16,349,
16,350,
16,351,
16,352,
16,353,
16,354,
16,355,
16,356,
16,357,
16,358,
16,359,
16,360,
16,361,
16,362,
16,363,
16,364,
16,365,
16,366,
16,367,
16,368,
16,369,
16,370,
16,371,
16,372,
16,373,
16,374,
16,375,
16,376,
16,377,
16,378,
16,379,
16,380,
16,381,
16,382,
16,383,
16,384,
16,385,
16,386,
16,387,
16,388,
16,389,
16,390,
16,391,
16,392,
16,393,
16,394,
16,395,
16,396,
16,397,
16,398,
16,399,
16,400,
16,401,
16,402,
16,403,
16,404,
16,405,
17,1,
17,2,
17,3,
17,4,
17,5,8.0
17,6,10.0
17,7,
17,8,
17,9,
17,10,
17,11,
17,12,
17,13,5.0
17,14,
17,15,
17,16,
17,17,
17,18,
17,19,
17,20,
17,21,9.0
17,22,3.0
17,23,
17,24,
17,25,
17,26,
17,27,
17,28,
17,29,4.0
17,30,
17,31,
17,32,
17,33,
17,34,
17,35,
17,36,
17,37,
17,38,
17,39,
17,40,
17,41,5.0
17,42,
17,43,
17,44,
17,45,
17,46,
17,47,10.0
17,48,
17,49,
17,50,
17,51,
17,52,
17,53,
17,54,6.0
17,55,
17,56,
17,57,
17,58,8.0
17,59,
17,60,
17,61,
17,62,
17,63,
17,64,
17,65,
17,66,
17,67,
17,68,
17,69,
17,70,
17,71,
17,72,
17,73,
17,74,
17,75,
17,76,
17,77,6.0
17,78,
17,79,
17,80,
17,81,
17,82,
17,83,6.0
17,84,
17,85,
17,86,5.0
17,87,
17,88,
17,89,
17,90,
17,91,5.0
17,92,
17,93,
17,94,
17,95,
17,96,8.0
17,97,
17,98,10.0
17,99,
17,100,
17,101,
17,102,10.0
17,103,
17,104,
17,105,
17,106,
17,107,
17,108,
17,109,
17,110,
17,111,
17,112,
17,113,10.0
17,114,
17,115,
17,116,
17,117,
17,118,
17,119,
17,120,
17,121,7.0
17,122,
17,123,
17,124,
17,125,10.0
17,126,
17,127,
17,128,
17,129,
17,130,
17,131,
17,132,10.0
17,133,8.0
17,134,
17,135,
17,136,
17,137,
17,138,
17,139,10.0
17,140,
17,141,9.0
17,142,
17,143,
17,144,
17,145,
17,146,
17,147,
17,148,
17,149,
17,150,
17,151,
17,152,
17,153,
17,154,
17,155,
17,156,
17,157,
17,158,9.0
17,159,
17,160,8.0
17,161,
17,162,
17,163,
17,164,
17,165,
17,166,
17,167,
17,168,
17,169,5.0
17,170,
17,171,1.0
17,172,
17,173,7.0
17,174,6.0
17,175,10.0
17,176,10.0
17,177,
17,178,
17,179,
17,180,7.0
17,181,
17,182,
17,183,
17,184,8.0
17,185,10.0
17,186,
17,187,
17,188,
17,189,
17,190,
17,191,
17,192,
17,193,
17,194,
17,195,2.0
17,196,
17,197,
17,198,10.0
17,199,
17,200,
17,201,
17,202,
17,203,
17,204,
17,205,
17,206,9.0
17,207,8.0
17,208,
17,209,
17,210,
17,211,
17,212,
17,213,
17,214,
17,215,
17,216,
17,217,
17,218,
17,219,
17,220,
17,221,
17,222,
17,223,
17,224,
17,225,
17,226,
17,227,
17,228,
17,229,
17,230,
17,231,
17,232,
17,233,
17,234,
17,235,
17,236,
17,237,
17,238,
17,239,
17,240,
17,241,
17,242,
17,243,
17,244,9.0
17,245,
17,246,8.0
17,247,
17,248,9.0
17,249,
17,250,
17,251,
17,252,
17,253,10.0
17,254,
17,255,
17,256,
17,257,
17,258,
17,259,
17,260,8.0
17,261,6.0
17,262,
17,263,
17,264,
17,265,
17,266,
17,267,9.0
17,268,
17,269,
17,270,
17,271,
17,272,
17,273,
17,274,
17,275,
17,276,
17,277,
17,278,
17,279,
17,280,
17,281,
17,282,
17,283,
17,284,
17,285,
17,286,
17,287,
17,288,
17,289,
17,290,
17,291,
17,292,
17,293,
17,294,
17,295,
17,296,
17,297,
17,298,7.0
17,299,
17,300,
17,301,
17,302,
17,303,
17,304,
17,305,
17,306,
17,307,
17,308,
17,309,
17,310,
17,311,
17,312,
17,313,8.0
17,314,
17,315,
17,316,
17,317,
17,318,
17,319,
17,320,
17,321,
17,322,
17,323,
17,324,
17,325,
17,326,
17,327,7.0
17,328,
17,329,
17,330,
17,331,6.0
17,332,
17,333,
17,334,7.0
17,335,7.0
17,336,
17,337,
17,338,
17,339,
17,340,
17,341,
17,342,
17,343,8.0
17,344,
17,345,
17,346,
17,347,
17,348,
17,349,
17,350,
17,351,
17,352,
17,353,
17,354,
17,355,8.0
17,356,
17,357,
17,358,
17,359,
17,360,
17,361,8.0
17,362,
17,363,
17,364,
17,365,
17,366,
17,367,
17,368,
17,369,6.0
17,370,
17,371,
17,372,
17,373,
17,374,
17,375,
17,376,
17,377,5.0
17,378,
17,379,
17,380,
17,381,
17,382,
17,383,
17,384,8.0
17,385,
17,386,
17,387,
17,388,
17,389,
17,390,
17,391,
17,392,
17,393,
17,394,
17,395,
17,396,
17,397,7.0
17,398,
17,399,
17,400,
17,401,
17,402,
17,403,
17,404,9.0
17,405,
18,1,
18,2,
18,3,
18,4,
18,5,4.0
18,6,5.0
18,7,
18,8,
18,9,
18,10,
18,11,
18,12,
18,13,7.0
18,14,
18,15,
18,16,
18,17,
18,18,
18,19,
18,20,
18,21,
18,22,
18,23,
18,24,
18,25,
18,26,
18,27,
18,28,
18,29,
18,30,
18,31,
18,32,
18,33,
18,34,
18,35,
18,36,
18,37,
18,38,
18,39,
18,40,
18,41,
18,42,
18,43,
18,44,
18,45,
18,46,
18,47,
18,48,
18,49,
18,50,
18,51,
18,52,
18,53,
18,54,
18,55,
18,56,
18,57,
18,58,
18,59,
18,60,
18,61,
18,62,
18,63,
18,64,
18,65,
18,66,
18,67,
18,68,
18,69,
18,70,
18,71,
18,72,
18,73,
18,74,
18,75,
18,76,
18,77,
18,78,
18,79,
18,80,
18,81,
18,82,
18,83,
18,84,
18,85,
18,86,
18,87,
18,88,
18,89,
18,90,
18,91,
18,92,
18,93,
18,94,
18,95,
18,96,
18,97,
18,98,
18,99,
18,100,
18,101,
18,102,
18,103,
18,104,
18,105,
18,106,
18,107,
18,108,
18,109,
18,110,
18,111,
18,112,
18,113,
18,114,
18,115,
18,116,
18,117,
18,118,
18,119,
18,120,
18,121,
18,122,
18,123,
18,124,
18,125,
18,126,
18,127,
18,128,
18,129,
18,130,
18,131,
18,132,
18,133,
18,134,
18,135,
18,136,
18,137,
18,138,
18,139,
18,140,
18,141,
18,142,
18,143,
18,144,
18,145,
18,146,
18,147,
18,148,
18,149,
18,150,
18,151,
18,152,
18,153,
18,154,
18,155,
18,156,
18,157,
18,158,
18,159,
18,160,
18,161,
18,162,
18,163,
18,164,
18,165,
18,166,
18,167,
18,168,
18,169,
18,170,
18,171,
18,172,
18,173,
18,174,
18,175,
18,176,
18,177,
18,178,
18,179,
18,180,
18,181,
18,182,
18,183,
18,184,
18,185,
18,186,
18,187,
18,188,
18,189,
18,190,
18,191,
18,192,
18,193,
18,194,
18,195,
18,196,
18,197,
18,198,
18,199,
18,200,
18,201,
18,202,
18,203,
18,204,
18,205,
18,206,
18,207,
18,208,
18,209,
18,210,
18,211,
18,212,
18,213,
18,214,
18,215,
18,216,
18,217,
18,218,
18,219,
18,220,
18,221,
18,222,
18,223,
18,224,
18,225,
18,226,
18,227,
18,228,
18,229,
18,230,
18,231,
18,232,
18,233,
18,234,
18,235,
18,236,
18,237,
18,238,
18,239,
18,240,
18,241,
18,242,
18,243,
18,244,
18,245,
18,246,
18,247,
18,248,
18,249,
18,250,
18,251,
18,252,
18,253,
18,254,
18,255,
18,256,
18,257,
18,258,
18,259,
18,260,
18,261,
18,262,
18,263,
18,264,
18,265,
18,266,
18,267,
18,268,
18,269,
18,270,
18,271,
18,272,
18,273,
18,274,
18,275,
18,276,
18,277,
18,278,
18,279,
18,280,
18,281,
18,282,
18,283,
18,284,
18,285,
18,286,
18,287,
18,288,
18,289,
18,290,
18,291,
18,292,
18,293,
18,294,
18,295,
18,296,
18,297,
18,298,
18,299,
18,300,
18,301,
18,302,
18,303,
18,304,
18,305,
18,306,
18,307,
18,308,
18,309,
18,310,
18,311,
18,312,
18,313,
18,314,
18,315,
18,316,
18,317,
18,318,
18,319,
18,320,
18,321,
18,322,
18,323,
18,324,
18,325,
18,326,
18,327,
18,328,
18,329,
18,330,
18,331,
18,332,
18,333,
18,334,
18,335,
18,336,
18,337,
18,338,
18,339,
18,340,
18,341,
18,342,
18,343,
18,344,
18,345,
18,346,
18,347,
18,348,
18,349,
18,350,
18,351,
18,352,
18,353,
18,354,
18,355,
18,356,
18,357,
18,358,
18,359,
18,360,
18,361,
18,362,
18,363,
18,364,
18,365,
18,366,
18,367,
18,368,
18,369,
18,370,
18,371,
18,372,
18,373,
18,374,
18,375,
18,376,
18,377,
18,378,
18,379,
18,380,
18,381,
18,382,
18,383,
18,384,
18,385,
18,386,
18,387,
18,388,
18,389,
18,390,
18,391,
18,392,
18,393,
18,394,
18,395,
18,396,
18,397,
18,398,
18,399,
18,400,
18,401,
18,402,
18,403,
18,404,
18,405,
19,1,
19,2,
19,3,
19,4,
19,5,6.0
19,6,10.0
19,7,
19,8,
19,9,
19,10,
19,11,
19,12,
19,13,
19,14,
19,15,
19,16,
19,17,
19,18,
19,19,
19,20,
19,21,6.0
19,22,0.0
19,23,
19,24,
19,25,
19,26,
19,27,
19,28,
19,29,8.0
19,30,
19,31,
19,32,
19,33,
19,34,
19,35,
19,36,
19,37,
19,38,
19,39,
19,40,
19,41,8.0
19,42,
19,43,
19,44,
19,45,
19,46,
19,47,8.0
19,48,
19,49,
19,50,
19,51,
19,52,
19,53,
19,54,6.0
19,55,
19,56,
19,57,
19,58,0.0
19,59,
19,60,
19,61,
19,62,
19,63,
19,64,
19,65,
19,66,
19,67,
19,68,
19,69,
19,70,
19,71,
19,72,
19,73,
19,74,
19,75,
19,76,
19,77,10.0
19,78,
19,79,
19,80,
19,81,
19,82,
19,83,6.0
19,84,
19,85,
19,86,10.0
19,87,
19,88,
19,89,
19,90,
19,91,0.0
19,92,
19,93,
19,94,
19,95,
19,96,10.0
19,97,
19,98,9.0
19,99,
19,100,
19,101,
19,102,0.0
19,103,
19,104,
19,105,
19,106,
19,107,
19,108,
19,109,
19,110,
19,111,
19,112,
19,113,10.0
19,114,
19,115,
19,116,
19,117,
19,118,
19,119,
19,120,
19,121,10.0
19,122,
19,123,
19,124,
19,125,10.0
19,126,
19,127,
19,128,
19,129,
19,130,
19,131,
19,132,10.0
19,133,0.0
19,134,
19,135,
19,136,
19,137,
19,138,
19,139,10.0
19,140,
19,141,10.0
19,142,
19,143,
19,144,
19,145,
19,146,
19,147,
19,148,
19,149,
19,150,
19,151,
19,152,
19,153,
19,154,
19,155,
19,156,
19,157,
19,158,10.0
19,159,
19,160,10.0
19,161,
19,162,
19,163,
19,164,
19,165,
19,166,
19,167,
19,168,
19,169,10.0
19,170,
19,171,0.0
19,172,
19,173,10.0
19,174,6.0
19,175,10.0
19,176,10.0
19,177,
19,178,
19,179,
19,180,8.0
19,181,
19,182,
19,183,
19,184,10.0
19,185,10.0
19,186,
19,187,
19,188,
19,189,
19,190,
19,191,
19,192,
19,193,
19,194,
19,195,10.0
19,196,
19,197,
19,198,10.0
19,199,
19,200,
19,201,
19,202,
19,203,
19,204,
19,205,
19,206,10.0
19,207,10.0
19,208,
19,209,
19,210,
19,211,
19,212,
19,213,
19,214,
19,215,
19,216,
19,217,
19,218,
19,219,
19,220,
19,221,
19,222,
19,223,
19,224,
19,225,
19,226,
19,227,
19,228,
19,229,
19,230,
19,231,
19,232,
19,233,
19,234,
19,235,
19,236,
19,237,
19,238,
19,239,
19,240,
19,241,
19,242,
19,243,
19,244,8.0
19,245,
19,246,10.0
19,247,
19,248,10.0
19,249,
19,250,
19,251,
19,252,
19,253,3.0
19,254,
19,255,
19,256,
19,257,
19,258,
19,259,
19,260,10.0
19,261,0.0
19,262,
19,263,
19,264,
19,265,
19,266,
19,267,8.0
19,268,
19,269,
19,270,
19,271,
19,272,
19,273,
19,274,
19,275,
19,276,
19,277,
19,278,
19,279,
19,280,
19,281,
19,282,
19,283,
19,284,
19,285,
19,286,
19,287,
19,288,
19,289,
19,290,
19,291,
19,292,
19,293,
19,294,
19,295,
19,296,
19,297,
19,298,10.0
19,299,
19,300,
19,301,
19,302,
19,303,
19,304,
19,305,
19,306,
19,307,
19,308,
19,309,
19,310,
19,311,
19,312,
19,313,10.0
19,314,
19,315,
19,316,
19,317,
19,318,
19,319,
19,320,
19,321,
19,322,
19,323,
19,324,
19,325,
19,326,
19,327,10.0
19,328,
19,329,
19,330,
19,331,10.0
19,332,
19,333,
19,334,10.0
19,335,8.0
19,336,
19,337,
19,338,
19,339,
19,340,
19,341,
19,342,
19,343,10.0
19,344,
19,345,
19,346,
19,347,
19,348,
19,349,
19,350,
19,351,
19,352,
19,353,
19,354,
19,355,10.0
19,356,
19,357,
19,358,
19,359,
19,360,
19,361,10.0
19,362,
19,363,
19,364,
19,365,
19,366,
19,367,
19,368,
19,369,9.0
19,370,
19,371,
19,372,
19,373,
19,374,
19,375,
19,376,
19,377,8.0
19,378,
19,379,
19,380,
19,381,
19,382,
19,383,
19,384,10.0
19,385,
19,386,
19,387,
19,388,
19,389,
19,390,
19,391,
19,392,
19,393,
19,394,
19,395,
19,396,
19,397,7.0
19,398,
19,399,
19,400,
19,401,
19,402,
19,403,
19,404,10.0
19,405,
20,1,
20,2,
20,3,
20,4,
20,5,8.0
20,6,8.0
20,7,
20,8,
20,9,
20,10,
20,11,
20,12,
20,13,8.0
20,14,
20,15,
20,16,
20,17,
20,18,
20,19,
20,20,
20,21,8.0
20,22,8.0
20,23,
20,24,
20,25,
20,26,
20,27,
20,28,
20,29,8.0
20,30,
20,31,
20,32,
20,33,
20,34,
20,35,
20,36,
20,37,
20,38,
20,39,
20,40,
20,41,8.0
20,42,
20,43,
20,44,
20,45,
20,46,
20,47,8.0
20,48,
20,49,
20,50,
20,51,
20,52,
20,53,
20,54,8.0
20,55,
20,56,
20,57,
20,58,8.0
20,59,
20,60,
20,61,
20,62,
20,63,
20,64,
20,65,
20,66,
20,67,
20,68,
20,69,
20,70,
20,71,
20,72,
20,73,
20,74,
20,75,
20,76,
20,77,8.0
20,78,
20,79,
20,80,
20,81,
20,82,
20,83,8.0
20,84,
20,85,
20,86,8.0
20,87,
20,88,
20,89,
20,90,
20,91,7.0
20,92,
20,93,
20,94,
20,95,
20,96,8.0
20,97,
20,98,8.0
20,99,
20,100,
20,101,
20,102,8.0
20,103,
20,104,
20,105,
20,106,
20,107,
20,108,
20,109,
20,110,
20,111,
20,112,
20,113,8.0
20,114,
20,115,
20,116,
20,117,
20,118,
20,119,
20,120,
20,121,8.0
20,122,
20,123,
20,124,
20,125,8.0
20,126,
20,127,
20,128,
20,129,
20,130,
20,131,
20,132,8.0
20,133,8.0
20,134,
20,135,
20,136,
20,137,
20,138,
20,139,8.0
20,140,
20,141,8.0
20,142,
20,143,
20,144,
20,145,
20,146,
20,147,
20,148,
20,149,
20,150,
20,151,
20,152,
20,153,
20,154,
20,155,
20,156,
20,157,
20,158,8.0
20,159,
20,160,8.0
20,161,
20,162,
20,163,
20,164,
20,165,
20,166,
20,167,
20,168,
20,169,8.0
20,170,
20,171,8.0
20,172,
20,173,8.0
20,174,8.0
20,175,8.0
20,176,8.0
20,177,
20,178,
20,179,
20,180,8.0
20,181,
20,182,
20,183,
20,184,8.0
20,185,8.0
20,186,
20,187,
20,188,
20,189,
20,190,
20,191,
20,192,
20,193,
20,194,
20,195,7.0
20,196,
20,197,
20,198,7.0
20,199,
20,200,
20,201,
20,202,
20,203,
20,204,
20,205,
20,206,8.0
20,207,7.0
20,208,
20,209,
20,210,
20,211,
20,212,
20,213,
20,214,
20,215,
20,216,
20,217,
20,218,
20,219,
20,220,
20,221,
20,222,
20,223,
20,224,
20,225,
20,226,
20,227,
20,228,
20,229,
20,230,
20,231,
20,232,
20,233,
20,234,
20,235,
20,236,
20,237,
20,238,
20,239,
20,240,
20,241,
20,242,
20,243,
20,244,8.0
20,245,
20,246,8.0
20,247,
20,248,8.0
20,249,
20,250,
20,251,
20,252,
20,253,8.0
20,254,
20,255,
20,256,
20,257,
20,258,
20,259,
20,260,8.0
20,261,8.0
20,262,
20,263,
20,264,
20,265,
20,266,
20,267,7.0
20,268,
20,269,
20,270,
20,271,
20,272,
20,273,
20,274,
20,275,
20,276,
20,277,
20,278,
20,279,
20,280,
20,281,
20,282,
20,283,
20,284,
20,285,
20,286,
20,287,
20,288,
20,289,
20,290,
20,291,
20,292,
20,293,
20,294,
20,295,
20,296,
20,297,
20,298,8.0
20,299,
20,300,
20,301,
20,302,
20,303,
20,304,
20,305,
20,306,
20,307,
20,308,
20,309,
20,310,
20,311,
20,312,
20,313,8.0
20,314,
20,315,
20,316,
20,317,
20,318,
20,319,
20,320,
20,321,
20,322,
20,323,
20,324,
20,325,
20,326,
20,327,8.0
20,328,
20,329,
20,330,
20,331,8.0
20,332,
20,333,
20,334,8.0
20,335,8.0
20,336,
20,337,
20,338,
20,339,
20,340,
20,341,
20,342,
20,343,8.0
20,344,
20,345,
20,346,
20,347,
20,348,
20,349,
20,350,
20,351,
20,352,
20,353,
20,354,
20,355,8.0
20,356,
20,357,
20,358,
20,359,
20,360,
20,361,8.0
20,362,
20,363,
20,364,
20,365,
20,366,
20,367,
20,368,
20,369,8.0
20,370,
20,371,
20,372,
20,373,
20,374,
20,375,
20,376,
20,377,8.0
20,378,
20,379,
20,380,
20,381,
20,382,
20,383,
20,384,8.0
20,385,
20,386,
20,387,
20,388,
20,389,
20,390,
20,391,
20,392,
20,393,
20,394,
20,395,
20,396,
20,397,8.0
20,398,
20,399,
20,400,
20,401,
20,402,
20,403,
20,404,8.0
20,405,
21,1,
21,2,
21,3,
21,4,
21,5,
21,6,
21,7,
21,8,
21,9,
21,10,
21,11,
21,12,
21,13,8.0
21,14,
21,15,
21,16,
21,17,
21,18,
21,19,
21,20,
21,21,8.0
21,22,8.0
21,23,
21,24,
21,25,
21,26,
21,27,
21,28,
21,29,8.0
21,30,
21,31,
21,32,
21,33,
21,34,
21,35,
21,36,
21,37,
21,38,
21,39,
21,40,
21,41,8.0
21,42,
21,43,
21,44,
21,45,
21,46,
21,47,8.0
21,48,
21,49,
21,50,
21,51,
21,52,
21,53,
21,54,8.0
21,55,
21,56,
21,57,
21,58,8.0
21,59,
21,60,
21,61,
21,62,
21,63,
21,64,
21,65,
21,66,
21,67,
21,68,
21,69,
21,70,
21,71,
21,72,
21,73,
21,74,
21,75,
21,76,
21,77,8.0
21,78,
21,79,
21,80,
21,81,
21,82,
21,83,8.0
21,84,
21,85,
21,86,8.0
21,87,
21,88,
21,89,
21,90,
21,91,8.0
21,92,
21,93,
21,94,
21,95,
21,96,8.0
21,97,
21,98,8.0
21,99,
21,100,
21,101,
21,102,8.0
21,103,
21,104,
21,105,
21,106,
21,107,
21,108,
21,109,
21,110,
21,111,
21,112,
21,113,8.0
21,114,
21,115,
21,116,
21,117,
21,118,
21,119,
21,120,
21,121,8.0
21,122,
21,123,
21,124,
21,125,8.0
21,126,
21,127,
21,128,
21,129,
21,130,
21,131,
21,132,8.0
21,133,8.0
21,134,
21,135,
21,136,
21,137,
21,138,
21,139,8.0
21,140,
21,141,8.0
21,142,
21,143,
21,144,
21,145,
21,146,
21,147,
21,148,
21,149,
21,150,
21,151,
21,152,
21,153,
21,154,
21,155,
21,156,
21,157,
21,158,8.0
21,159,
21,160,8.0
21,161,
21,162,
21,163,
21,164,
21,165,
21,166,
21,167,
21,168,
21,169,8.0
21,170,
21,171,8.0
21,172,
21,173,8.0
21,174,8.0
21,175,8.0
21,176,8.0
21,177,
21,178,
21,179,
21,180,8.0
21,181,
21,182,
21,183,
21,184,8.0
21,185,8.0
21,186,
21,187,
21,188,
21,189,
21,190,
21,191,
21,192,
21,193,
21,194,
21,195,8.0
21,196,
21,197,
21,198,8.0
21,199,
21,200,
21,201,
21,202,
21,203,
21,204,
21,205,
21,206,8.0
21,207,8.0
21,208,
21,209,
21,210,
21,211,
21,212,
21,213,
21,214,
21,215,
21,216,
21,217,
21,218,
21,219,
21,220,
21,221,
21,222,
21,223,
21,224,
21,225,
21,226,
21,227,
21,228,
21,229,
21,230,
21,231,
21,232,
21,233,
21,234,
21,235,
21,236,
21,237,
21,238,
21,239,
21,240,
21,241,
21,242,
21,243,
21,244,8.0
21,245,
21,246,8.0
21,247,
21,248,8.0
21,249,
21,250,
21,251,
21,252,
21,253,8.0
21,254,
21,255,
21,256,
21,257,
21,258,
21,259,
21,260,8.0
21,261,8.0
21,262,
21,263,
21,264,
21,265,
21,266,
21,267,8.0
21,268,
21,269,
21,270,
21,271,
21,272,
21,273,
21,274,
21,275,
21,276,
21,277,
21,278,
21,279,
21,280,
21,281,
21,282,
21,283,
21,284,
21,285,
21,286,
21,287,
21,288,
21,289,
21,290,
21,291,
21,292,
21,293,
21,294,
21,295,
21,296,
21,297,
21,298,8.0
21,299,
21,300,
21,301,
21,302,
21,303,
21,304,
21,305,
21,306,
21,307,
21,308,
21,309,
21,310,
21,311,
21,312,
21,313,8.0
21,314,
21,315,
21,316,
21,317,
21,318,
21,319,
21,320,
21,321,
21,322,
21,323,
21,324,
21,325,
21,326,
21,327,8.0
21,328,
21,329,
21,330,
21,331,8.0
21,332,
21,333,
21,334,8.0
21,335,8.0
21,336,
21,337,
21,338,
21,339,
21,340,
21,341,
21,342,
21,343,8.0
21,344,
21,345,
21,346,
21,347,
21,348,
21,349,
21,350,
21,351,
21,352,
21,353,
21,354,
21,355,8.0
21,356,
21,357,
21,358,
21,359,
21,360,
21,361,8.0
21,362,
21,363,
21,364,
21,365,
21,366,
21,367,
21,368,
21,369,8.0
21,370,
21,371,
21,372,
21,373,
21,374,
21,375,
21,376,
21,377,8.0
21,378,
21,379,
21,380,
21,381,
21,382,
21,383,
21,384,8.0
21,385,
21,386,
21,387,
21,388,
21,389,
21,390,
21,391,
21,392,
21,393,
21,394,
21,395,
21,396,
21,397,8.0
21,398,
21,399,
21,400,
21,401,
21,402,
21,403,
21,404,8.0
21,405,
22,1,5.11697
22,2,7.0854
22,3,6.99045
22,4,4.96782
22,5,8.0
22,6,6.0
22,7,6.97943
22,8,4.94735
22,9,5.06783
22,10,7.96833
22,11,4.82073
22,12,9.1724
22,13,7.0
22,14,5.94553
22,15,7.93911
22,16,6.18961
22,17,7.11263
22,18,5.02204
22,19,5.02884
22,20,8.90819
22,21,5.0
22,22,5.0
22,23,4.96577
22,24,6.02126
22,25,5.17132
22,26,4.83299
22,27,5.17527
22,28,7.89457
22,29,4.0
22,30,6.96949
22,31,9.87841
22,32,9.87313
22,33,7.172
22,34,8.86055
22,35,6.92374
22,36,5.10864
22,37,8.05515
22,38,9.17709
22,39,8.80406
22,40,6.82676
22,41,5.0
22,42,7.91206
22,43,7.08231
22,44,7.98811
22,45,8.19576
22,46,7.09918
22,47,8.0
22,48,5.07986
22,49,4.97654
22,50,4.91026
22,51,9.07631
22,52,6.17626
22,53,7.96142
22,54,7.0
22,55,8.07251
22,56,5.91887
22,57,6.09064
22,58,10.0
22,59,9.95265
22,60,6.00437
22,61,9.1427
22,62,7.84415
22,63,6.19282
22,64,9.9279
22,65,9.84146
22,66,6.02106
22,67,8.8681
22,68,5.096
22,69,5.83336
22,70,4.95581
22,71,5.14276
22,72,9.94572
22,73,9.83898
22,74,9.0624
22,75,8.08773
22,76,4.89866
22,77,6.0
22,78,4.0634
22,79,7.00393
22,80,8.88213
22,81,5.93175
22,82,4.97606
22,83,7.0
22,84,8.84493
22,85,7.18005
22,86,6.0
22,87,5.01406
22,88,7.0597
22,89,4.88831
22,90,7.09931
22,91,7.0
22,92,7.94945
22,93,5.91546
22,94,4.9161
22,95,8.98107
22,96,5.0
22,97,5.92208
22,98,5.0
22,99,7.19973
22,100,5.97056
22,101,9.08594
22,102,8.0
22,103,8.16617
22,104,8.02701
22,105,8.16299
22,106,4.83536
22,107,9.13257
22,108,5.96172
22,109,7.07471
22,110,7.15495
22,111,6.93163
22,112,7.16831
22,113,6.0
22,114,5.09581
22,115,6.84742
22,116,9.12613
22,117,6.89927
22,118,4.94934
22,119,8.9997
22,120,6.94441
22,121,5.0
22,122,5.13705
22,123,5.11413
22,124,8.069
22,125,7.0
22,126,8.83163
22,127,4.80477
22,128,7.12018
22,129,6.83772
22,130,7.0884
22,131,6.98065
22,132,5.0
22,133,8.0
22,134,7.15847
22,135,7.14561
22,136,8.01094
22,137,7.86234
22,138,7.99872
22,139,8.0
22,140,9.01544
22,141,6.0
22,142,7.01065
22,143,9.06834
22,144,8.82281
22,145,8.98204
22,146,9.04239
22,147,5.88949
22,148,4.90694
22,149,4.94978
22,150,6.83255
22,151,6.83901
22,152,7.00868
22,153,6.83048
22,154,9.08286
22,155,7.16908
22,156,6.83573
22,157,8.81105
22,158,5.0
22,159,5.06245
22,160,5.0
22,161,5.84233
22,162,7.17265
22,163,9.18875
22,164,9.19218
22,165,7.90985
22,166,9.01606
22,167,7.81438
22,168,8.8401
22,169,8.0
22,170,7.887
22,171,7.0
22,172,6.15583
22,173,8.0
22,174,9.0
22,175,5.0
22,176,7.0
22,177,7.93229
22,178,5.9489
22,179,5.99665
22,180,7.0
22,181,4.87726
22,182,8.17974
22,183,6.10474
22,184,7.0
22,185,5.0
22,186,7.93613
22,187,8.16875
22,188,6.05791
22,189,8.93127
22,190,5.97333
22,191,7.19608
22,192,7.09787
22,193,7.80244
22,194,7.1901
22,195,9.0
22,196,9.11021
22,197,4.81461
22,198,8.0
22,199,7.80327
22,200,6.83102
22,201,5.08566
22,202,6.97974
22,203,8.80477
22,204,4.92281
22,205,9.083
22,206,9.0
22,207,8.0
22,208,4.98051
22,209,7.18594
22,210,7.12132
22,211,6.9435
22,212,5.13002
22,213,4.81224
22,214,7.09046
22,215,7.19485
22,216,5.0202
22,217,4.87923
22,218,7.84613
22,219,7.96703
22,220,8.08567
22,221,7.96965
22,222,8.02883
22,223,8.13833
22,224,8.19123
22,225,8.00593
22,226,6.05567
22,227,4.98049
22,228,5.97554
22,229,6.1096
22,230,8.98219
22,231,5.81463
22,232,8.82425
22,233,5.16254
22,234,7.13535
22,235,7.12517
22,236,6.82045
22,237,6.80469
22,238,4.99211
22,239,6.93757
22,240,8.17455
22,241,8.08273
22,242,8.19485
22,243,7.89096
22,244,9.0
22,245,5.98346
22,246,7.0
22,247,6.8223
22,248,7.0
22,249,6.85156
22,250,4.93897
22,251,5.04182
22,252,5.18662
22,253,7.0
22,254,6.98385
22,255,7.92451
22,256,8.82763
22,257,7.16918
22,258,7.89811
22,259,5.89463
22,260,6.0
22,261,7.0
22,262,8.06918
22,263,9.13845
22,264,4.97516
22,265,4.98351
22,266,6.17902
22,267,6.0
22,268,5.13284
22,269,9.03588
22,270,5.1363
22,271,5.85009
22,272,6.90833
22,273,6.81411
22,274,5.9238
22,275,7.0627
22,276,5.92349
22,277,6.98914
22,278,9.0605
22,279,9.07358
22,280,8.05932
22,281,9.07394
22,282,5.0759
22,283,7.06651
22,284,6.88761
22,285,4.84608
22,286,4.91941
22,287,5.1797
22,288,4.8714
22,289,9.03418
22,290,5.80849
22,291,7.1047
22,292,4.9573
22,293,6.04567
22,294,6.96729
22,295,8.12354
22,296,4.95885
22,297,5.17662
22,298,7.0
22,299,5.00434
22,300,6.98097
22,301,6.80328
22,302,4.8324
22,303,6.95701
22,304,4.8893
22,305,6.95336
22,306,9.14927
22,307,8.86941
22,308,8.15097
22,309,8.134
22,310,6.99408
22,311,8.83099
22,312,5.98887
22,313,6.0
22,314,6.19078
22,315,4.83445
22,316,6.8512
22,317,6.1669
22,318,7.10091
22,319,5.8736
22,320,6.19775
22,321,5.86639
22,322,4.95679
22,323,5.19915
22,324,4.94662
22,325,5.16551
22,326,6.19692
22,327,7.0
22,328,7.16301
22,329,7.1083
22,330,5.04467
22,331,5.0
22,332,6.88519
22,333,6.83794
22,334,5.0
22,335,7.0
22,336,4.9312
22,337,6.11325
22,338,7.0326
22,339,7.03295
22,340,4.89362
22,341,5.00651
22,342,7.0194
22,343,5.0
22,344,7.11682
22,345,6.00853
22,346,6.84011
22,347,4.85457
22,348,9.13705
22,349,7.0186
22,350,6.90891
22,351,5.0282
22,352,7.03579
22,353,8.00736
22,354,6.96725
22,355,7.0
22,356,4.84473
22,357,8.08636
22,358,8.83051
22,359,8.90449
22,360,7.03035
22,361,6.0
22,362,5.1338
22,363,9.08362
22,364,5.11983
22,365,6.9869
22,366,7.07379
22,367,6.88641
22,368,9.16141
22,369,6.0
22,370,5.83896
22,371,6.98346
22,372,6.89411
22,373,9.12329
22,374,6.83118
22,375,4.89157
22,376,5.07609
22,377,7.0
22,378,7.93961
22,379,6.82547
22,380,7.06636
22,381,5.14591
22,382,6.83252
22,383,7.12921
22,384,9.0
22,385,4.85609
22,386,6.91521
22,387,9.10961
22,388,7.84244
22,389,7.94281
22,390,6.86489
22,391,7.06928
22,392,8.94551
22,393,7.12289
22,394,6.85559
22,395,8.11857
22,396,8.16254
22,397,10.0
22,398,5.01191
22,399,6.8974
22,400,8.11528
22,401,7.03713
22,402,4.82535
22,403,6.96774
22,404,8.0
22,405,9.0203
23,1,9.94742
23,2,0.843072
23,3,0.811643
23,4,5.09268
23,5,6.0
23,6,10.0
23,7,0.899565
23,8,9.87309
23,9,9.98061
23,10,6.14873
23,11,9.88438
23,12,9.8578
23,13,1.0
23,14,9.89413
23,15,6.00729
23,16,9.94154
23,17,9.85081
23,18,4.86027
23,19,-0.823903
23,20,9.92737
23,21,7.0
23,22,10.0
23,23,9.93995
23,24,9.85849
23,25,9.83261
23,26,-0.804772
23,27,9.82524
23,28,9.95127
23,29,-1.0
23,30,1.13268
23,31,9.8754
23,32,9.95129
23,33,9.90037
23,34,9.99998
23,35,9.98222
23,36,9.94072
23,37,5.96935
23,38,9.8354
23,39,9.93224
23,40,9.85253
23,41,6.0
23,42,9.86041
23,43,4.97037
23,44,4.8412
23,45,6.17311
23,46,9.87289
23,47,6.0
23,48,6.9539
23,49,9.80681
23,50,9.83817
23,51,9.93568
23,52,9.90699
23,53,5.8483
23,54,10.0
23,55,5.07669
23,56,9.819
23,57,9.8484
23,58,10.0
23,59,9.92263
23,60,9.99284
23,61,9.93735
23,62,5.96171
23,63,9.96876
23,64,9.8796
23,65,9.95258
23,66,9.9671
23,67,9.81073
23,68,9.90868
23,69,9.98618
23,70,9.94569
23,71,9.96362
23,72,9.93062
23,73,9.83452
23,74,9.88671
23,75,9.83934
23,76,5.8847
23,77,10.0
23,78,-0.995883
23,79,9.94419
23,80,9.81137
23,81,4.87755
23,82,-0.859493
23,83,10.0
23,84,9.83919
23,85,9.87406
23,86,10.0
23,87,9.94667
23,88,0.817537
23,89,9.90236
23,90,4.94275
23,91,5.0
23,92,5.96625
23,93,9.84172
23,94,9.86013
23,95,9.9684
23,96,10.0
23,97,5.02915
23,98,10.0
23,99,9.83258
23,100,4.98912
23,101,9.82728
23,102,5.0
23,103,4.88352
23,104,4.86169
23,105,5.06403
23,106,4.95218
23,107,9.83149
23,108,5.07012
23,109,9.9209
23,110,9.90043
23,111,9.99979
23,112,5.01667
23,113,10.0
23,114,5.09553
23,115,5.18541
23,116,9.9545
23,117,9.94828
23,118,5.03429
23,119,9.90338
23,120,9.95495
23,121,5.0
23,122,5.161
23,123,4.86527
23,124,9.91098
23,125,10.0
23,126,9.82153
23,127,9.93002
23,128,9.96986
23,129,9.82393
23,130,9.85243
23,131,4.96311
23,132,10.0
23,133,10.0
23,134,9.8626
23,135,4.92458
23,136,9.88955
23,137,9.85764
23,138,9.88604
23,139,10.0
23,140,9.80424
23,141,10.0
23,142,9.94513
23,143,9.94431
23,144,9.97147
23,145,9.89505
23,146,9.85503
23,147,9.83731
23,148,9.89691
23,149,9.98909
23,150,9.99994
23,151,9.96697
23,152,9.9842
23,153,9.86283
23,154,9.82685
23,155,9.97767
23,156,9.873
23,157,9.82562
23,158,5.0
23,159,4.82108
23,160,-1.0
23,161,9.83867
23,162,9.94499
23,163,9.85603
23,164,9.83124
23,165,5.0879
23,166,9.96852
23,167,9.97179
23,168,9.86019
23,169,5.0
23,170,4.9777
23,171,10.0
23,172,4.83692
23,173,5.0
23,174,10.0
23,175,10.0
23,176,10.0
23,177,4.97399
23,178,9.98847
23,179,9.8041
23,180,10.0
23,181,6.95114
23,182,5.18053
23,183,9.81685
23,184,10.0
23,185,10.0
23,186,9.91408
23,187,9.81673
23,188,4.80084
23,189,9.9215
23,190,9.99469
23,191,9.90036
23,192,9.83034
23,193,4.88592
23,194,4.90486
23,195,10.0
23,196,9.96917
23,197,7.04469
23,198,10.0
23,199,9.90252
23,200,4.9475
23,201,5.11669
23,202,9.90155
23,203,9.87611
23,204,9.81138
23,205,9.99072
23,206,10.0
23,207,5.0
23,208,9.89976
23,209,9.98486
23,210,9.86836
23,211,9.80181
23,212,9.95662
23,213,-0.889747
23,214,9.87238
23,215,9.93682
23,216,9.97744
23,217,9.82316
23,218,9.83418
23,219,9.91369
23,220,9.98721
23,221,9.86374
23,222,9.86306
23,223,9.81272
23,224,9.83797
23,225,9.89886
23,226,-0.930951
23,227,9.86808
23,228,-0.903174
23,229,-0.821396
23,230,9.82147
23,231,-0.842281
23,232,9.9239
23,233,9.89245
23,234,9.93049
23,235,9.85999
23,236,9.84077
23,237,9.80852
23,238,9.8736
23,239,9.95198
23,240,4.88154
23,241,4.87346
23,242,5.17356
23,243,5.04457
23,244,10.0
23,245,9.81923
23,246,10.0
23,247,9.80901
23,248,10.0
23,249,9.86385
23,250,4.87748
23,251,5.08719
23,252,9.99623
23,253,5.0
23,254,9.986
23,255,5.18288
23,256,9.83357
23,257,9.92457
23,258,5.14392
23,259,9.96267
23,260,10.0
23,261,5.0
23,262,4.96645
23,263,9.9673
23,264,4.9281
23,265,4.99676
23,266,9.93272
23,267,-1.0
23,268,9.91012
23,269,9.8104
23,270,9.85976
23,271,5.11222
23,272,9.96189
23,273,9.8661
23,274,5.15517
23,275,9.94158
23,276,9.88298
23,277,9.98205
23,278,9.82845
23,279,9.89838
23,280,4.84848
23,281,9.97726
23,282,6.99108
23,283,9.95952
23,284,9.9647
23,285,4.83415
23,286,5.11453
23,287,9.9594
23,288,9.93064
23,289,9.9766
23,290,-0.866786
23,291,9.87141
23,292,9.94454
23,293,-0.883408
23,294,9.83561
23,295,5.80531
23,296,6.87985
23,297,9.86195
23,298,10.0
23,299,9.84492
23,300,9.81825
23,301,9.92362
23,302,4.81958
23,303,9.81573
23,304,9.86068
23,305,9.92041
23,306,9.89029
23,307,9.86684
23,308,9.84753
23,309,5.06816
23,310,9.94743
23,311,9.85154
23,312,9.85881
23,313,10.0
23,314,9.84177
23,315,9.81611
23,316,9.90223
23,317,9.85634
23,318,9.84568
23,319,-0.834496
23,320,-0.908718
23,321,-0.88085
23,322,9.84406
23,323,9.93965
23,324,9.9044
23,325,9.98612
23,326,-0.810359
23,327,10.0
23,328,9.85714
23,329,9.94743
23,330,9.84206
23,331,10.0
23,332,5.18403
23,333,5.09842
23,334,10.0
23,335,10.0
23,336,9.88786
23,337,-0.913205
23,338,9.93682
23,339,4.97074
23,340,9.94377
23,341,7.08947
23,342,9.84863
23,343,10.0
23,344,9.82807
23,345,-0.905955
23,346,9.83788
23,347,9.9044
23,348,9.81142
23,349,9.89128
23,350,9.87239
23,351,9.93891
23,352,9.98826
23,353,9.80979
23,354,9.8775
23,355,10.0
23,356,9.98116
23,357,9.89214
23,358,9.86456
23,359,9.81613
23,360,9.95584
23,361,5.0
23,362,-0.895311
23,363,9.88776
23,364,9.8632
23,365,9.97264
23,366,4.82643
23,367,9.80825
23,368,9.83248
23,369,5.0
23,370,4.88678
23,371,9.89533
23,372,9.9328
23,373,9.89407
23,374,9.99115
23,375,9.97339
23,376,9.95138
23,377,10.0
23,378,9.84124
23,379,5.05791
23,380,9.8996
23,381,9.96741
23,382,4.83168
23,383,9.92841
23,384,10.0
23,385,9.89198
23,386,9.87932
23,387,9.84888
23,388,4.99154
23,389,5.044
23,390,9.80085
23,391,9.88758
23,392,9.9845
23,393,9.83685
23,394,9.82198
23,395,9.85721
23,396,5.08315
23,397,10.0
23,398,9.81565
23,399,9.8073
23,400,5.06321
23,401,9.83997
23,402,9.98962
23,403,5.13824
23,404,10.0
23,405,9.94099
24,1,5.9321
24,2,0.825267
24,3,0.911265
24,4,1.00093
24,5,0.0
24,6,6.0
24,7,1.02365
24,8,1.07589
24,9,7.06194
24,10,0.155373
24,11,6.83733
24,12,0.859322
24,13,1.0
24,14,9.89386
24,15,0.040705
24,16,9.81409
24,17,8.90767
24,18,0.911651
24,19,0.0305056
24,20,9.84823
24,21,9.0
24,22,2.0
24,23,1.93549
24,24,9.93031
24,25,4.0682
24,26,0.0686322
24,27,3.99208
24,28,9.93689
24,29,10.0
24,30,0.95456
24,31,9.89964
24,32,9.95418
24,33,0.156611
24,34,0.981693
24,35,7.90342
24,36,1.97842
24,37,0.184176
24,38,9.90079
24,39,9.90665
24,40,9.0671
24,41,9.0
24,42,3.01369
24,43,9.98546
24,44,9.94066
24,45,0.156161
24,46,9.83508
24,47,10.0
24,48,9.14419
24,49,5.84966
24,50,2.17906
24,51,0.938893
24,52,6.00112
24,53,0.168758
24,54,9.0
24,55,9.9629
24,56,7.91847
24,57,8.18872
24,58,10.0
24,59,9.81786
24,60,7.98087
24,61,1.19123
24,62,0.159812
24,63,6.11533
24,64,9.99849
24,65,9.9408
24,66,6.06539
24,67,0.824672
24,68,1.98592
24,69,9.8038
24,70,2.014
24,71,4.11697
24,72,9.94638
24,73,9.91524
24,74,1.13663
24,75,3.14152
24,76,9.09816
24,77,3.0
24,78,9.97722
24,79,8.8729
24,80,1.15434
24,81,6.91256
24,82,0.167881
24,83,0.0
24,84,9.9491
24,85,9.03691
24,86,10.0
24,87,6.02542
24,88,1.11136
24,89,1.93555
24,90,9.97746
24,91,10.0
24,92,0.105523
24,93,2.81234
24,94,6.88342
24,95,0.8239
24,96,6.0
24,97,8.94912
24,98,6.0
24,99,9.86996
24,100,9.0952
24,101,9.84133
24,102,10.0
24,103,9.97393
24,104,9.90993
24,105,9.95704
24,106,0.98398
24,107,9.85867
24,108,8.80407
24,109,9.8064
24,110,9.97822
24,111,9.80254
24,112,0.862405
24,113,10.0
24,114,0.960075
24,115,0.83382
24,116,1.09554
24,117,9.86567
24,118,1.1869
24,119,9.99339
24,120,9.01358
24,121,0.0
24,122,0.059311
24,123,0.157105
24,124,3.1656
24,125,10.0
24,126,9.96026
24,127,0.956957
24,128,8.99616
24,129,2.96409
24,130,2.92922
24,131,1.1286
24,132,7.0
24,133,10.0
24,134,9.86595
24,135,1.1894
24,136,9.82985
24,137,9.81828
24,138,9.96835
24,139,0.0
24,140,9.89488
24,141,10.0
24,142,9.14053
24,143,9.81655
24,144,9.86163
24,145,9.96482
24,146,9.83166
24,147,9.83625
24,148,6.07218
24,149,5.82963
24,150,9.88976
24,151,9.90342
24,152,9.90969
24,153,9.88612
24,154,9.81179
24,155,9.12254
24,156,9.16325
24,157,9.84447
24,158,1.0
24,159,1.03362
24,160,0.0
24,161,7.82469
24,162,9.84683
24,163,9.85289
24,164,9.91294
24,165,9.9427
24,166,9.9376
24,167,2.85309
24,168,9.87934
24,169,8.0
24,170,8.19599
24,171,1.0
24,172,8.95594
24,173,10.0
24,174,9.0
24,175,1.0
24,176,0.0
24,177,9.99577
24,178,6.00642
24,179,5.9872
24,180,9.0
24,181,9.02626
24,182,9.8965
24,183,6.04796
24,184,10.0
24,185,2.0
24,186,2.82585
24,187,2.94338
24,188,8.82803
24,189,4.9951
24,190,8.00975
24,191,6.80394
24,192,0.00545317
24,193,9.99865
24,194,9.984
24,195,5.0
24,196,5.14824
24,197,8.97726
24,198,3.0
24,199,2.8989
24,200,0.897209
24,201,0.176848
24,202,8.83446
24,203,1.02277
24,204,5.93924
24,205,9.97824
24,206,1.0
24,207,10.0
24,208,1.93948
24,209,9.07494
24,210,9.17043
24,211,5.95101
24,212,3.81542
24,213,0.0608884
24,214,5.81361
24,215,9.8015
24,216,4.18565
24,217,6.92459
24,218,9.81189
24,219,9.8322
24,220,9.96734
24,221,9.92793
24,222,9.91519
24,223,9.97813
24,224,9.91201
24,225,9.91002
24,226,8.98857
24,227,5.84409
24,228,8.86071
24,229,8.99382
24,230,9.90463
24,231,8.94863
24,232,9.91059
24,233,5.94519
24,234,6.10168
24,235,9.13161
24,236,9.83714
24,237,6.81211
24,238,5.92421
24,239,8.91285
24,240,9.89224
24,241,9.80839
24,242,9.98672
24,243,9.84637
24,244,10.0
24,245,9.92028
24,246,8.0
24,247,6.87673
24,248,1.0
24,249,9.89485
24,250,0.95451
24,251,1.15104
24,252,1.8061
24,253,1.0
24,254,2.96417
24,255,9.98792
24,256,9.07057
24,257,0.0965046
24,258,9.95166
24,259,6.19386
24,260,10.0
24,261,10.0
24,262,7.92636
24,263,9.94311
24,264,1.07854
24,265,0.889217
24,266,9.85674
24,267,9.0
24,268,5.91724
24,269,0.870262
24,270,1.04912
24,271,9.18804
24,272,9.98499
24,273,0.152731
24,274,8.99229
24,275,9.89627
24,276,8.11689
24,277,8.95294
24,278,9.90403
24,279,9.95687
24,280,9.89558
24,281,9.98381
24,282,9.12168
24,283,9.80206
24,284,9.88371
24,285,1.18789
24,286,0.944709
24,287,6.10802
24,288,5.84083
24,289,9.89712
24,290,9.09529
24,291,9.96403
24,292,6.12137
24,293,9.04991
24,294,9.93272
24,295,9.94518
24,296,9.02707
24,297,5.957
24,298,3.0
24,299,1.9014
24,300,6.11383
24,301,9.86521
24,302,1.08693
24,303,5.91859
24,304,6.99721
24,305,9.88768
24,306,9.94789
24,307,9.8068
24,308,9.81379
24,309,9.8064
24,310,5.99528
24,311,9.87758
24,312,7.9089
24,313,8.0
24,314,7.87621
24,315,6.1898
24,316,7.1081
24,317,5.82567
24,318,9.82
24,319,8.88531
24,320,9.03813
24,321,8.91495
24,322,5.88835
24,323,5.96237
24,324,5.8745
24,325,5.85801
24,326,8.90262
24,327,10.0
24,328,5.86641
24,329,5.88967
24,330,1.80407
24,331,2.0
24,332,1.14627
24,333,1.07844
24,334,2.0
24,335,9.0
24,336,6.04323
24,337,9.04319
24,338,9.9949
24,339,1.07672
24,340,5.96614
24,341,8.88487
24,342,5.83176
24,343,4.0
24,344,9.03521
24,345,9.06306
24,346,2.90957
24,347,6.13392
24,348,9.8203
24,349,8.98653
24,350,9.96498
24,351,6.01311
24,352,9.90573
24,353,3.16712
24,354,9.99706
24,355,7.0
24,356,6.06657
24,357,2.89336
24,358,1.18346
24,359,0.999145
24,360,6.97108
24,361,7.0
24,362,0.194176
24,363,9.99029
24,364,5.93719
24,365,9.95829
24,366,1.12781
24,367,8.80711
24,368,9.8502
24,369,9.0
24,370,8.81075
24,371,9.19377
24,372,5.86799
24,373,9.9269
24,374,6.10113
24,375,5.88124
24,376,2.1971
24,377,6.0
24,378,3.00332
24,379,0.954019
24,380,9.8209
24,381,6.83263
24,382,1.02552
24,383,6.17573
24,384,10.0
24,385,4.10342
24,386,0.0709042
24,387,9.80904
24,388,9.81196
24,389,9.8461
24,390,7.91831
24,391,9.8683
24,392,9.85618
24,393,7.10889
24,394,6.16564
24,395,2.87167
24,396,9.812
24,397,9.0
24,398,1.19612
24,399,0.0226675
24,400,9.85582
24,401,7.98182
24,402,1.82285
24,403,9.85873
24,404,3.0
24,405,5.01619
25,1,
25,2,
25,3,
25,4,
25,5,
25,6,
25,7,
25,8,
25,9,
25,10,
25,11,
25,12,
25,13,
25,14,
25,15,
25,16,
25,17,
25,18,
25,19,
25,20,
25,21,
25,22,
25,23,
25,24,
25,25,
25,26,
25,27,
25,28,
25,29,
25,30,
25,31,
25,32,
25,33,
25,34,
25,35,
25,36,
25,37,
25,38,
25,39,
25,40,
25,41,
25,42,
25,43,
25,44,
25,45,
25,46,
25,47,
25,48,
25,49,
25,50,
25,51,
25,52,
25,53,
25,54,
25,55,
25,56,
25,57,
25,58,
25,59,
25,60,
25,61,
25,62,
25,63,
25,64,
25,65,
25,66,
25,67,
25,68,
25,69,
25,70,
25,71,
25,72,
25,73,
25,74,
25,75,
25,76,
25,77,
25,78,
25,79,
25,80,
25,81,
25,82,
25,83,
25,84,
25,85,
25,86,
25,87,
25,88,
25,89,
25,90,
25,91,
25,92,
25,93,
25,94,
25,95,
25,96,
25,97,
25,98,
25,99,
25,100,
25,101,
25,102,
25,103,
25,104,
25,105,
25,106,
25,107,
25,108,
25,109,
25,110,
25,111,
25,112,
25,113,
25,114,
25,115,
25,116,
25,117,
25,118,
25,119,
25,120,
25,121,
25,122,
25,123,
25,124,
25,125,
25,126,
25,127,
25,128,
25,129,
25,130,
25,131,
25,132,
25,133,
25,134,
25,135,
25,136,
25,137,
25,138,
25,139,
25,140,
25,141,
25,142,
25,143,
25,144,
25,145,
25,146,
25,147,
25,148,
25,149,
25,150,
25,151,
25,152,
25,153,
25,154,
25,155,
25,156,
25,157,
25,158,
25,159,
25,160,
25,161,
25,162,
25,163,
25,164,
25,165,
25,166,
25,167,
25,168,
25,169,
25,170,
25,171,
25,172,
25,173,
25,174,
25,175,
25,176,
25,177,
25,178,
25,179,
25,180,
25,181,
25,182,
25,183,
25,184,
25,185,
25,186,
25,187,
25,188,
25,189,
25,190,
25,191,
25,192,
25,193,
25,194,
25,195,
25,196,
25,197,
25,198,
25,199,
25,200,
25,201,
25,202,
25,203,
25,204,
25,205,
25,206,
25,207,
25,208,
25,209,
25,210,
25,211,
25,212,
25,213,
25,214,
25,215,
25,216,
25,217,
25,218,
25,219,
25,220,
25,221,
25,222,
25,223,
25,224,
25,225,
25,226,
25,227,
25,228,
25,229,
25,230,
25,231,
25,232,
25,233,
25,234,
25,235,
25,236,
25,237,
25,238,
25,239,
25,240,
25,241,
25,242,
25,243,
25,244,
25,245,
25,246,
25,247,
25,248,
25,249,
25,250,
25,251,
25,252,
25,253,
25,254,
25,255,
25,256,
25,257,
25,258,
25,259,
25,260,
25,261,
25,262,
25,263,
25,264,
25,265,
25,266,
25,267,
25,268,
25,269,
25,270,
25,271,
25,272,
25,273,
25,274,
25,275,
25,276,
25,277,
25,278,
25,279,
25,280,
25,281,
25,282,
25,283,
25,284,
25,285,
25,286,
25,287,
25,288,
25,289,
25,290,
25,291,
25,292,
25,293,
25,294,
25,295,
25,296,
25,297,
25,298,
25,299,
25,300,
25,301,
25,302,
25,303,
25,304,
25,305,
25,306,
25,307,
25,308,
25,309,
25,310,
25,311,
25,312,
25,313,
25,314,
25,315,
25,316,
25,317,
25,318,
25,319,
25,320,
25,321,
25,322,
25,323,
25,324,
25,325,
25,326,
25,327,
25,328,
25,329,
25,330,
25,331,
25,332,
25,333,
25,334,
25,335,
25,336,
25,337,
25,338,
25,339,
25,340,
25,341,
25,342,
25,343,
25,344,
25,345,
25,346,
25,347,
25,348,
25,349,
25,350,
25,351,
25,352,
25,353,
25,354,
25,355,
25,356,
25,357,
25,358,
25,359,
25,360,
25,361,
25,362,
25,363,
25,364,
25,365,
25,366,
25,367,
25,368,
25,369,
25,370,
25,371,
25,372,
25,373,
25,374,
25,375,
25,376,
25,377,
25,378,
25,379,
25,380,
25,381,
25,382,
25,383,
25,384,
25,385,
25,386,
25,387,
25,388,
25,389,
25,390,
25,391,
25,392,
25,393,
25,394,
25,395,
25,396,
25,397,
25,398,
25,399,
25,400,
25,401,
25,402,
25,403,
25,404,
25,405,
26,1,
26,2,
26,3,
26,4,
26,5,
26,6,
26,7,
26,8,
26,9,
26,10,
26,11,
26,12,
26,13,
26,14,
26,15,
26,16,
26,17,
26,18,
26,19,
26,20,
26,21,
26,22,
26,23,
26,24,
26,25,
26,26,
26,27,
26,28,
26,29,
26,30,
26,31,
26,32,
26,33,
26,34,
26,35,
26,36,
26,37,
26,38,
26,39,
26,40,
26,41,
26,42,
26,43,
26,44,
26,45,
26,46,
26,47,
26,48,
26,49,
26,50,
26,51,
26,52,
26,53,
26,54,
26,55,
26,56,
26,57,
26,58,
26,59,
26,60,
26,61,
26,62,
26,63,
26,64,
26,65,
26,66,
26,67,
26,68,
26,69,
26,70,
26,71,
26,72,
26,73,
26,74,
26,75,
26,76,
26,77,
26,78,
26,79,
26,80,
26,81,
26,82,
26,83,
26,84,
26,85,
26,86,
26,87,
26,88,
26,89,
26,90,
26,91,
26,92,
26,93,
26,94,
26,95,
26,96,
26,97,
26,98,
26,99,
26,100,
26,101,
26,102,
26,103,
26,104,
26,105,
26,106,
26,107,
26,108,
26,109,
26,110,
26,111,
26,112,
26,113,
26,114,
26,115,
26,116,
26,117,
26,118,
26,119,
26,120,
26,121,
26,122,
26,123,
26,124,
26,125,
26,126,
26,127,
26,128,
26,129,
26,130,
26,131,
26,132,
26,133,
26,134,
26,135,
26,136,
26,137,
26,138,
26,139,
26,140,
26,141,
26,142,
26,143,
26,144,
26,145,
26,146,
26,147,
26,148,
26,149,
26,150,
26,151,
26,152,
26,153,
26,154,
26,155,
26,156,
26,157,
26,158,
26,159,
26,160,
26,161,
26,162,
26,163,
26,164,
26,165,
26,166,
26,167,
26,168,
26,169,
26,170,
26,171,
26,172,
26,173,
26,174,
26,175,
26,176,
26,177,
26,178,
26,179,
26,180,
26,181,
26,182,
26,183,
26,184,
26,185,
26,186,
26,187,
26,188,
26,189,
26,190,
26,191,
26,192,
26,193,
26,194,
26,195,
26,196,
26,197,
26,198,
26,199,
26,200,
26,201,
26,202,
26,203,
26,204,
26,205,
26,206,
26,207,
26,208,
26,209,
26,210,
26,211,
26,212,
26,213,
26,214,
26,215,
26,216,
26,217,
26,218,
26,219,
26,220,
26,221,
26,222,
26,223,
26,224,
26,225,
26,226,
26,227,
26,228,
26,229,
26,230,
26,231,
26,232,
26,233,
26,234,
26,235,
26,236,
26,237,
26,238,
26,239,
26,240,
26,241,
26,242,
26,243,
26,244,
26,245,
26,246,
26,247,
26,248,
26,249,
26,250,
26,251,
26,252,
26,253,
26,254,
26,255,
26,256,
26,257,
26,258,
26,259,
26,260,
26,261,
26,262,
26,263,
26,264,
26,265,
26,266,
26,267,
26,268,
26,269,
26,270,
26,271,
26,272,
26,273,
26,274,
26,275,
26,276,
26,277,
26,278,
26,279,
26,280,
26,281,
26,282,
26,283,
26,284,
26,285,
26,286,
26,287,
26,288,
26,289,
26,290,
26,291,
26,292,
26,293,
26,294,
26,295,
26,296,
26,297,
26,298,
26,299,
26,300,
26,301,
26,302,
26,303,
26,304,
26,305,
26,306,
26,307,
26,308,
26,309,
26,310,
26,311,
26,312,
26,313,
26,314,
26,315,
26,316,
26,317,
26,318,
26,319,
26,320,
26,321,
26,322,
26,323,
26,324,
26,325,
26,326,
26,327,
26,328,
26,329,
26,330,
26,331,
26,332,
26,333,
26,334,
26,335,
26,336,
26,337,
26,338,
26,339,
26,340,
26,341,
26,342,
26,343,
26,344,
26,345,
26,346,
26,347,
26,348,
26,349,
26,350,
26,351,
26,352,
26,353,
26,354,
26,355,
26,356,
26,357,
26,358,
26,359,
26,360,
26,361,
26,362,
26,363,
26,364,
26,365,
26,366,
26,367,
26,368,
26,369,
26,370,
26,371,
26,372,
26,373,
26,374,
26,375,
26,376,
26,377,
26,378,
26,379,
26,380,
26,381,
26,382,
26,383,
26,384,
26,385,
26,386,
26,387,
26,388,
26,389,
26,390,
26,391,
26,392,
26,393,
26,394,
26,395,
26,396,
26,397,
26,398,
26,399,
26,400,
26,401,
26,402,
26,403,
26,404,
26,405,
27,1,
27,2,
27,3,
27,4,
27,5,4.0
27,6,4.0
27,7,
27,8,
27,9,
27,10,
27,11,
27,12,
27,13,7.0
27,14,
27,15,
27,16,
27,17,
27,18,
27,19,
27,20,
27,21,8.0
27,22,8.0
27,23,
27,24,
27,25,
27,26,
27,27,
27,28,
27,29,7.0
27,30,
27,31,
27,32,
27,33,
27,34,
27,35,
27,36,
27,37,
27,38,
27,39,
27,40,
27,41,10.0
27,42,
27,43,
27,44,
27,45,
27,46,
27,47,8.0
27,48,
27,49,
27,50,
27,51,
27,52,
27,53,
27,54,10.0
27,55,
27,56,
27,57,
27,58,10.0
27,59,
27,60,
27,61,
27,62,
27,63,
27,64,
27,65,
27,66,
27,67,
27,68,
27,69,
27,70,
27,71,
27,72,
27,73,
27,74,
27,75,
27,76,
27,77,6.0
27,78,
27,79,
27,80,
27,81,
27,82,
27,83,5.0
27,84,
27,85,
27,86,9.0
27,87,
27,88,
27,89,
27,90,
27,91,9.0
27,92,
27,93,
27,94,
27,95,
27,96,10.0
27,97,
27,98,10.0
27,99,
27,100,
27,101,
27,102,10.0
27,103,
27,104,
27,105,
27,106,
27,107,
27,108,
27,109,
27,110,
27,111,
27,112,
27,113,9.0
27,114,
27,115,
27,116,
27,117,
27,118,
27,119,
27,120,
27,121,5.0
27,122,
27,123,
27,124,
27,125,9.0
27,126,
27,127,
27,128,
27,129,
27,130,
27,131,
27,132,9.0
27,133,8.0
27,134,
27,135,
27,136,
27,137,
27,138,
27,139,8.0
27,140,
27,141,9.0
27,142,
27,143,
27,144,
27,145,
27,146,
27,147,
27,148,
27,149,
27,150,
27,151,
27,152,
27,153,
27,154,
27,155,
27,156,
27,157,
27,158,7.0
27,159,
27,160,4.0
27,161,
27,162,
27,163,
27,164,
27,165,
27,166,
27,167,
27,168,
27,169,6.0
27,170,
27,171,9.0
27,172,
27,173,6.0
27,174,6.0
27,175,10.0
27,176,6.0
27,177,
27,178,
27,179,
27,180,9.0
27,181,
27,182,
27,183,
27,184,5.0
27,185,10.0
27,186,
27,187,
27,188,
27,189,
27,190,
27,191,
27,192,
27,193,
27,194,
27,195,8.0
27,196,
27,197,
27,198,7.0
27,199,
27,200,
27,201,
27,202,
27,203,
27,204,
27,205,
27,206,
27,207,
27,208,
27,209,
27,210,
27,211,
27,212,
27,213,
27,214,
27,215,
27,216,
27,217,
27,218,
27,219,
27,220,
27,221,
27,222,
27,223,
27,224,
27,225,
27,226,
27,227,
27,228,
27,229,
27,230,
27,231,
27,232,
27,233,
27,234,
27,235,
27,236,
27,237,
27,238,
27,239,
27,240,
27,241,
27,242,
27,243,
27,244,
27,245,
27,246,
27,247,
27,248,
27,249,
27,250,
27,251,
27,252,
27,253,
27,254,
27,255,
27,256,
27,257,
27,258,
27,259,
27,260,
27,261,
27,262,
27,263,
27,264,
27,265,
27,266,
27,267,
27,268,
27,269,
27,270,
27,271,
27,272,
27,273,
27,274,
27,275,
27,276,
27,277,
27,278,
27,279,
27,280,
27,281,
27,282,
27,283,
27,284,
27,285,
27,286,
27,287,
27,288,
27,289,
27,290,
27,291,
27,292,
27,293,
27,294,
27,295,
27,296,
27,297,
27,298,
27,299,
27,300,
27,301,
27,302,
27,303,
27,304,
27,305,
27,306,
27,307,
27,308,
27,309,
27,310,
27,311,
27,312,
27,313,
27,314,
27,315,
27,316,
27,317,
27,318,
27,319,
27,320,
27,321,
27,322,
27,323,
27,324,
27,325,
27,326,
27,327,
27,328,
27,329,
27,330,
27,331,
27,332,
27,333,
27,334,
27,335,
27,336,
27,337,
27,338,
27,339,
27,340,
27,341,
27,342,
27,343,
27,344,
27,345,
27,346,
27,347,
27,348,
27,349,
27,350,
27,351,
27,352,
27,353,
27,354,
27,355,
27,356,
27,357,
27,358,
27,359,
27,360,
27,361,
27,362,
27,363,
27,364,
27,365,
27,366,
27,367,
27,368,
27,369,
27,370,
27,371,
27,372,
27,373,
27,374,
27,375,
27,376,
27,377,
27,378,
27,379,
27,380,
27,381,
27,382,
27,383,
27,384,
27,385,
27,386,
27,387,
27,388,
27,389,
27,390,
27,391,
27,392,
27,393,
27,394,
27,395,
27,396,
27,397,
27,398,
27,399,
27,400,
27,401,
27,402,
27,403,
27,404,
27,405,
28,1,
28,2,
28,3,
28,4,
28,5,8.0
28,6,8.0
28,7,
28,8,
28,9,
28,10,
28,11,
28,12,
28,13,8.0
28,14,
28,15,
28,16,
28,17,
28,18,
28,19,
28,20,
28,21,9.0
28,22,8.0
28,23,
28,24,
28,25,
28,26,
28,27,
28,28,
28,29,8.0
28,30,
28,31,
28,32,
28,33,
28,34,
28,35,
28,36,
28,37,
28,38,
28,39,
28,40,
28,41,9.0
28,42,
28,43,
28,44,
28,45,
28,46,
28,47,10.0
28,48,
28,49,
28,50,
28,51,
28,52,
28,53,
28,54,9.0
28,55,
28,56,
28,57,
28,58,7.0
28,59,
28,60,
28,61,
28,62,
28,63,
28,64,
28,65,
28,66,
28,67,
28,68,
28,69,
28,70,
28,71,
28,72,
28,73,
28,74,
28,75,
28,76,
28,77,6.0
28,78,
28,79,
28,80,
28,81,
28,82,
28,83,8.0
28,84,
28,85,
28,86,6.0
28,87,
28,88,
28,89,
28,90,
28,91,9.0
28,92,
28,93,
28,94,
28,95,
28,96,6.0
28,97,
28,98,7.0
28,99,
28,100,
28,101,
28,102,9.0
28,103,
28,104,
28,105,
28,106,
28,107,
28,108,
28,109,
28,110,
28,111,
28,112,
28,113,8.0
28,114,
28,115,
28,116,
28,117,
28,118,
28,119,
28,120,
28,121,1.0
28,122,
28,123,
28,124,
28,125,9.0
28,126,
28,127,
28,128,
28,129,
28,130,
28,131,
28,132,8.0
28,133,9.0
28,134,
28,135,
28,136,
28,137,
28,138,
28,139,8.0
28,140,
28,141,5.0
28,142,
28,143,
28,144,
28,145,
28,146,
28,147,
28,148,
28,149,
28,150,
28,151,
28,152,
28,153,
28,154,
28,155,
28,156,
28,157,
28,158,6.0
28,159,
28,160,6.0
28,161,
28,162,
28,163,
28,164,
28,165,
28,166,
28,167,
28,168,
28,169,7.0
28,170,
28,171,6.0
28,172,
28,173,5.0
28,174,6.0
28,175,6.0
28,176,6.0
28,177,
28,178,
28,179,
28,180,7.0
28,181,
28,182,
28,183,
28,184,7.0
28,185,5.0
28,186,
28,187,
28,188,
28,189,
28,190,
28,191,
28,192,
28,193,
28,194,
28,195,6.0
28,196,
28,197,
28,198,6.0
28,199,
28,200,
28,201,
28,202,
28,203,
28,204,
28,205,
28,206,9.0
28,207,9.0
28,208,
28,209,
28,210,
28,211,
28,212,
28,213,
28,214,
28,215,
28,216,
28,217,
28,218,
28,219,
28,220,
28,221,
28,222,
28,223,
28,224,
28,225,
28,226,
28,227,
28,228,
28,229,
28,230,
28,231,
28,232,
28,233,
28,234,
28,235,
28,236,
28,237,
28,238,
28,239,
28,240,
28,241,
28,242,
28,243,
28,244,8.0
28,245,
28,246,7.0
28,247,
28,248,9.0
28,249,
28,250,
28,251,
28,252,
28,253,9.0
28,254,
28,255,
28,256,
28,257,
28,258,
28,259,
28,260,7.0
28,261,7.0
28,262,
28,263,
28,264,
28,265,
28,266,
28,267,7.0
28,268,
28,269,
28,270,
28,271,
28,272,
28,273,
28,274,
28,275,
28,276,
28,277,
28,278,
28,279,
28,280,
28,281,
28,282,
28,283,
28,284,
28,285,
28,286,
28,287,
28,288,
28,289,
28,290,
28,291,
28,292,
28,293,
28,294,
28,295,
28,296,
28,297,
28,298,7.0
28,299,
28,300,
28,301,
28,302,
28,303,
28,304,
28,305,
28,306,
28,307,
28,308,
28,309,
28,310,
28,311,
28,312,
28,313,8.0
28,314,
28,315,
28,316,
28,317,
28,318,
28,319,
28,320,
28,321,
28,322,
28,323,
28,324,
28,325,
28,326,
28,327,9.0
28,328,
28,329,
28,330,
28,331,9.0
28,332,
28,333,
28,334,5.0
28,335,8.0
28,336,
28,337,
28,338,
28,339,
28,340,
28,341,
28,342,
28,343,7.0
28,344,
28,345,
28,346,
28,347,
28,348,
28,349,
28,350,
28,351,
28,352,
28,353,
28,354,
28,355,8.0
28,356,
28,357,
28,358,
28,359,
28,360,
28,361,9.0
28,362,
28,363,
28,364,
28,365,
28,366,
28,367,
28,368,
28,369,7.0
28,370,
28,371,
28,372,
28,373,
28,374,
28,375,
28,376,
28,377,7.0
28,378,
28,379,
28,380,
28,381,
28,382,
28,383,
28,384,10.0
28,385,
28,386,
28,387,
28,388,
28,389,
28,390,
28,391,
28,392,
28,393,
28,394,
28,395,
28,396,
28,397,6.0
28,398,
28,399,
28,400,
28,401,
28,402,
28,403,
28,404,6.0
28,405,
29,1,9.80784
29,2,9.94946
29,3,9.85795
29,4,7.81238
29,5,10.0
29,6,10.0
29,7,9.98279
29,8,-0.945948
29,9,9.96081
29,10,9.93596
29,11,9.88004
29,12,9.94041
29,13,10.0
29,14,9.86778
29,15,9.9209
29,16,9.82006
29,17,6.13194
29,18,7.99219
29,19,9.89269
29,20,9.99888
29,21,8.0
29,22,10.0
29,23,9.89729
29,24,9.84334
29,25,-0.954763
29,26,9.98166
29,27,-0.924198
29,28,6.8207
29,29,5.0
29,30,9.81684
29,31,7.93703
29,32,7.87298
29,33,-0.904191
29,34,9.87998
29,35,-0.846103
29,36,9.85264
29,37,9.83701
29,38,9.82479
29,39,9.83635
29,40,5.89002
29,41,8.0
29,42,7.94726
29,43,9.86065
29,44,1.86947
29,45,9.80821
29,46,9.91093
29,47,10.0
29,48,8.09053
29,49,9.98183
29,50,9.82909
29,51,9.93616
29,52,9.93659
29,53,9.85202
29,54,6.0
29,55,1.97456
29,56,9.98437
29,57,9.97219
29,58,8.0
29,59,7.82291
29,60,9.86944
29,61,9.90923
29,62,9.80909
29,63,9.86652
29,64,8.0085
29,65,7.80954
29,66,9.97305
29,67,9.80994
29,68,9.92665
29,69,9.98489
29,70,9.90026
29,71,-0.983119
29,72,8.12052
29,73,7.97859
29,74,9.83072
29,75,9.80353
29,76,8.17391
29,77,8.0
29,78,5.17558
29,79,5.97177
29,80,9.96723
29,81,9.87628
29,82,9.98727
29,83,8.0
29,84,9.98563
29,85,6.14064
29,86,10.0
29,87,9.85477
29,88,9.92349
29,89,9.98596
29,90,9.93159
29,91,10.0
29,92,9.89473
29,93,7.84974
29,94,9.98499
29,95,9.98798
29,96,10.0
29,97,2.89921
29,98,10.0
29,99,9.91931
29,100,3.10811
29,101,9.92269
29,102,10.0
29,103,9.97744
29,104,9.94222
29,105,9.83351
29,106,8.13989
29,107,9.82461
29,108,3.0875
29,109,9.88907
29,110,9.9329
29,111,9.88429
29,112,9.98496
29,113,10.0
29,114,7.80535
29,115,9.88637
29,116,9.80466
29,117,9.91763
29,118,8.1711
29,119,9.97597
29,120,5.94092
29,121,10.0
29,122,9.95096
29,123,9.84363
29,124,8.05604
29,125,10.0
29,126,9.88577
29,127,-0.896897
29,128,6.06351
29,129,5.15986
29,130,4.8586
29,131,9.9245
29,132,10.0
29,133,7.0
29,134,9.8397
29,135,9.88768
29,136,7.06224
29,137,6.84034
29,138,7.12717
29,139,8.0
29,140,9.82845
29,141,10.0
29,142,5.9745
29,143,9.83719
29,144,9.94176
29,145,9.85598
29,146,9.83703
29,147,9.9354
29,148,9.87491
29,149,9.88769
29,150,9.84546
29,151,9.83232
29,152,9.80222
29,153,9.8072
29,154,9.95193
29,155,5.87409
29,156,6.124
29,157,9.94109
29,158,8.0
29,159,8.17572
29,160,10.0
29,161,9.94685
29,162,9.96609
29,163,9.99727
29,164,9.95272
29,165,1.9113
29,166,9.94639
29,167,7.83953
29,168,9.90232
29,169,8.0
29,170,7.9021
29,171,3.0
29,172,3.13733
29,173,2.0
29,174,5.0
29,175,-1.0
29,176,-1.0
29,177,-0.945852
29,178,9.81501
29,179,9.81884
29,180,8.0
29,181,8.16946
29,182,-0.815768
29,183,9.95443
29,184,-1.0
29,185,-1.0
29,186,7.92433
29,187,8.13022
29,188,3.125
29,189,3.93448
29,190,9.91702
29,191,9.99317
29,192,-0.931933
29,193,-0.959956
29,194,-0.826212
29,195,4.0
29,196,4.06244
29,197,8.19625
29,198,8.0
29,199,8.01521
29,200,9.88157
29,201,9.83447
29,202,5.89289
29,203,9.83445
29,204,9.94611
29,205,9.98606
29,206,10.0
29,207,-1.0
29,208,9.9785
29,209,5.98978
29,210,5.96234
29,211,9.82279
29,212,-0.974858
29,213,9.97869
29,214,9.81935
29,215,9.83681
29,216,-0.95657
29,217,9.86403
29,218,7.02957
29,219,6.84174
29,220,7.17442
29,221,6.89017
29,222,7.1175
29,223,7.10046
29,224,7.10939
29,225,7.00068
29,226,7.80254
29,227,9.96128
29,228,8.02639
29,229,7.98973
29,230,9.86261
29,231,7.95367
29,232,9.8706
29,233,9.95137
29,234,9.88551
29,235,5.88357
29,236,9.8574
29,237,9.88598
29,238,9.81451
29,239,5.95818
29,240,-0.860591
29,241,-0.85534
29,242,-0.95265
29,243,-0.959013
29,244,10.0
29,245,9.88729
29,246,-1.0
29,247,9.90048
29,248,10.0
29,249,9.87922
29,250,8.11098
29,251,8.14614
29,252,9.87717
29,253,10.0
29,254,5.11886
29,255,2.1523
29,256,5.04094
29,257,-0.87173
29,258,-0.886252
29,259,9.96431
29,260,-1.0
29,261,-1.0
29,262,7.9571
29,263,9.90403
29,264,7.91712
29,265,8.14035
29,266,9.99012
29,267,8.0
29,268,9.91208
29,269,9.98136
29,270,-0.882499
29,271,3.0308
29,272,9.85409
29,273,-0.856352
29,274,3.12459
29,275,9.86574
29,276,9.82629
29,277,5.80204
29,278,9.92103
29,279,9.91678
29,280,1.96664
29,281,9.94926
29,282,8.02895
29,283,9.84515
29,284,9.80908
29,285,8.1538
29,286,7.8574
29,287,9.82068
29,288,9.97602
29,289,9.92264
29,290,8.07581
29,291,9.959
29,292,9.80859
29,293,7.82381
29,294,9.98024
29,295,9.91203
29,296,8.12664
29,297,9.85488
29,298,5.0
29,299,9.96796
29,300,9.83705
29,301,9.89073
29,302,8.02129
29,303,9.90075
29,304,9.81832
29,305,9.86277
29,306,9.94268
29,307,9.98751
29,308,7.15393
29,309,1.99918
29,310,9.86892
29,311,9.84184
29,312,9.91119
29,313,10.0
29,314,9.95816
29,315,9.97027
29,316,9.97258
29,317,9.90419
29,318,9.91854
29,319,7.83129
29,320,7.8695
29,321,8.1275
29,322,9.81303
29,323,9.8689
29,324,9.91962
29,325,9.81116
29,326,8.15784
29,327,10.0
29,328,9.95152
29,329,9.96766
29,330,9.80818
29,331,10.0
29,332,9.89098
29,333,9.93728
29,334,10.0
29,335,6.0
29,336,9.84981
29,337,8.12753
29,338,9.86216
29,339,9.8716
29,340,9.99676
29,341,7.91427
29,342,9.81233
29,343,-1.0
29,344,8.15944
29,345,7.92362
29,346,5.16158
29,347,9.81979
29,348,9.83523
29,349,6.159
29,350,9.96817
29,351,9.89616
29,352,9.98528
29,353,9.8448
29,354,9.96427
29,355,10.0
29,356,9.83862
29,357,8.17034
29,358,9.83623
29,359,9.90782
29,360,9.92661
29,361,10.0
29,362,9.99334
29,363,9.89744
29,364,9.92022
29,365,9.96028
29,366,9.84289
29,367,5.97982
29,368,9.84992
29,369,3.0
29,370,3.19588
29,371,6.07029
29,372,9.91335
29,373,9.83327
29,374,9.98462
29,375,9.82154
29,376,9.85759
29,377,10.0
29,378,8.15853
29,379,9.81218
29,380,9.94195
29,381,9.92018
29,382,9.93625
29,383,9.93415
29,384,8.0
29,385,-0.982287
29,386,-0.999118
29,387,9.83753
29,388,-0.881598
29,389,-0.978577
29,390,-0.866036
29,391,-0.958444
29,392,8.05225
29,393,9.95814
29,394,9.87893
29,395,9.89697
29,396,2.03074
29,397,10.0
29,398,-0.988133
29,399,-0.858536
29,400,-0.980045
29,401,-0.839323
29,402,-0.816616
29,403,-0.908213
29,404,8.00736
29,405,3.97436
30,1,
30,2,
30,3,
30,4,
30,5,2.0
30,6,5.0
30,7,
30,8,
30,9,
30,10,
30,11,
30,12,
30,13,7.0
30,14,
30,15,
30,16,
30,17,
30,18,
30,19,
30,20,
30,21,9.0
30,22,6.0
30,23,
30,24,
30,25,
30,26,
30,27,
30,28,
30,29,1.0
30,30,
30,31,
30,32,
30,33,
30,34,
30,35,
30,36,
30,37,
30,38,
30,39,
30,40,
30,41,5.0
30,42,
30,43,
30,44,
30,45,
30,46,
30,47,10.0
30,48,
30,49,
30,50,
30,51,
30,52,
30,53,
30,54,10.0
30,55,
30,56,
30,57,
30,58,10.0
30,59,
30,60,
30,61,
30,62,
30,63,
30,64,
30,65,
30,66,
30,67,
30,68,
30,69,
30,70,
30,71,
30,72,
30,73,
30,74,
30,75,
30,76,
30,77,1.0
30,78,
30,79,
30,80,
30,81,
30,82,
30,83,7.0
30,84,
30,85,
30,86,10.0
30,87,
30,88,
30,89,
30,90,
30,91,6.0
30,92,
30,93,
30,94,
30,95,
30,96,8.0
30,97,
30,98,5.0
30,99,
30,100,
30,101,
30,102,10.0
30,103,
30,104,
30,105,
30,106,
30,107,
30,108,
30,109,
30,110,
30,111,
30,112,
30,113,7.0
30,114,
30,115,
30,116,
30,117,
30,118,
30,119,
30,120,
30,121,8.0
30,122,
30,123,
30,124,
30,125,10.0
30,126,
30,127,
30,128,
30,129,
30,130,
30,131,
30,132,8.0
30,133,10.0
30,134,
30,135,
30,136,
30,137,
30,138,
30,139,10.0
30,140,
30,141,10.0
30,142,
30,143,
30,144,
30,145,
30,146,
30,147,
30,148,
30,149,
30,150,
30,151,
30,152,
30,153,
30,154,
30,155,
30,156,
30,157,
30,158,8.0
30,159,
30,160,8.0
30,161,
30,162,
30,163,
30,164,
30,165,
30,166,
30,167,
30,168,
30,169,9.0
30,170,
30,171,10.0
30,172,
30,173,8.0
30,174,10.0
30,175,6.0
30,176,6.0
30,177,
30,178,
30,179,
30,180,9.0
30,181,
30,182,
30,183,
30,184,10.0
30,185,10.0
30,186,
30,187,
30,188,
30,189,
30,190,
30,191,
30,192,
30,193,
30,194,
30,195,10.0
30,196,
30,197,
30,198,8.0
30,199,
30,200,
30,201,
30,202,
30,203,
30,204,
30,205,
30,206,8.0
30,207,2.0
30,208,
30,209,
30,210,
30,211,
30,212,
30,213,
30,214,
30,215,
30,216,
30,217,
30,218,
30,219,
30,220,
30,221,
30,222,
30,223,
30,224,
30,225,
30,226,
30,227,
30,228,
30,229,
30,230,
30,231,
30,232,
30,233,
30,234,
30,235,
30,236,
30,237,
30,238,
30,239,
30,240,
30,241,
30,242,
30,243,
30,244,10.0
30,245,
30,246,7.0
30,247,
30,248,9.0
30,249,
30,250,
30,251,
30,252,
30,253,8.0
30,254,
30,255,
30,256,
30,257,
30,258,
30,259,
30,260,9.0
30,261,10.0
30,262,
30,263,
30,264,
30,265,
30,266,
30,267,10.0
30,268,
30,269,
30,270,
30,271,
30,272,
30,273,
30,274,
30,275,
30,276,
30,277,
30,278,
30,279,
30,280,
30,281,
30,282,
30,283,
30,284,
30,285,
30,286,
30,287,
30,288,
30,289,
30,290,
30,291,
30,292,
30,293,
30,294,
30,295,
30,296,
30,297,
30,298,9.0
30,299,
30,300,
30,301,
30,302,
30,303,
30,304,
30,305,
30,306,
30,307,
30,308,
30,309,
30,310,
30,311,
30,312,
30,313,8.0
30,314,
30,315,
30,316,
30,317,
30,318,
30,319,
30,320,
30,321,
30,322,
30,323,
30,324,
30,325,
30,326,
30,327,7.0
30,328,
30,329,
30,330,
30,331,10.0
30,332,
30,333,
30,334,9.0
30,335,7.0
30,336,
30,337,
30,338,
30,339,
30,340,
30,341,
30,342,
30,343,10.0
30,344,
30,345,
30,346,
30,347,
30,348,
30,349,
30,350,
30,351,
30,352,
30,353,
30,354,
30,355,10.0
30,356,
30,357,
30,358,
30,359,
30,360,
30,361,10.0
30,362,
30,363,
30,364,
30,365,
30,366,
30,367,
30,368,
30,369,10.0
30,370,
30,371,
30,372,
30,373,
30,374,
30,375,
30,376,
30,377,10.0
30,378,
30,379,
30,380,
30,381,
30,382,
30,383,
30,384,10.0
30,385,
30,386,
30,387,
30,388,
30,389,
30,390,
30,391,
30,392,
30,393,
30,394,
30,395,
30,396,
30,397,9.0
30,398,
30,399,
30,400,
30,401,
30,402,
30,403,
30,404,2.0
30,405,
31,1,7.86042
31,2,1.8625
31,3,2.16584
31,4,0.0100169
31,5,1.0
31,6,8.0
31,7,1.91215
31,8,9.86672
31,9,1.81274
31,10,1.12218
31,11,1.88146
31,12,9.00711
31,13,2.0
31,14,0.808339
31,15,1.15661
31,16,0.813109
31,17,6.92681
31,18,0.102612
31,19,0.0333518
31,20,5.98152
31,21,1.0
31,22,1.0
31,23,9.87815
31,24,9.82245
31,25,9.954
31,26,0.00983804
31,27,9.89012
31,28,1.12752
31,29,2.0
31,30,2.17809
31,31,5.8541
31,32,6.16963
31,33,5.89671
31,34,9.08872
31,35,8.88992
31,36,9.9832
31,37,1.17603
31,38,6.12564
31,39,6.1473
31,40,8.12762
31,41,2.0
31,42,8.90019
31,43,0.892338
31,44,7.99635
31,45,1.09282
31,46,0.942417
31,47,7.0
31,48,1.01481
31,49,8.04433
31,50,9.93775
31,51,9.1308
31,52,8.1316
31,53,0.892168
31,54,8.0
31,55,8.0051
31,56,9.98934
31,57,9.96602
31,58,6.0
31,59,6.15343
31,60,9.9866
31,61,8.90359
31,62,1.1903
31,63,8.11588
31,64,5.8622
31,65,6.07787
31,66,7.83717
31,67,9.13197
31,68,9.87249
31,69,9.92088
31,70,9.9053
31,71,9.93297
31,72,5.94814
31,73,6.03403
31,74,8.80153
31,75,7.03502
31,76,1.80038
31,77,7.0
31,78,2.17655
31,79,6.83833
31,80,9.1241
31,81,9.13574
31,82,0.164052
31,83,6.0
31,84,6.12642
31,85,6.98916
31,86,10.0
31,87,8.17198
31,88,2.09841
31,89,9.91689
31,90,0.904815
31,91,1.0
31,92,1.00138
31,93,6.99827
31,94,2.02499
31,95,9.1233
31,96,8.0
31,97,0.857903
31,98,1.0
31,99,1.96897
31,100,0.979916
31,101,6.14464
31,102,1.0
31,103,0.87954
31,104,0.935947
31,105,0.805252
31,106,0.0188665
31,107,6.18497
31,108,1.08114
31,109,1.07448
31,110,1.05007
31,111,1.113
31,112,8.98022
31,113,3.0
31,114,0.0425135
31,115,8.92382
31,116,8.96123
31,117,1.86422
31,118,0.172177
31,119,5.83347
31,120,6.86171
31,121,2.0
31,122,2.12967
31,123,1.88812
31,124,9.01186
31,125,1.0
31,126,6.04927
31,127,9.95653
31,128,8.0998
31,129,0.891457
31,130,1.13632
31,131,9.0931
31,132,2.0
31,133,1.0
31,134,1.15617
31,135,9.03826
31,136,1.03477
31,137,1.03815
31,138,1.05874
31,139,6.0
31,140,6.00216
31,141,1.0
31,142,7.11443
31,143,5.92981
31,144,6.04309
31,145,5.9689
31,146,5.94644
31,147,0.874282
31,148,0.985317
31,149,1.05224
31,150,0.867906
31,151,0.995331
31,152,0.996782
31,153,2.17587
31,154,5.95768
31,155,7.06294
31,156,7.0328
31,157,6.02629
31,158,0.0
31,159,0.0748597
31,160,0.0
31,161,9.92838
31,162,1.01614
31,163,5.80653
31,164,5.91414
31,165,8.09852
31,166,5.93335
31,167,8.93375
31,168,5.93928
31,169,1.0
31,170,1.1781
31,171,1.0
31,172,0.964375
31,173,8.0
31,174,6.0
31,175,10.0
31,176,6.0
31,177,7.90212
31,178,8.12124
31,179,8.03623
31,180,1.0
31,181,0.949176
31,182,8.14991
31,183,7.89915
31,184,9.0
31,185,9.0
31,186,8.96852
31,187,8.98009
31,188,0.896842
31,189,6.93369
31,190,9.99709
31,191,9.99157
31,192,6.16937
31,193,8.04041
31,194,6.88312
31,195,7.0
31,196,7.19378
31,197,1.05758
31,198,9.0
31,199,8.82493
31,200,8.91003
31,201,2.15868
31,202,7.1895
31,203,8.89637
31,204,1.19167
31,205,5.971
31,206,9.0
31,207,8.0
31,208,9.93112
31,209,7.0503
31,210,7.03614
31,211,4.16869
31,212,9.98625
31,213,0.0579079
31,214,4.1287
31,215,2.02977
31,216,9.84872
31,217,2.09603
31,218,0.933894
31,219,1.01751
31,220,0.88598
31,221,0.81415
31,222,1.03336
31,223,1.19049
31,224,1.00371
31,225,0.900199
31,226,7.08323
31,227,0.920764
31,228,7.13225
31,229,6.81025
31,230,6.01441
31,231,6.97749
31,232,5.82415
31,233,1.00307
31,234,3.92088
31,235,7.0929
31,236,1.9951
31,237,9.84389
31,238,0.844543
31,239,7.14762
31,240,7.96725
31,241,7.88928
31,242,7.80683
31,243,7.94276
31,244,6.0
31,245,1.00602
31,246,9.0
31,247,9.8022
31,248,10.0
31,249,0.910292
31,250,0.0292831
31,251,0.103007
31,252,9.97753
31,253,9.0
31,254,1.02655
31,255,8.17317
31,256,6.12924
31,257,6.00342
31,258,7.90621
31,259,7.86696
31,260,7.0
31,261,7.0
31,262,0.940393
31,263,5.89572
31,264,0.0818912
31,265,0.182985
31,266,1.01195
31,267,7.0
31,268,1.08621
31,269,8.98281
31,270,9.82337
31,271,1.05733
31,272,1.12865
31,273,5.99495
31,274,1.17989
31,275,0.970288
31,276,9.88582
31,277,7.08855
31,278,6.18928
31,279,5.98775
31,280,7.95077
31,281,5.98239
31,282,1.08861
31,283,0.914694
31,284,0.830171
31,285,0.0183045
31,286,0.083127
31,287,1.0124
31,288,0.914636
31,289,6.09119
31,290,6.98613
31,291,0.84823
31,292,1.08271
31,293,7.04424
31,294,1.91789
31,295,6.90439
31,296,0.816054
31,297,7.83192
31,298,1.0
31,299,9.99105
31,300,4.10172
31,301,1.98314
31,302,0.0335532
31,303,4.19652
31,304,1.82541
31,305,2.15145
31,306,6.18649
31,307,5.89474
31,308,1.14574
31,309,8.13523
31,310,3.90227
31,311,6.05567
31,312,9.95467
31,313,10.0
31,314,9.85029
31,315,0.814177
31,316,9.92263
31,317,8.02454
31,318,1.16222
31,319,6.87415
31,320,7.02626
31,321,7.06831
31,322,1.07219
31,323,0.885071
31,324,1.02625
31,325,0.803762
31,326,6.83558
31,327,2.0
31,328,4.10391
31,329,4.10298
31,330,9.97313
31,331,10.0
31,332,9.05806
31,333,9.16918
31,334,10.0
31,335,7.0
31,336,7.85841
31,337,7.14968
31,338,0.830401
31,339,8.97567
31,340,0.946599
31,341,1.04338
31,342,3.80332
31,343,10.0
31,344,1.09785
31,345,6.89043
31,346,1.15988
31,347,0.914398
31,348,6.05919
31,349,6.9717
31,350,1.03174
31,351,0.900167
31,352,1.81372
31,353,6.95494
31,354,0.811135
31,355,10.0
31,356,1.01138
31,357,9.13926
31,358,9.08305
31,359,9.16843
31,360,9.96353
31,361,9.0
31,362,0.118968
31,363,5.88666
31,364,1.1191
31,365,2.10011
31,366,8.81176
31,367,7.04374
31,368,5.95147
31,369,1.0
31,370,0.88327
31,371,7.01972
31,372,4.1371
31,373,5.89684
31,374,3.84135
31,375,7.94627
31,376,9.96128
31,377,4.0
31,378,8.94289
31,379,9.13333
31,380,1.17728
31,381,2.03304
31,382,8.95175
31,383,4.16871
31,384,9.0
31,385,9.96782
31,386,6.08994
31,387,6.13161
31,388,8.15989
31,389,7.97446
31,390,9.03037
31,391,9.0837
31,392,8.85684
31,393,9.9245
31,394,4.06831
31,395,6.83
31,396,8.07337
31,397,9.0
31,398,9.83317
31,399,5.83179
31,400,8.03785
31,401,8.81846
31,402,8.97248
31,403,6.80769
31,404,7.0
31,405,6.80279
32,1,7.88025
32,2,4.85252
32,3,4.91158
32,4,8.86438
32,5,9.93608
32,6,7.0861
32,7,4.99858
32,8,8.18938
32,9,9.99451
32,10,9.91916
32,11,9.91439
32,12,3.91697
32,13,9.9886
32,14,8.83267
32,15,9.97675
32,16,8.90583
32,17,9.80639
32,18,9.0983
32,19,0.0590153
32,20,7.16965
32,21,9.0
32,22,10.0
32,23,0.0274502
32,24,9.89738
32,25,9.97344
32,26,0.154588
32,27,9.85248
32,28,9.13207
32,29,3.0
32,30,4.99436
32,31,8.9205
32,32,9.04114
32,33,6.81221
32,34,4.08296
32,35,8.13392
32,36,0.109804
32,37,9.93628
32,38,7.09256
32,39,7.13086
32,40,8.90588
32,41,3.0
32,42,8.80766
32,43,2.83048
32,44,7.85409
32,45,9.98045
32,46,5.99322
32,47,8.0
32,48,8.87335
32,49,8.00914
32,50,0.18691
32,51,4.0288
32,52,9.93607
32,53,9.94266
32,54,9.0
32,55,7.85512
32,56,2.91588
32,57,2.98291
32,58,9.0
32,59,8.87158
32,60,3.10075
32,61,3.85139
32,62,9.85513
32,63,9.99144
32,64,8.84246
32,65,8.81015
32,66,4.92167
32,67,4.06813
32,68,0.131449
32,69,9.82331
32,70,8.06962
32,71,9.83681
32,72,8.82399
32,73,8.84259
32,74,3.91796
32,75,9.88584
32,76,3.10611
32,77,10.0
32,78,2.84522
32,79,9.99341
32,80,4.04391
32,81,9.85268
32,82,0.175049
32,83,5.0
32,84,7.19267
32,85,9.99264
32,86,10.0
32,87,7.84238
32,88,5.19576
32,89,0.00881461
32,90,2.92465
32,91,3.0
32,92,6.04713
32,93,9.94225
32,94,9.93834
32,95,4.09925
32,96,8.0
32,97,5.10422
32,98,10.0
32,99,2.18587
32,100,5.02287
32,101,6.95241
32,102,8.0
32,103,8.14143
32,104,8.16765
32,105,7.9283
32,106,8.83147
32,107,6.88695
32,108,4.92916
32,109,5.84362
32,110,5.99112
32,111,5.90225
32,112,2.96068
32,113,10.0
32,114,8.82538
32,115,3.1859
32,116,3.84057
32,117,1.99074
32,118,9.16571
32,119,7.15459
32,120,9.84523
32,121,8.0
32,122,7.96407
32,123,7.83792
32,124,9.1055
32,125,6.0
32,126,6.81191
32,127,7.99515
32,128,9.1744
32,129,4.07261
32,130,3.99461
32,131,3.00508
32,132,10.0
32,133,9.0
32,134,5.90929
32,135,2.92144
32,136,8.83976
32,137,9.0371
32,138,9.06341
32,139,10.0
32,140,7.02096
32,141,9.0
32,142,9.83241
32,143,7.02238
32,144,7.18763
32,145,7.17798
32,146,6.82489
32,147,9.13871
32,148,9.9008
32,149,9.89239
32,150,5.92724
32,151,6.01047
32,152,6.05256
32,153,1.86835
32,154,6.87097
32,155,9.98403
32,156,9.99401
32,157,7.13292
32,158,9.0
32,159,8.96501
32,160,0.0
32,161,2.84738
32,162,5.96939
32,163,7.04793
32,164,6.94348
32,165,8.19562
32,166,6.81135
32,167,9.12402
32,168,6.81325
32,169,6.0
32,170,5.82401
32,171,8.0
32,172,4.91451
32,173,8.0
32,174,7.0
32,175,8.0
32,176,7.0
32,177,7.17852
32,178,4.15723
32,179,3.95066
32,180,8.0
32,181,8.97902
32,182,7.08676
32,183,7.02674
32,184,7.0
32,185,8.0
32,186,8.89923
32,187,8.97239
32,188,5.17048
32,189,8.0851
32,190,2.95298
32,191,4.83447
32,192,6.80054
32,193,6.89061
32,194,3.99085
32,195,8.0
32,196,7.9457
32,197,9.03029
32,198,9.0
32,199,9.01968
32,200,2.85983
32,201,8.03277
32,202,9.82053
32,203,3.97867
32,204,9.83333
32,205,6.81874
32,206,4.0
32,207,7.0
32,208,0.0905946
32,209,9.92778
32,210,9.94429
32,211,4.80996
32,212,9.95614
32,213,0.0524255
32,214,4.8341
32,215,2.16982
32,216,9.8427
32,217,9.93475
32,218,8.82302
32,219,8.81653
32,220,8.92076
32,221,8.97511
32,222,8.90556
32,223,9.00209
32,224,9.18162
32,225,8.96134
32,226,9.87432
32,227,9.91366
32,228,9.84802
32,229,9.90583
32,230,6.98201
32,231,9.83606
32,232,6.85229
32,233,9.93761
32,234,5.05274
32,235,9.99301
32,236,2.08687
32,237,5.15502
32,238,9.98601
32,239,9.86287
32,240,7.0957
32,241,7.10788
32,242,7.0297
32,243,6.94714
32,244,7.0
32,245,8.90799
32,246,8.0
32,247,5.05596
32,248,10.0
32,249,5.9095
32,250,8.86258
32,251,8.93925
32,252,0.16482
32,253,3.0
32,254,4.0067
32,255,8.18358
32,256,6.86378
32,257,7.1357
32,258,6.85606
32,259,6.9704
32,260,8.0
32,261,4.0
32,262,6.13485
32,263,6.93773
32,264,8.91204
32,265,8.83479
32,266,8.92091
32,267,10.0
32,268,9.85204
32,269,3.9363
32,270,8.07588
32,271,5.07809
32,272,6.01187
32,273,7.11582
32,274,4.95927
32,275,6.08585
32,276,2.97237
32,277,9.86436
32,278,6.82702
32,279,6.85407
32,280,8.16512
32,281,7.01437
32,282,8.90292
32,283,6.11353
32,284,6.05412
32,285,8.82427
32,286,8.93504
32,287,9.91891
32,288,9.85195
32,289,7.08126
32,290,9.98808
32,291,5.87982
32,292,9.93663
32,293,9.89985
32,294,1.95327
32,295,8.03764
32,296,9.0423
32,297,7.85541
32,298,4.0
32,299,0.0422796
32,300,5.15339
32,301,1.88621
32,302,9.02747
32,303,4.87148
32,304,9.89421
32,305,1.95331
32,306,7.16066
32,307,6.99183
32,308,8.95962
32,309,8.01072
32,310,4.95803
32,311,7.07023
32,312,2.84392
32,313,3.0
32,314,2.96162
32,315,9.84103
32,316,5.1501
32,317,9.82619
32,318,5.84636
32,319,9.80511
32,320,9.85804
32,321,9.99502
32,322,9.97422
32,323,9.90627
32,324,9.8431
32,325,9.91903
32,326,9.92701
32,327,2.0
32,328,5.12697
32,329,4.83168
32,330,0.113685
32,331,0.0
32,332,2.95153
32,333,2.85753
32,334,8.0
32,335,10.0
32,336,7.98409
32,337,9.93452
32,338,5.96888
32,339,3.10537
32,340,9.90873
32,341,8.82246
32,342,4.94642
32,343,10.0
32,344,7.90909
32,345,9.94147
32,346,4.11377
32,347,9.88372
32,348,7.05893
32,349,9.81909
32,350,5.83172
32,351,9.88125
32,352,2.11358
32,353,9.82567
32,354,6.09441
32,355,5.0
32,356,9.93889
32,357,8.91604
32,358,4.03859
32,359,3.83435
32,360,4.83779
32,361,10.0
32,362,0.0297685
32,363,7.11954
32,364,9.90207
32,365,1.9741
32,366,2.97888
32,367,9.9192
32,368,6.9725
32,369,5.0
32,370,4.9825
32,371,9.85563
32,372,4.8763
32,373,7.15471
32,374,5.18409
32,375,7.98082
32,376,0.00805806
32,377,5.0
32,378,9.09536
32,379,3.09809
32,380,6.0114
32,381,9.81979
32,382,2.96629
32,383,5.01825
32,384,10.0
32,385,9.92343
32,386,7.19986
32,387,6.97188
32,388,7.16527
32,389,6.98532
32,390,8.00051
32,391,7.16985
32,392,9.94431
32,393,4.97717
32,394,4.97619
32,395,9.98292
32,396,7.84637
32,397,6.0
32,398,8.16149
32,399,7.10625
32,400,6.83374
32,401,8.18744
32,402,7.99397
32,403,3.82698
32,404,10.0
32,405,8.0604
33,1,9.89807
33,2,7.88123
33,3,8.04395
33,4,7.16737
33,5,4.0
33,6,3.0
33,7,8.11109
33,8,6.94308
33,9,8.8584
33,10,4.12174
33,11,8.94483
33,12,9.95385
33,13,8.0
33,14,8.83003
33,15,3.87304
33,16,9.04935
33,17,5.0308
33,18,6.94053
33,19,8.88375
33,20,7.14779
33,21,7.0
33,22,10.0
33,23,8.95596
33,24,9.08518
33,25,5.93495
33,26,8.83315
33,27,6.16402
33,28,9.89569
33,29,2.0
33,30,7.89898
33,31,4.0312
33,32,3.92092
33,33,6.87714
33,34,9.91622
33,35,4.93514
33,36,8.91051
33,37,4.06847
33,38,6.86859
33,39,7.18487
33,40,7.99819
33,41,9.0
33,42,4.94636
33,43,9.84549
33,44,5.03069
33,45,3.9219
33,46,8.18087
33,47,5.0
33,48,6.82448
33,49,9.90687
33,50,8.86765
33,51,9.8111
33,52,2.85372
33,53,3.82818
33,54,8.0
33,55,4.99043
33,56,7.04468
33,57,6.8617
33,58,4.0
33,59,3.99003
33,60,7.07264
33,61,9.85485
33,62,4.18413
33,63,3.00639
33,64,3.87165
33,65,4.02874
33,66,3.16103
33,67,9.91346
33,68,9.09404
33,69,9.00526
33,70,9.98556
33,71,6.06266
33,72,3.94544
33,73,4.06858
33,74,9.98603
33,75,7.96565
33,76,9.18483
33,77,10.0
33,78,1.9448
33,79,4.83896
33,80,9.9932
33,81,7.87079
33,82,9.02077
33,83,10.0
33,84,7.18147
33,85,4.88021
33,86,9.0
33,87,9.97369
33,88,8.09464
33,89,8.91492
33,90,9.99315
33,91,10.0
33,92,4.17945
33,93,9.8219
33,94,9.07974
33,95,9.8529
33,96,10.0
33,97,1.80928
33,98,10.0
33,99,9.10976
33,100,2.02128
33,101,6.94016
33,102,10.0
33,103,9.97388
33,104,9.90622
33,105,9.88429
33,106,7.03469
33,107,6.85586
33,108,2.04173
33,109,8.1192
33,110,8.14612
33,111,7.81463
33,112,9.96136
33,113,7.0
33,114,6.91635
33,115,9.98347
33,116,9.9214
33,117,8.84004
33,118,7.18997
33,119,7.00922
33,120,4.9619
33,121,8.0
33,122,8.15562
33,123,7.95298
33,124,4.80023
33,125,8.0
33,126,6.9063
33,127,7.01455
33,128,7.85989
33,129,9.82244
33,130,9.96439
33,131,9.94183
33,132,9.0
33,133,10.0
33,134,7.93261
33,135,9.96043
33,136,9.84997
33,137,9.94815
33,138,9.83355
33,139,7.0
33,140,6.94812
33,141,9.0
33,142,4.86122
33,143,7.03754
33,144,6.82883
33,145,7.14135
33,146,6.8639
33,147,8.80333
33,148,9.80374
33,149,9.87732
33,150,8.10948
33,151,7.86595
33,152,7.81338
33,153,8.87794
33,154,6.86413
33,155,4.81011
33,156,5.03918
33,157,7.10902
33,158,7.0
33,159,7.10759
33,160,9.0
33,161,7.08029
33,162,8.04717
33,163,7.0629
33,164,7.10564
33,165,5.16119
33,166,6.90103
33,167,5.19419
33,168,7.02122
33,169,5.0
33,170,4.97829
33,171,5.0
33,172,1.94582
33,173,5.0
33,174,6.0
33,175,7.0
33,176,7.0
33,177,8.91963
33,178,3.1217
33,179,2.92161
33,180,7.0
33,181,6.98676
33,182,9.14991
33,183,2.83336
33,184,7.0
33,185,7.0
33,186,5.08791
33,187,5.02293
33,188,1.93489
33,189,5.03483
33,190,7.14942
33,191,1.98257
33,192,6.81792
33,193,8.92365
33,194,4.88852
33,195,5.0
33,196,4.9082
33,197,6.88597
33,198,5.0
33,199,5.16341
33,200,9.84034
33,201,8.09928
33,202,5.02783
33,203,9.92454
33,204,9.98534
33,205,7.00709
33,206,10.0
33,207,9.0
33,208,8.92903
33,209,5.15791
33,210,4.84542
33,211,8.85845
33,212,5.91749
33,213,9.15385
33,214,9.15551
33,215,8.93297
33,216,6.02533
33,217,8.89896
33,218,9.81471
33,219,9.89359
33,220,9.8299
33,221,9.80381
33,222,9.97594
33,223,9.99959
33,224,9.87535
33,225,9.91862
33,226,8.01711
33,227,9.89596
33,228,7.87013
33,229,7.98105
33,230,7.15641
33,231,7.86649
33,232,6.81435
33,233,9.86578
33,234,8.88455
33,235,5.00376
33,236,8.87468
33,237,2.03023
33,238,9.81516
33,239,5.19413
33,240,9.08898
33,241,9.19653
33,242,8.88819
33,243,8.85201
33,244,7.0
33,245,8.80322
33,246,5.0
33,247,1.94981
33,248,8.0
33,249,8.14205
33,250,6.81623
33,251,7.12767
33,252,8.90377
33,253,10.0
33,254,9.8653
33,255,5.15031
33,256,6.19404
33,257,6.86297
33,258,8.91158
33,259,2.81607
33,260,7.0
33,261,5.0
33,262,4.92083
33,263,7.14304
33,264,7.03308
33,265,6.98141
33,266,9.186
33,267,8.0
33,268,9.85857
33,269,9.95143
33,270,6.99195
33,271,2.03639
33,272,7.92885
33,273,6.8845
33,274,2.05539
33,275,8.07003
33,276,6.97774
33,277,5.14825
33,278,6.85831
33,279,6.8258
33,280,5.14687
33,281,6.98241
33,282,6.83049
33,283,7.99009
33,284,7.8011
33,285,6.88523
33,286,6.98027
33,287,9.98504
33,288,9.84866
33,289,7.15527
33,290,8.11779
33,291,8.04865
33,292,9.90972
33,293,7.95405
33,294,9.14768
33,295,4.83136
33,296,6.80699
33,297,9.86529
33,298,10.0
33,299,9.1331
33,300,9.01039
33,301,8.90499
33,302,7.05596
33,303,9.00293
33,304,8.93735
33,305,8.83366
33,306,7.02805
33,307,7.11473
33,308,9.88814
33,309,4.9977
33,310,9.05889
33,311,6.88479
33,312,6.8972
33,313,7.0
33,314,7.13127
33,315,9.92833
33,316,1.83386
33,317,2.8904
33,318,8.05766
33,319,7.93605
33,320,8.19385
33,321,7.86463
33,322,9.86069
33,323,9.99092
33,324,9.84398
33,325,9.86161
33,326,8.03618
33,327,9.0
33,328,9.14249
33,329,9.05975
33,330,9.01182
33,331,9.0
33,332,9.86938
33,333,9.87533
33,334,10.0
33,335,5.0
33,336,9.8583
33,337,7.94809
33,338,7.94573
33,339,9.81251
33,340,9.90251
33,341,7.18877
33,342,9.10094
33,343,6.0
33,344,7.00815
33,345,8.04538
33,346,9.82703
33,347,9.82748
33,348,6.81514
33,349,4.89953
33,350,8.08024
33,351,9.97307
33,352,9.17149
33,353,7.82571
33,354,7.90024
33,355,2.0
33,356,9.80221
33,357,4.88064
33,358,9.9909
33,359,9.90577
33,360,2.0515
33,361,8.0
33,362,9.17947
33,363,6.8331
33,364,9.96159
33,365,8.80962
33,366,9.87415
33,367,4.84183
33,368,7.09753
33,369,2.0
33,370,1.88648
33,371,5.18734
33,372,9.05653
33,373,6.90399
33,374,8.90481
33,375,9.97306
33,376,9.06691
33,377,9.0
33,378,5.04416
33,379,9.95318
33,380,8.18299
33,381,9.12748
33,382,9.8092
33,383,8.83434
33,384,8.0
33,385,6.05066
33,386,6.98456
33,387,6.9719
33,388,8.8689
33,389,8.86964
33,390,4.88016
33,391,7.07917
33,392,8.14655
33,393,2.06325
33,394,9.13217
33,395,7.88427
33,396,4.89775
33,397,6.0
33,398,6.97406
33,399,7.15379
33,400,9.1499
33,401,5.09506
33,402,7.09362
33,403,4.98204
33,404,8.0
33,405,4.86528
34,1,
34,2,
34,3,
34,4,
34,5,
34,6,
34,7,
34,8,
34,9,
34,10,
34,11,
34,12,
34,13,
34,14,
34,15,
34,16,
34,17,
34,18,
34,19,
34,20,
34,21,
34,22,
34,23,
34,24,
34,25,
34,26,
34,27,
34,28,
34,29,
34,30,
34,31,
34,32,
34,33,
34,34,
34,35,
34,36,
34,37,
34,38,
34,39,
34,40,
34,41,
34,42,
34,43,
34,44,
34,45,
34,46,
34,47,
34,48,
34,49,
34,50,
34,51,
34,52,
34,53,
34,54,
34,55,
34,56,
34,57,
34,58,
34,59,
34,60,
34,61,
34,62,
34,63,
34,64,
34,65,
34,66,
34,67,
34,68,
34,69,
34,70,
34,71,
34,72,
34,73,
34,74,
34,75,
34,76,
34,77,
34,78,
34,79,
34,80,
34,81,
34,82,
34,83,
34,84,
34,85,
34,86,
34,87,
34,88,
34,89,
34,90,
34,91,
34,92,
34,93,
34,94,
34,95,
34,96,
34,97,
34,98,
34,99,
34,100,
34,101,
34,102,
34,103,
34,104,
34,105,
34,106,
34,107,
34,108,
34,109,
34,110,
34,111,
34,112,
34,113,
34,114,
34,115,
34,116,
34,117,
34,118,
34,119,
34,120,
34,121,
34,122,
34,123,
34,124,
34,125,2.0
34,126,
34,127,
34,128,
34,129,
34,130,
34,131,
34,132,8.0
34,133,9.0
34,134,
34,135,
34,136,
34,137,
34,138,
34,139,8.0
34,140,
34,141,9.0
34,142,
34,143,
34,144,
34,145,
34,146,
34,147,
34,148,
34,149,
34,150,
34,151,
34,152,
34,153,
34,154,
34,155,
34,156,
34,157,
34,158,8.0
34,159,
34,160,7.0
34,161,
34,162,
34,163,
34,164,
34,165,
34,166,
34,167,
34,168,
34,169,6.0
34,170,
34,171,0.0
34,172,
34,173,3.0
34,174,7.0
34,175,9.0
34,176,7.0
34,177,
34,178,
34,179,
34,180,9.0
34,181,
34,182,
34,183,
34,184,5.0
34,185,0.0
34,186,
34,187,
34,188,
34,189,
34,190,
34,191,
34,192,
34,193,
34,194,
34,195,7.0
34,196,
34,197,
34,198,6.0
34,199,
34,200,
34,201,
34,202,
34,203,
34,204,
34,205,
34,206,9.0
34,207,6.0
34,208,
34,209,
34,210,
34,211,
34,212,
34,213,
34,214,
34,215,
34,216,
34,217,
34,218,
34,219,
34,220,
34,221,
34,222,
34,223,
34,224,
34,225,
34,226,
34,227,
34,228,
34,229,
34,230,
34,231,
34,232,
34,233,
34,234,
34,235,
34,236,
34,237,
34,238,
34,239,
34,240,
34,241,
34,242,
34,243,
34,244,9.0
34,245,
34,246,3.0
34,247,
34,248,10.0
34,249,
34,250,
34,251,
34,252,
34,253,3.0
34,254,
34,255,
34,256,
34,257,
34,258,
34,259,
34,260,3.0
34,261,4.0
34,262,
34,263,
34,264,
34,265,
34,266,
34,267,9.0
34,268,
34,269,
34,270,
34,271,
34,272,
34,273,
34,274,
34,275,
34,276,
34,277,
34,278,
34,279,
34,280,
34,281,
34,282,
34,283,
34,284,
34,285,
34,286,
34,287,
34,288,
34,289,
34,290,
34,291,
34,292,
34,293,
34,294,
34,295,
34,296,
34,297,
34,298,9.0
34,299,
34,300,
34,301,
34,302,
34,303,
34,304,
34,305,
34,306,
34,307,
34,308,
34,309,
34,310,
34,311,
34,312,
34,313,10.0
34,314,
34,315,
34,316,
34,317,
34,318,
34,319,
34,320,
34,321,
34,322,
34,323,
34,324,
34,325,
34,326,
34,327,5.0
34,328,
34,329,
34,330,
34,331,10.0
34,332,
34,333,
34,334,2.0
34,335,9.0
34,336,
34,337,
34,338,
34,339,
34,340,
34,341,
34,342,
34,343,3.0
34,344,
34,345,
34,346,
34,347,
34,348,
34,349,
34,350,
34,351,
34,352,
34,353,
34,354,
34,355,10.0
34,356,
34,357,
34,358,
34,359,
34,360,
34,361,6.0
34,362,
34,363,
34,364,
34,365,
34,366,
34,367,
34,368,
34,369,7.0
34,370,
34,371,
34,372,
34,373,
34,374,
34,375,
34,376,
34,377,
34,378,
34,379,
34,380,
34,381,
34,382,
34,383,
34,384,10.0
34,385,
34,386,
34,387,
34,388,
34,389,
34,390,
34,391,
34,392,
34,393,
34,394,
34,395,
34,396,
34,397,7.0
34,398,
34,399,
34,400,
34,401,
34,402,
34,403,
34,404,3.0
34,405,
35,1,9.96934
35,2,8.05474
35,3,8.13742
35,4,5.13115
35,5,8.0
35,6,9.0
35,7,8.1451
35,8,9.10512
35,9,9.81407
35,10,7.87204
35,11,9.8194
35,12,6.08813
35,13,8.0
35,14,9.90856
35,15,8.06757
35,16,9.86379
35,17,2.8555
35,18,5.12327
35,19,4.08918
35,20,5.03244
35,21,8.82463
35,22,1.0
35,23,2.98027
35,24,7.81425
35,25,8.82598
35,26,4.17675
35,27,9.1605
35,28,6.96995
35,29,6.0
35,30,8.07758
35,31,4.97947
35,32,5.09589
35,33,8.85795
35,34,6.1076
35,35,7.04215
35,36,2.8394
35,37,7.90522
35,38,5.00486
35,39,5.06703
35,40,7.96089
35,41,9.0
35,42,8.86407
35,43,2.09896
35,44,9.04799
35,45,8.18539
35,46,6.80908
35,47,9.0
35,48,9.14359
35,49,9.82575
35,50,3.11218
35,51,5.89224
35,52,8.94911
35,53,7.82692
35,54,8.0
35,55,8.87784
35,56,7.83852
35,57,8.16075
35,58,5.0
35,59,5.00196
35,60,8.13675
35,61,5.96071
35,62,7.99114
35,63,8.95379
35,64,5.02668
35,65,5.01174
35,66,8.84518
35,67,6.10765
35,68,2.83187
35,69,7.85487
35,70,8.93354
35,71,8.94392
35,72,4.82346
35,73,4.88107
35,74,5.88682
35,75,9.87501
35,76,8.97345
35,77,8.0
35,78,5.8739
35,79,3.16648
35,80,5.8696
35,81,6.9671
35,82,3.928
35,83,6.0
35,84,5.06422
35,85,2.83303
35,86,8.0
35,87,9.92276
35,88,7.8048
35,89,3.16206
35,90,2.09952
35,91,2.0
35,92,7.87108
35,93,7.80429
35,94,9.84777
35,95,6.15958
35,96,10.0
35,97,8.9597
35,98,8.0
35,99,7.93947
35,100,8.85079
35,101,5.04896
35,102,6.0
35,103,5.81738
35,104,5.90856
35,105,5.81607
35,106,4.90045
35,107,4.94445
35,108,9.06376
35,109,6.80098
35,110,7.06336
35,111,7.1806
35,112,7.89478
35,113,8.0
35,114,4.89099
35,115,8.12361
35,116,5.89912
35,117,8.04237
35,118,4.99077
35,119,5.04186
35,120,3.12796
35,121,10.0
35,122,9.82536
35,123,9.96278
35,124,9.10517
35,125,7.0
35,126,4.87078
35,127,9.01353
35,128,8.14767
35,129,8.84618
35,130,8.89804
35,131,8.19264
35,132,10.0
35,133,7.0
35,134,7.02965
35,135,8.08185
35,136,6.95182
35,137,6.85085
35,138,7.12504
35,139,9.0
35,140,5.08318
35,141,10.0
35,142,2.85481
35,143,4.98758
35,144,5.01048
35,145,5.12187
35,146,4.91423
35,147,9.88605
35,148,7.98074
35,149,8.08265
35,150,7.14196
35,151,6.99112
35,152,6.8166
35,153,8.03271
35,154,4.86997
35,155,3.10488
35,156,3.1589
35,157,5.19048
35,158,5.0
35,159,4.897
35,160,4.0
35,161,8.06115
35,162,7.05911
35,163,4.89423
35,164,5.09112
35,165,9.00175
35,166,5.13026
35,167,8.84075
35,168,5.10288
35,169,2.0
35,170,1.82579
35,171,9.0
35,172,8.99396
35,173,9.0
35,174,9.0
35,175,9.0
35,176,9.0
35,177,5.87333
35,178,9.06638
35,179,8.90106
35,180,2.0
35,181,9.18899
35,182,5.82097
35,183,9.13707
35,184,2.0
35,185,9.0
35,186,8.93542
35,187,9.07285
35,188,9.16113
35,189,9.95176
35,190,7.96239
35,191,9.89459
35,192,9.06509
35,193,5.8464
35,194,3.84603
35,195,10.0
35,196,9.84291
35,197,9.16083
35,198,9.0
35,199,9.03564
35,200,8.03404
35,201,9.91656
35,202,2.90711
35,203,6.1668
35,204,7.97663
35,205,5.01761
35,206,6.0
35,207,6.0
35,208,2.89395
35,209,2.93706
35,210,2.82745
35,211,9.98961
35,212,8.9981
35,213,4.02755
35,214,9.83227
35,215,7.91568
35,216,9.00869
35,217,9.84135
35,218,7.04857
35,219,6.87787
35,220,6.90884
35,221,7.13679
35,222,6.80085
35,223,6.81755
35,224,7.07747
35,225,6.92193
35,226,8.18972
35,227,8.18433
35,228,7.81298
35,229,7.93032
35,230,5.12005
35,231,8.03825
35,232,5.05864
35,233,7.94533
35,234,9.89474
35,235,3.05426
35,236,7.95946
35,237,9.80502
35,238,7.99921
35,239,3.17461
35,240,5.93812
35,241,6.16227
35,242,5.88178
35,243,6.14793
35,244,5.0
35,245,9.91376
35,246,7.0
35,247,9.9086
35,248,10.0
35,249,6.83993
35,250,4.8695
35,251,5.12172
35,252,2.90362
35,253,8.0
35,254,8.91813
35,255,9.14072
35,256,9.02893
35,257,8.83212
35,258,6.16508
35,259,8.88678
35,260,6.0
35,261,4.0
35,262,2.14722
35,263,5.07273
35,264,5.02891
35,265,5.14252
35,266,9.87605
35,267,8.0
35,268,7.95786
35,269,5.85742
35,270,8.87225
35,271,9.17538
35,272,6.81269
35,273,8.8077
35,274,9.05475
35,275,6.80301
35,276,7.92501
35,277,2.94442
35,278,4.97007
35,279,4.94735
35,280,8.84696
35,281,4.9108
35,282,8.84783
35,283,7.11285
35,284,6.98017
35,285,5.00318
35,286,4.8659
35,287,7.97588
35,288,8.12001
35,289,5.08122
35,290,8.11995
35,291,6.98605
35,292,7.83168
35,293,8.15883
35,294,8.05972
35,295,8.9142
35,296,9.13655
35,297,9.81646
35,298,9.0
35,299,3.12765
35,300,9.95658
35,301,8.15809
35,302,5.10107
35,303,9.82282
35,304,9.88057
35,305,8.01058
35,306,5.08986
35,307,4.89367
35,308,7.1877
35,309,8.87485
35,310,9.92238
35,311,5.14813
35,312,7.81559
35,313,8.0
35,314,8.17904
35,315,8.13988
35,316,9.96471
35,317,9.04457
35,318,6.92476
35,319,8.00291
35,320,8.02041
35,321,7.80544
35,322,7.81465
35,323,8.16615
35,324,7.81869
35,325,8.12479
35,326,8.0248
35,327,8.0
35,328,9.83114
35,329,9.93689
35,330,3.05219
35,331,3.0
35,332,8.12169
35,333,8.06893
35,334,9.0
35,335,3.0
35,336,9.997
35,337,7.81487
35,338,6.96044
35,339,7.97125
35,340,7.85688
35,341,8.95022
35,342,9.88545
35,343,9.0
35,344,1.89517
35,345,7.903
35,346,9.03638
35,347,7.9862
35,348,5.01399
35,349,3.16753
35,350,6.98153
35,351,7.83052
35,352,7.92835
35,353,9.83306
35,354,7.00322
35,355,10.0
35,356,8.18406
35,357,8.88017
35,358,5.92709
35,359,6.06736
35,360,9.86582
35,361,7.0
35,362,4.03675
35,363,5.06416
35,364,7.84278
35,365,8.18905
35,366,7.86401
35,367,2.91535
35,368,5.15294
35,369,9.0
35,370,8.8397
35,371,2.88399
35,372,9.96262
35,373,4.97497
35,374,9.91227
35,375,9.90645
35,376,2.99384
35,377,10.0
35,378,9.04827
35,379,7.9716
35,380,6.98483
35,381,9.90174
35,382,7.95754
35,383,9.94592
35,384,9.0
35,385,8.84331
35,386,9.03394
35,387,4.89819
35,388,6.09774
35,389,6.05089
35,390,6.9531
35,391,2.07947
35,392,8.85766
35,393,9.8762
35,394,9.80394
35,395,9.92363
35,396,8.93596
35,397,9.0
35,398,9.19985
35,399,8.92036
35,400,6.0321
35,401,6.96531
35,402,8.89202
35,403,3.97865
35,404,10.0
35,405,9.8205
36,1,5.86877
36,2,9.9805
36,3,9.9815
36,4,9.97896
36,5,7.0
36,6,9.0
36,7,9.95243
36,8,9.81964
36,9,9.86812
36,10,6.93787
36,11,9.85804
36,12,9.98735
36,13,10.0
36,14,9.82159
36,15,7.10997
36,16,9.88344
36,17,-0.823238
36,18,9.88231
36,19,7.11584
36,20,9.98693
36,21,4.0
36,22,1.0
36,23,9.85934
36,24,9.15006
36,25,9.16775
36,26,7.00708
36,27,8.8963
36,28,2.8323
36,29,1.0
36,30,9.8144
36,31,1.83171
36,32,2.19655
36,33,9.97637
36,34,9.80957
36,35,8.1756
36,36,9.86888
36,37,6.92834
36,38,9.87344
36,39,9.88216
36,40,5.96342
36,41,10.0
36,42,7.98003
36,43,6.03082
36,44,7.0888
36,45,6.98598
36,46,-0.914515
36,47,9.0
36,48,3.98888
36,49,5.90899
36,50,9.83367
36,51,9.97074
36,52,9.10968
36,53,7.00995
36,54,6.0
36,55,6.90698
36,56,9.86114
36,57,9.91017
36,58,2.0
36,59,2.01763
36,60,9.9055
36,61,9.81593
36,62,6.84847
36,63,9.02539
36,64,2.01999
36,65,1.99353
36,66,9.17116
36,67,9.99989
36,68,9.90834
36,69,9.05825
36,70,-0.948712
36,71,8.95175
36,72,1.86477
36,73,2.19948
36,74,9.82988
36,75,-0.868087
36,76,9.80723
36,77,10.0
36,78,1.08066
36,79,-0.97744
36,80,9.99621
36,81,9.84531
36,82,6.89462
36,83,10.0
36,84,9.93837
36,85,-0.948657
36,86,9.0
36,87,6.02246
36,88,9.96018
36,89,9.85953
36,90,6.18966
36,91,6.0
36,92,6.89187
36,93,9.8903
36,94,9.83457
36,95,9.89667
36,96,6.0
36,97,9.94844
36,98,7.0
36,99,8.15758
36,100,9.97132
36,101,9.92417
36,102,6.0
36,103,6.15993
36,104,5.81764
36,105,6.13746
36,106,9.92686
36,107,9.80317
36,108,9.82803
36,109,-0.882243
36,110,-0.978365
36,111,-0.923652
36,112,9.93014
36,113,10.0
36,114,9.82209
36,115,9.8475
36,116,9.87055
36,117,8.18006
36,118,9.88635
36,119,9.92721
36,120,-0.867867
36,121,-1.0
36,122,-0.827198
36,123,-0.884671
36,124,8.091
36,125,-1.0
36,126,9.84841
36,127,9.83952
36,128,5.88407
36,129,-0.933853
36,130,-0.893454
36,131,9.9663
36,132,10.0
36,133,3.0
36,134,-0.894972
36,135,9.90115
36,136,3.13669
36,137,3.00398
36,138,2.95528
36,139,10.0
36,140,9.99214
36,141,10.0
36,142,-0.913994
36,143,9.96597
36,144,9.84299
36,145,9.98818
36,146,9.82064
36,147,9.84865
36,148,7.15038
36,149,7.0908
36,150,-0.879213
36,151,-0.842909
36,152,-0.922754
36,153,7.82639
36,154,9.90578
36,155,-0.982044
36,156,-0.949596
36,157,9.88461
36,158,10.0
36,159,9.95007
36,160,7.0
36,161,9.91674
36,162,-0.974958
36,163,9.8742
36,164,9.94827
36,165,7.0187
36,166,9.99116
36,167,8.00727
36,168,9.97099
36,169,10.0
36,170,9.85483
36,171,9.0
36,172,9.89046
36,173,7.0
36,174,4.0
36,175,10.0
36,176,10.0
36,177,6.88966
36,178,8.90283
36,179,8.90331
36,180,-1.0
36,181,3.9204
36,182,7.15441
36,183,8.90158
36,184,10.0
36,185,10.0
36,186,8.1043
36,187,8.1769
36,188,9.911
36,189,9.89329
36,190,9.96742
36,191,-0.862136
36,192,9.93197
36,193,6.96949
36,194,-0.922273
36,195,10.0
36,196,9.92832
36,197,3.84704
36,198,8.0
36,199,8.18346
36,200,9.81454
36,201,-0.824584
36,202,-0.866536
36,203,9.82151
36,204,6.97239
36,205,9.86717
36,206,10.0
36,207,7.0
36,208,9.81614
36,209,-0.871689
36,210,-0.86701
36,211,9.81531
36,212,8.81435
36,213,6.97706
36,214,9.96847
36,215,8.01515
36,216,9.08309
36,217,9.81298
36,218,2.93525
36,219,3.16539
36,220,2.91454
36,221,3.12124
36,222,2.84877
36,223,3.17774
36,224,3.0219
36,225,2.91627
36,226,9.90217
36,227,7.10807
36,228,9.91945
36,229,9.96279
36,230,9.90945
36,231,9.81354
36,232,9.9295
36,233,7.02943
36,234,9.94364
36,235,-0.845646
36,236,8.18761
36,237,-0.994415
36,238,6.87429
36,239,-0.846912
36,240,7.1211
36,241,6.96229
36,242,6.84033
36,243,6.84843
36,244,10.0
36,245,9.87479
36,246,8.0
36,247,-0.814375
36,248,10.0
36,249,-0.999642
36,250,9.88912
36,251,9.95623
36,252,9.97144
36,253,10.0
36,254,-0.854861
36,255,6.95978
36,256,4.09682
36,257,9.84499
36,258,7.00168
36,259,9.08577
36,260,8.0
36,261,-1.0
36,262,9.97511
36,263,9.99816
36,264,9.90048
36,265,9.91436
36,266,9.94142
36,267,10.0
36,268,7.17714
36,269,9.9226
36,270,9.8049
36,271,9.88223
36,272,-0.917448
36,273,9.84106
36,274,9.9476
36,275,-0.927657
36,276,9.83441
36,277,-0.804719
36,278,9.84322
36,279,9.96697
36,280,6.84148
36,281,9.92852
36,282,3.93764
36,283,-0.957167
36,284,-0.872418
36,285,9.95202
36,286,9.85653
36,287,6.93393
36,288,7.09591
36,289,9.90727
36,290,9.96166
36,291,-0.955182
36,292,7.12016
36,293,9.95787
36,294,7.9952
36,295,8.92518
36,296,4.0338
36,297,6.1419
36,298,-1.0
36,299,9.86989
36,300,9.85261
36,301,8.18975
36,302,9.90393
36,303,9.98709
36,304,9.92148
36,305,7.98689
36,306,9.88653
36,307,9.84793
36,308,3.02876
36,309,7.00633
36,310,9.87071
36,311,9.9975
36,312,9.92234
36,313,10.0
36,314,9.8485
36,315,6.87357
36,316,-0.861133
36,317,8.91282
36,318,-0.867888
36,319,9.90344
36,320,9.95802
36,321,9.99101
36,322,7.1352
36,323,6.87639
36,324,7.06144
36,325,6.94212
36,326,9.9209
36,327,8.0
36,328,9.94131
36,329,9.95338
36,330,9.8701
36,331,10.0
36,332,9.95174
36,333,9.86163
36,334,-1.0
36,335,-1.0
36,336,6.15582
36,337,9.99882
36,338,-0.800267
36,339,9.80827
36,340,6.9913
36,341,3.82277
36,342,9.94095
36,343,9.0
36,344,-0.906191
36,345,9.91712
36,346,-0.909592
36,347,7.13504
36,348,9.99855
36,349,-0.921173
36,350,-0.930955
36,351,6.95042
36,352,8.0099
36,353,-0.841283
36,354,-0.825342
36,355,-1.0
36,356,6.97541
36,357,7.80227
36,358,9.84135
36,359,9.81211
36,360,-0.967339
36,361,10.0
36,362,6.8299
36,363,9.98338
36,364,6.91967
36,365,8.1533
36,366,9.82103
36,367,-0.918631
36,368,9.99251
36,369,10.0
36,370,9.81078
36,371,-0.824163
36,372,9.96222
36,373,9.86726
36,374,9.89871
36,375,5.91101
36,376,9.88795
36,377,10.0
36,378,8.02288
36,379,9.88895
36,380,-0.94861
36,381,9.82391
36,382,9.80672
36,383,9.9562
36,384,10.0
36,385,9.00235
36,386,9.95142
36,387,9.85164
36,388,6.93761
36,389,6.95635
36,390,7.93639
36,391,9.94666
36,392,9.98752
36,393,-0.957747
36,394,9.89686
36,395,-0.95708
36,396,7.14113
36,397,9.0
36,398,9.86798
36,399,9.88335
36,400,6.95612
36,401,8.07119
36,402,9.93864
36,403,-0.973915
36,404,-1.0
36,405,9.93717
37,1,
37,2,
37,3,
37,4,
37,5,
37,6,
37,7,
37,8,
37,9,
37,10,
37,11,
37,12,
37,13,
37,14,
37,15,
37,16,
37,17,
37,18,
37,19,
37,20,
37,21,8.0
37,22,
37,23,
37,24,
37,25,
37,26,
37,27,
37,28,
37,29,
37,30,
37,31,
37,32,
37,33,
37,34,
37,35,
37,36,
37,37,
37,38,
37,39,
37,40,
37,41,
37,42,
37,43,
37,44,
37,45,
37,46,
37,47,
37,48,
37,49,
37,50,
37,51,
37,52,
37,53,
37,54,
37,55,
37,56,
37,57,
37,58,
37,59,
37,60,
37,61,
37,62,
37,63,
37,64,
37,65,
37,66,
37,67,
37,68,
37,69,
37,70,
37,71,
37,72,
37,73,
37,74,
37,75,
37,76,
37,77,
37,78,
37,79,
37,80,
37,81,
37,82,
37,83,
37,84,
37,85,
37,86,
37,87,
37,88,
37,89,
37,90,
37,91,
37,92,
37,93,
37,94,
37,95,
37,96,
37,97,
37,98,
37,99,
37,100,
37,101,
37,102,
37,103,
37,104,
37,105,
37,106,
37,107,
37,108,
37,109,
37,110,
37,111,
37,112,
37,113,
37,114,
37,115,
37,116,
37,117,
37,118,
37,119,
37,120,
37,121,
37,122,
37,123,
37,124,
37,125,
37,126,
37,127,
37,128,
37,129,
37,130,
37,131,
37,132,
37,133,
37,134,
37,135,
37,136,
37,137,
37,138,
37,139,
37,140,
37,141,
37,142,
37,143,
37,144,
37,145,
37,146,
37,147,
37,148,
37,149,
37,150,
37,151,
37,152,
37,153,
37,154,
37,155,
37,156,
37,157,
37,158,
37,159,
37,160,
37,161,
37,162,
37,163,
37,164,
37,165,
37,166,
37,167,
37,168,
37,169,
37,170,
37,171,
37,172,
37,173,
37,174,
37,175,
37,176,
37,177,
37,178,
37,179,
37,180,
37,181,
37,182,
37,183,
37,184,
37,185,
37,186,
37,187,
37,188,
37,189,
37,190,
37,191,
37,192,
37,193,
37,194,
37,195,
37,196,
37,197,
37,198,
37,199,
37,200,
37,201,
37,202,
37,203,
37,204,
37,205,
37,206,
37,207,
37,208,
37,209,
37,210,
37,211,
37,212,
37,213,
37,214,
37,215,
37,216,
37,217,
37,218,
37,219,
37,220,
37,221,
37,222,
37,223,
37,224,
37,225,
37,226,
37,227,
37,228,
37,229,
37,230,
37,231,
37,232,
37,233,
37,234,
37,235,
37,236,
37,237,
37,238,
37,239,
37,240,
37,241,
37,242,
37,243,
37,244,
37,245,
37,246,
37,247,
37,248,
37,249,
37,250,
37,251,
37,252,
37,253,
37,254,
37,255,
37,256,
37,257,
37,258,
37,259,
37,260,
37,261,
37,262,
37,263,
37,264,
37,265,
37,266,
37,267,
37,268,
37,269,
37,270,
37,271,
37,272,
37,273,
37,274,
37,275,
37,276,
37,277,
37,278,
37,279,
37,280,
37,281,
37,282,
37,283,
37,284,
37,285,
37,286,
37,287,
37,288,
37,289,
37,290,
37,291,
37,292,
37,293,
37,294,
37,295,
37,296,
37,297,
37,298,
37,299,
37,300,
37,301,
37,302,
37,303,
37,304,
37,305,
37,306,
37,307,
37,308,
37,309,
37,310,
37,311,
37,312,
37,313,
37,314,
37,315,
37,316,
37,317,
37,318,
37,319,
37,320,
37,321,
37,322,
37,323,
37,324,
37,325,
37,326,
37,327,
37,328,
37,329,
37,330,
37,331,
37,332,
37,333,
37,334,
37,335,
37,336,
37,337,
37,338,
37,339,
37,340,
37,341,
37,342,
37,343,
37,344,
37,345,
37,346,
37,347,
37,348,
37,349,
37,350,
37,351,
37,352,
37,353,
37,354,
37,355,
37,356,
37,357,
37,358,
37,359,
37,360,
37,361,
37,362,
37,363,
37,364,
37,365,
37,366,
37,367,
37,368,
37,369,
37,370,
37,371,
37,372,
37,373,
37,374,
37,375,
37,376,
37,377,
37,378,
37,379,
37,380,
37,381,
37,382,
37,383,
37,384,
37,385,
37,386,
37,387,
37,388,
37,389,
37,390,
37,391,
37,392,
37,393,
37,394,
37,395,
37,396,
37,397,
37,398,
37,399,
37,400,
37,401,
37,402,
37,403,
37,404,8.0
37,405,
38,1,6.94168
38,2,1.87612
38,3,2.01411
38,4,6.08448
38,5,3.0
38,6,9.0
38,7,1.87168
38,8,8.95201
38,9,8.10411
38,10,2.97568
38,11,8.11777
38,12,9.95608
38,13,2.0
38,14,8.98242
38,15,2.87298
38,16,9.03731
38,17,3.00039
38,18,5.9149
38,19,8.93976
38,20,9.84659
38,21,8.0
38,22,6.0
38,23,7.82569
38,24,1.19938
38,25,9.80775
38,26,9.00567
38,27,9.81949
38,28,8.99508
38,29,8.0
38,30,1.88549
38,31,9.95896
38,32,9.86569
38,33,8.19958
38,34,9.94089
38,35,7.18325
38,36,8.0385
38,37,3.07505
38,38,9.81937
38,39,9.99609
38,40,9.05456
38,41,10.0
38,42,9.89509
38,43,4.95766
38,44,9.95065
38,45,3.15621
38,46,5.82913
38,47,10.0
38,48,8.00498
38,49,6.92695
38,50,7.89742
38,51,9.94908
38,52,8.85349
38,53,2.81021
38,54,9.0
38,55,9.99173
38,56,9.80704
38,57,9.81316
38,58,10.0
38,59,9.89242
38,60,9.80245
38,61,9.96971
38,62,2.95866
38,63,9.05005
38,64,9.90657
38,65,9.92084
38,66,9.13179
38,67,9.92407
38,68,7.81822
38,69,0.949539
38,70,3.94074
38,71,9.96896
38,72,9.83171
38,73,9.87038
38,74,9.87808
38,75,5.82453
38,76,9.99491
38,77,5.0
38,78,8.01454
38,79,2.94873
38,80,9.82826
38,81,8.00523
38,82,9.06681
38,83,4.0
38,84,9.94855
38,85,2.86323
38,86,1.0
38,87,7.03543
38,88,1.8483
38,89,8.08869
38,90,5.13667
38,91,5.0
38,92,3.17172
38,93,5.1335
38,94,8.1375
38,95,9.96116
38,96,7.0
38,97,7.8976
38,98,6.0
38,99,8.98881
38,100,7.98101
38,101,9.87005
38,102,9.0
38,103,9.11606
38,104,9.12663
38,105,8.80822
38,106,5.97607
38,107,9.83472
38,108,7.86084
38,109,5.95914
38,110,5.93268
38,111,6.12878
38,112,9.90789
38,113,10.0
38,114,6.007
38,115,9.96107
38,116,9.95687
38,117,9.16067
38,118,5.92959
38,119,9.95744
38,120,3.09407
38,121,10.0
38,122,9.87723
38,123,9.97698
38,124,9.89709
38,125,6.0
38,126,9.82326
38,127,8.81459
38,128,8.81383
38,129,7.13964
38,130,7.1687
38,131,9.89543
38,132,8.0
38,133,9.0
38,134,6.16052
38,135,9.91237
38,136,8.94546
38,137,8.89366
38,138,8.91618
38,139,3.0
38,140,9.8256
38,141,9.0
38,142,2.9389
38,143,9.90834
38,144,9.94234
38,145,9.97417
38,146,9.95193
38,147,9.10856
38,148,5.95694
38,149,6.0279
38,150,5.8216
38,151,5.8083
38,152,5.98577
38,153,8.84382
38,154,9.82529
38,155,3.05482
38,156,3.07483
38,157,9.80297
38,158,6.0
38,159,5.80876
38,160,9.0
38,161,9.89243
38,162,5.84823
38,163,9.8102
38,164,9.99314
38,165,9.80223
38,166,9.94518
38,167,9.91169
38,168,9.8215
38,169,4.0
38,170,4.00324
38,171,9.0
38,172,8.0575
38,173,10.0
38,174,8.0
38,175,9.0
38,176,8.0
38,177,7.88007
38,178,8.80521
38,179,9.18122
38,180,10.0
38,181,8.13002
38,182,8.08287
38,183,9.05576
38,184,6.0
38,185,1.0
38,186,9.97893
38,187,9.95635
38,188,8.14986
38,189,9.18448
38,190,9.9609
38,191,1.05961
38,192,8.01903
38,193,8.1241
38,194,0.0759557
38,195,9.0
38,196,9.11192
38,197,7.96165
38,198,10.0
38,199,9.98829
38,200,9.87394
38,201,9.9954
38,202,3.1039
38,203,9.94229
38,204,5.86722
38,205,9.92538
38,206,10.0
38,207,8.0
38,208,8.07004
38,209,2.9652
38,210,3.00342
38,211,7.9849
38,212,9.94237
38,213,9.02436
38,214,7.81073
38,215,8.94983
38,216,9.82889
38,217,8.14736
38,218,8.86113
38,219,8.99327
38,220,8.99185
38,221,9.08514
38,222,8.87062
38,223,9.05701
38,224,8.92161
38,225,9.02358
38,226,9.01466
38,227,5.896
38,228,8.93157
38,229,9.11409
38,230,9.83189
38,231,9.08723
38,232,9.92661
38,233,5.97199
38,234,8.17948
38,235,3.03338
38,236,9.04725
38,237,0.875573
38,238,6.01546
38,239,2.86031
38,240,8.19608
38,241,8.06924
38,242,8.18576
38,243,8.08738
38,244,10.0
38,245,9.11133
38,246,7.0
38,247,0.806598
38,248,10.0
38,249,5.94468
38,250,5.96499
38,251,5.97643
38,252,7.84169
38,253,10.0
38,254,6.96634
38,255,9.99854
38,256,7.99356
38,257,8.15046
38,258,7.95978
38,259,8.87008
38,260,10.0
38,261,0.0
38,262,4.02269
38,263,9.95471
38,264,6.08861
38,265,6.02725
38,266,8.84342
38,267,9.0
38,268,5.83885
38,269,9.8775
38,270,8.82806
38,271,7.83605
38,272,6.0907
38,273,8.15873
38,274,7.9601
38,275,6.03562
38,276,9.96927
38,277,2.90145
38,278,9.99081
38,279,9.95866
38,280,9.86711
38,281,9.81455
38,282,8.01415
38,283,6.17684
38,284,5.91542
38,285,6.16475
38,286,6.11436
38,287,6.06718
38,288,6.04668
38,289,9.83479
38,290,8.84541
38,291,5.81815
38,292,6.04339
38,293,8.89195
38,294,9.13712
38,295,9.89469
38,296,8.08006
38,297,7.02951
38,298,7.0
38,299,7.82604
38,300,7.81669
38,301,9.153
38,302,6.10145
38,303,7.9556
38,304,7.93595
38,305,9.00333
38,306,9.82586
38,307,9.87192
38,308,9.01927
38,309,9.9114
38,310,7.85306
38,311,9.86297
38,312,9.87713
38,313,10.0
38,314,9.92894
38,315,5.94713
38,316,0.869596
38,317,8.83555
38,318,6.16667
38,319,9.11258
38,320,8.82174
38,321,9.16642
38,322,6.02813
38,323,5.88112
38,324,6.04563
38,325,5.97612
38,326,9.06771
38,327,9.0
38,328,7.80499
38,329,8.1786
38,330,7.8844
38,331,8.0
38,332,9.83271
38,333,9.94322
38,334,4.0
38,335,3.0
38,336,7.06398
38,337,8.90568
38,338,5.93867
38,339,9.91357
38,340,6.05496
38,341,7.93489
38,342,7.98727
38,343,10.0
38,344,9.9464
38,345,9.08481
38,346,6.81822
38,347,6.00788
38,348,9.96152
38,349,3.07053
38,350,5.95737
38,351,6.18992
38,352,8.97131
38,353,5.97261
38,354,5.89651
38,355,1.0
38,356,5.93458
38,357,9.83116
38,358,9.83699
38,359,9.8819
38,360,0.990588
38,361,8.0
38,362,9.19052
38,363,9.8831
38,364,5.86573
38,365,9.06283
38,366,9.94259
38,367,2.88596
38,368,9.81498
38,369,8.0
38,370,8.18253
38,371,2.91096
38,372,8.10842
38,373,9.88321
38,374,8.17111
38,375,7.10617
38,376,7.82512
38,377,8.0
38,378,9.97342
38,379,9.80929
38,380,6.02403
38,381,7.8385
38,382,9.94841
38,383,7.8008
38,384,3.0
38,385,9.94211
38,386,8.10192
38,387,9.82691
38,388,7.94543
38,389,8.15906
38,390,6.87279
38,391,6.12
38,392,3.16562
38,393,0.888555
38,394,7.87486
38,395,5.87934
38,396,9.80947
38,397,10.0
38,398,9.12843
38,399,7.87205
38,400,7.8306
38,401,7.13463
38,402,1.07112
38,403,0.193093
38,404,6.0
38,405,8.9438
39,1,9.88758
39,2,3.9816
39,3,3.86458
39,4,9.92897
39,5,1.0
39,6,9.0
39,7,3.82514
39,8,9.86394
39,9,9.98342
39,10,0.942164
39,11,9.89083
39,12,0.0401047
39,13,4.0
39,14,9.9099
39,15,0.893449
39,16,9.95362
39,17,9.81263
39,18,9.91232
39,19,9.99839
39,20,9.96113
39,21,10.0
39,22,0.0
39,23,9.89022
39,24,6.17845
39,25,9.80455
39,26,9.968
39,27,9.94799
39,28,9.86691
39,29,0.0
39,30,3.9706
39,31,6.95936
39,32,7.009
39,33,9.93836
39,34,0.0642869
39,35,9.9846
39,36,9.92287
39,37,0.947458
39,38,9.95632
39,39,9.90049
39,40,9.92143
39,41,10.0
39,42,2.94749
39,43,0.166516
39,44,9.86604
39,45,1.01738
39,46,6.94469
39,47,10.0
39,48,9.852
39,49,9.95324
39,50,9.90158
39,51,0.189295
39,52,8.88811
39,53,0.936986
39,54,10.0
39,55,9.88994
39,56,9.98223
39,57,9.89112
39,58,7.0
39,59,6.85291
39,60,9.81812
39,61,0.126304
39,62,0.903132
39,63,9.07584
39,64,7.01592
39,65,7.07454
39,66,9.1972
39,67,0.0469442
39,68,9.8062
39,69,5.86182
39,70,1.04184
39,71,9.95248
39,72,6.92291
39,73,7.08282
39,74,0.0846085
39,75,0.0482064
39,76,9.80658
39,77,0.0
39,78,0.0123915
39,79,9.93894
39,80,0.000482669
39,81,5.11485
39,82,9.95605
39,83,0.0
39,84,9.85609
39,85,9.931
39,86,6.0
39,87,9.87348
39,88,4.0513
39,89,9.82178
39,90,0.142924
39,91,0.0
39,92,1.05711
39,93,0.0393102
39,94,9.9115
39,95,0.0456205
39,96,10.0
39,97,0.0505313
39,98,0.0
39,99,9.99607
39,100,0.0652298
39,101,9.90883
39,102,10.0
39,103,9.95016
39,104,9.8448
39,105,9.88723
39,106,9.91945
39,107,9.96856
39,108,0.0302032
39,109,7.05369
39,110,6.91284
39,111,6.99083
39,112,0.119771
39,113,10.0
39,114,9.86058
39,115,0.0755653
39,116,0.0830079
39,117,9.83858
39,118,9.95176
39,119,9.98182
39,120,9.80161
39,121,0.0
39,122,0.0420645
39,123,0.0171538
39,124,2.97611
39,125,7.0
39,126,9.89721
39,127,9.86602
39,128,9.95476
39,129,9.93009
39,130,9.95702
39,131,0.15683
39,132,10.0
39,133,10.0
39,134,7.06268
39,135,0.194284
39,136,9.96359
39,137,9.89231
39,138,9.8952
39,139,10.0
39,140,9.8115
39,141,10.0
39,142,9.99822
39,143,9.98369
39,144,9.81381
39,145,9.98666
39,146,9.99259
39,147,9.88578
39,148,0.0625694
39,149,0.143028
39,150,7.05746
39,151,7.02347
39,152,7.05973
39,153,9.93055
39,154,9.89654
39,155,9.85263
39,156,9.89275
39,157,9.96767
39,158,10.0
39,159,9.83927
39,160,10.0
39,161,9.85192
39,162,6.8916
39,163,9.92346
39,164,9.86914
39,165,9.95353
39,166,9.94843
39,167,3.13849
39,168,9.98299
39,169,0.0
39,170,0.102391
39,171,10.0
39,172,0.00287261
39,173,10.0
39,174,10.0
39,175,10.0
39,176,10.0
39,177,7.16558
39,178,9.13439
39,179,9.17049
39,180,10.0
39,181,9.87083
39,182,6.81144
39,183,9.00951
39,184,10.0
39,185,0.0
39,186,2.82436
39,187,2.95941
39,188,0.0142932
39,189,9.95857
39,190,9.90604
39,191,7.19179
39,192,9.95026
39,193,7.13498
39,194,0.100102
39,195,10.0
39,196,9.87149
39,197,9.81454
39,198,3.0
39,199,3.17358
39,200,0.0912261
39,201,0.11439
39,202,9.84815
39,203,0.0108826
39,204,0.056975
39,205,9.88041
39,206,0.0
39,207,7.0
39,208,9.97693
39,209,9.80893
39,210,9.86873
39,211,9.96369
39,212,9.83288
39,213,9.83846
39,214,9.92177
39,215,9.84353
39,216,9.91654
39,217,9.96668
39,218,9.89325
39,219,9.82371
39,220,9.87571
39,221,9.93854
39,222,9.93089
39,223,9.9299
39,224,9.88029
39,225,9.83744
39,226,2.08146
39,227,0.149817
39,228,1.83166
39,229,1.87555
39,230,9.93826
39,231,2.18589
39,232,9.9719
39,233,0.194489
39,234,9.91961
39,235,9.95906
39,236,9.83853
39,237,6.90848
39,238,0.0629735
39,239,9.82498
39,240,6.92612
39,241,7.06926
39,242,6.83427
39,243,6.98171
39,244,10.0
39,245,9.88662
39,246,10.0
39,247,6.84853
39,248,10.0
39,249,6.96077
39,250,9.98043
39,251,9.86217
39,252,9.80243
39,253,0.0
39,254,9.92203
39,255,9.99259
39,256,9.98631
39,257,9.93863
39,258,7.16242
39,259,8.95808
39,260,6.0
39,261,0.0
39,262,0.123398
39,263,9.94547
39,264,9.8534
39,265,9.93799
39,266,9.85029
39,267,2.0
39,268,0.0182253
39,269,0.0143101
39,270,9.83831
39,271,0.0465824
39,272,7.00089
39,273,9.87802
39,274,0.014602
39,275,6.87685
39,276,9.94409
39,277,9.91588
39,278,9.98686
39,279,9.97851
39,280,9.95037
39,281,9.9354
39,282,9.85843
39,283,7.01047
39,284,7.0355
39,285,9.89477
39,286,9.96391
39,287,0.141772
39,288,0.149429
39,289,9.8225
39,290,1.93309
39,291,6.91821
39,292,0.198364
39,293,1.8917
39,294,9.8328
39,295,9.98629
39,296,9.82275
39,297,9.8773
39,298,10.0
39,299,9.92339
39,300,9.90029
39,301,9.83961
39,302,9.89891
39,303,9.94733
39,304,9.93332
39,305,9.95413
39,306,9.98463
39,307,9.90425
39,308,9.8425
39,309,9.99822
39,310,9.94222
39,311,9.84745
39,312,9.84116
39,313,10.0
39,314,9.99711
39,315,0.19253
39,316,6.91157
39,317,9.17646
39,318,7.02309
39,319,1.87981
39,320,1.96619
39,321,2.06062
39,322,0.0370492
39,323,0.119306
39,324,0.109653
39,325,0.171189
39,326,2.10664
39,327,10.0
39,328,9.9873
39,329,9.98389
39,330,9.99975
39,331,10.0
39,332,0.0479282
39,333,0.134185
39,334,1.0
39,335,10.0
39,336,9.99514
39,337,2.02628
39,338,7.15823
39,339,0.129319
39,340,0.0619734
39,341,9.89779
39,342,9.83593
39,343,10.0
39,344,9.88826
39,345,1.81436
39,346,9.85086
39,347,0.127364
39,348,9.81672
39,349,9.83195
39,350,6.89039
39,351,0.0972508
39,352,9.98405
39,353,0.0967718
39,354,6.92479
39,355,7.0
39,356,0.104219
39,357,2.96243
39,358,0.116846
39,359,0.0400625
39,360,7.06876
39,361,5.0
39,362,9.81035
39,363,9.99274
39,364,0.0731201
39,365,9.97741
39,366,0.159533
39,367,9.82053
39,368,9.93574
39,369,0.0
39,370,0.0711088
39,371,9.81583
39,372,9.85505
39,373,9.80903
39,374,9.80311
39,375,9.87242
39,376,9.92589
39,377,10.0
39,378,2.90339
39,379,0.0587895
39,380,7.14163
39,381,9.96534
39,382,0.0704095
39,383,9.9777
39,384,0.0
39,385,9.85567
39,386,9.86232
39,387,9.9247
39,388,7.05635
39,389,7.0081
39,390,9.89049
39,391,9.82953
39,392,0.138464
39,393,6.90751
39,394,9.91104
39,395,0.122966
39,396,9.9657
39,397,10.0
39,398,9.86555
39,399,9.91152
39,400,7.07057
39,401,9.86894
39,402,0.0159158
39,403,0.0280818
39,404,0.0
39,405,9.97896
40,1,
40,2,
40,3,
40,4,
40,5,
40,6,
40,7,
40,8,
40,9,
40,10,
40,11,
40,12,
40,13,
40,14,
40,15,
40,16,
40,17,
40,18,
40,19,
40,20,
40,21,
40,22,
40,23,
40,24,
40,25,
40,26,
40,27,
40,28,
40,29,
40,30,
40,31,
40,32,
40,33,
40,34,
40,35,
40,36,
40,37,
40,38,
40,39,
40,40,
40,41,
40,42,
40,43,
40,44,
40,45,
40,46,
40,47,
40,48,
40,49,
40,50,
40,51,
40,52,
40,53,
40,54,
40,55,
40,56,
40,57,
40,58,
40,59,
40,60,
40,61,
40,62,
40,63,
40,64,
40,65,
40,66,
40,67,
40,68,
40,69,
40,70,
40,71,
40,72,
40,73,
40,74,
40,75,
40,76,
40,77,
40,78,
40,79,
40,80,
40,81,
40,82,
40,83,
40,84,
40,85,
40,86,
40,87,
40,88,
40,89,
40,90,
40,91,
40,92,
40,93,
40,94,
40,95,
40,96,
40,97,
40,98,
40,99,
40,100,
40,101,
40,102,
40,103,
40,104,
40,105,
40,106,
40,107,
40,108,
40,109,
40,110,
40,111,
40,112,
40,113,
40,114,
40,115,
40,116,
40,117,
40,118,
40,119,
40,120,
40,121,
40,122,
40,123,
40,124,
40,125,
40,126,
40,127,
40,128,
40,129,
40,130,
40,131,
40,132,
40,133,
40,134,
40,135,
40,136,
40,137,
40,138,
40,139,
40,140,
40,141,
40,142,
40,143,
40,144,
40,145,
40,146,
40,147,
40,148,
40,149,
40,150,
40,151,
40,152,
40,153,
40,154,
40,155,
40,156,
40,157,
40,158,
40,159,
40,160,
40,161,
40,162,
40,163,
40,164,
40,165,
40,166,
40,167,
40,168,
40,169,
40,170,
40,171,
40,172,
40,173,
40,174,
40,175,
40,176,
40,177,
40,178,
40,179,
40,180,
40,181,
40,182,
40,183,
40,184,
40,185,
40,186,
40,187,
40,188,
40,189,
40,190,
40,191,
40,192,
40,193,
40,194,
40,195,
40,196,
40,197,
40,198,
40,199,
40,200,
40,201,
40,202,
40,203,
40,204,
40,205,
40,206,
40,207,
40,208,
40,209,
40,210,
40,211,
40,212,
40,213,
40,214,
40,215,
40,216,
40,217,
40,218,
40,219,
40,220,
40,221,
40,222,
40,223,
40,224,
40,225,
40,226,
40,227,
40,228,
40,229,
40,230,
40,231,
40,232,
40,233,
40,234,
40,235,
40,236,
40,237,
40,238,
40,239,
40,240,
40,241,
40,242,
40,243,
40,244,
40,245,
40,246,
40,247,
40,248,
40,249,
40,250,
40,251,
40,252,
40,253,
40,254,
40,255,
40,256,
40,257,
40,258,
40,259,
40,260,
40,261,
40,262,
40,263,
40,264,
40,265,
40,266,
40,267,
40,268,
40,269,
40,270,
40,271,
40,272,
40,273,
40,274,
40,275,
40,276,
40,277,
40,278,
40,279,
40,280,
40,281,
40,282,
40,283,
40,284,
40,285,
40,286,
40,287,
40,288,
40,289,
40,290,
40,291,
40,292,
40,293,
40,294,
40,295,
40,296,
40,297,
40,298,
40,299,
40,300,
40,301,
40,302,
40,303,
40,304,
40,305,
40,306,
40,307,
40,308,
40,309,
40,310,
40,311,
40,312,
40,313,
40,314,
40,315,
40,316,
40,317,
40,318,
40,319,
40,320,
40,321,
40,322,
40,323,
40,324,
40,325,
40,326,
40,327,
40,328,
40,329,
40,330,
40,331,
40,332,
40,333,
40,334,
40,335,
40,336,
40,337,
40,338,
40,339,
40,340,
40,341,
40,342,
40,343,
40,344,
40,345,
40,346,
40,347,
40,348,
40,349,
40,350,
40,351,
40,352,
40,353,
40,354,
40,355,
40,356,
40,357,
40,358,
40,359,
40,360,
40,361,
40,362,
40,363,
40,364,
40,365,
40,366,
40,367,
40,368,
40,369,
40,370,
40,371,
40,372,
40,373,
40,374,
40,375,
40,376,
40,377,
40,378,
40,379,
40,380,
40,381,
40,382,
40,383,
40,384,
40,385,
40,386,
40,387,
40,388,
40,389,
40,390,
40,391,
40,392,
40,393,
40,394,
40,395,
40,396,
40,397,
40,398,
40,399,
40,400,
40,401,
40,402,
40,403,
40,404,
40,405,
41,1,9.80634
41,2,8.87838
41,3,8.84806
41,4,9.93942
41,5,8.0
41,6,6.0
41,7,9.18571
41,8,9.96682
41,9,9.08286
41,10,8.02205
41,11,9.05643
41,12,7.02609
41,13,9.0
41,14,9.87008
41,15,7.84666
41,16,9.99715
41,17,7.18263
41,18,9.92733
41,19,8.09359
41,20,8.99937
41,21,10.0
41,22,0.0
41,23,9.87159
41,24,8.80636
41,25,8.1666
41,26,7.88803
41,27,7.80442
41,28,3.07057
41,29,0.0
41,30,9.09762
41,31,2.80006
41,32,2.83874
41,33,9.99591
41,34,6.81955
41,35,5.8394
41,36,9.84433
41,37,7.95607
41,38,8.99097
41,39,9.03903
41,40,4.13703
41,41,0.0
41,42,9.87344
41,43,2.17784
41,44,2.86186
41,45,7.94638
41,46,7.80734
41,47,7.0
41,48,9.93928
41,49,9.9132
41,50,9.81247
41,51,6.84032
41,52,6.13274
41,53,8.09392
41,54,4.0
41,55,2.98532
41,56,6.88356
41,57,6.90932
41,58,3.0
41,59,3.08973
41,60,6.88559
41,61,6.88864
41,62,7.81787
41,63,6.05155
41,64,3.14757
41,65,3.15657
41,66,6.03956
41,67,7.06095
41,68,9.85141
41,69,8.9123
41,70,9.94571
41,71,7.8223
41,72,3.09517
41,73,2.91621
41,74,6.80114
41,75,8.85148
41,76,0.129631
41,77,7.0
41,78,0.0472233
41,79,6.89661
41,80,6.96839
41,81,8.86574
41,82,8.04915
41,83,7.0
41,84,9.01581
41,85,7.04776
41,86,9.0
41,87,9.86475
41,88,9.0032
41,89,9.93303
41,90,1.81165
41,91,2.0
41,92,8.00426
41,93,7.17951
41,94,8.8247
41,95,7.03378
41,96,10.0
41,97,9.19575
41,98,8.0
41,99,7.14512
41,100,9.05835
41,101,9.02921
41,102,2.0
41,103,2.02033
41,104,1.88668
41,105,2.0381
41,106,9.84191
41,107,8.88419
41,108,9.02807
41,109,7.84131
41,110,8.02304
41,111,8.12554
41,112,2.17782
41,113,9.0
41,114,9.92653
41,115,2.06884
41,116,6.80749
41,117,6.93523
41,118,9.87798
41,119,8.89346
41,120,6.92723
41,121,10.0
41,122,9.90303
41,123,9.95722
41,124,9.98741
41,125,8.0
41,126,8.95739
41,127,9.84224
41,128,3.82425
41,129,6.90748
41,130,7.17974
41,131,2.11871
41,132,9.0
41,133,3.0
41,134,8.10358
41,135,1.96569
41,136,3.00926
41,137,2.94459
41,138,2.95801
41,139,9.0
41,140,8.99891
41,141,10.0
41,142,6.8123
41,143,8.92214
41,144,9.02249
41,145,8.80846
41,146,9.04323
41,147,9.97498
41,148,7.81811
41,149,8.11045
41,150,7.90899
41,151,7.86483
41,152,8.06427
41,153,7.19027
41,154,8.92896
41,155,7.07565
41,156,6.80674
41,157,9.07664
41,158,10.0
41,159,9.88894
41,160,8.0
41,161,7.03587
41,162,8.07176
41,163,9.08422
41,164,9.06404
41,165,2.90219
41,166,9.0322
41,167,9.90853
41,168,9.08988
41,169,10.0
41,170,9.85627
41,171,3.0
41,172,9.00725
41,173,3.0
41,174,10.0
41,175,10.0
41,176,10.0
41,177,8.07682
41,178,6.02816
41,179,6.06483
41,180,8.0
41,181,9.85346
41,182,8.06095
41,183,5.8855
41,184,5.0
41,185,9.0
41,186,9.86978
41,187,9.84083
41,188,8.81326
41,189,9.19101
41,190,6.96268
41,191,8.92785
41,192,9.96666
41,193,8.00623
41,194,3.931
41,195,9.0
41,196,9.0395
41,197,9.96749
41,198,10.0
41,199,9.95558
41,200,1.89415
41,201,9.89652
41,202,7.18556
41,203,7.09782
41,204,7.97711
41,205,8.85526
41,206,7.0
41,207,8.0
41,208,9.86484
41,209,7.11186
41,210,6.96669
41,211,8.97447
41,212,8.17112
41,213,7.86787
41,214,9.07985
41,215,7.0636
41,216,8.18949
41,217,8.94682
41,218,3.19774
41,219,2.95512
41,220,3.1901
41,221,2.83043
41,222,3.01197
41,223,3.00935
41,224,2.9956
41,225,2.99689
41,226,7.93158
41,227,8.02042
41,228,7.85298
41,229,8.13816
41,230,8.82886
41,231,8.14065
41,232,8.83971
41,233,8.01459
41,234,8.98421
41,235,6.94358
41,236,7.13882
41,237,8.92867
41,238,8.01079
41,239,7.11973
41,240,7.85486
41,241,7.85461
41,242,7.95025
41,243,8.18275
41,244,9.0
41,245,9.92124
41,246,6.0
41,247,9.14124
41,248,10.0
41,249,8.00155
41,250,9.9657
41,251,9.85504
41,252,9.88269
41,253,2.0
41,254,7.08466
41,255,3.19667
41,256,9.81885
41,257,9.83129
41,258,7.85692
41,259,6.16057
41,260,4.0
41,261,4.0
41,262,9.89919
41,263,9.03944
41,264,9.84488
41,265,9.99169
41,266,9.96058
41,267,8.0
41,268,7.95934
41,269,6.93309
41,270,9.94341
41,271,8.85282
41,272,8.19712
41,273,9.99653
41,274,9.17674
41,275,8.17274
41,276,6.92971
41,277,6.88984
41,278,9.08818
41,279,9.04471
41,280,3.01306
41,281,9.05652
41,282,9.85156
41,283,8.00963
41,284,8.03398
41,285,9.9032
41,286,9.95414
41,287,7.9675
41,288,8.01605
41,289,9.18048
41,290,8.12546
41,291,8.07102
41,292,7.84964
41,293,8.17029
41,294,7.02892
41,295,7.14235
41,296,9.86372
41,297,9.91467
41,298,7.0
41,299,9.94902
41,300,8.94939
41,301,7.15194
41,302,9.82245
41,303,9.06624
41,304,9.03951
41,305,6.99117
41,306,8.99382
41,307,9.16821
41,308,3.10125
41,309,2.84879
41,310,9.13278
41,311,8.97692
41,312,6.83143
41,313,7.0
41,314,7.1406
41,315,8.0649
41,316,8.94123
41,317,6.07544
41,318,8.09864
41,319,7.81894
41,320,7.80273
41,321,7.80043
41,322,7.94584
41,323,8.18709
41,324,8.12736
41,325,7.85004
41,326,8.18134
41,327,7.0
41,328,9.15611
41,329,8.83167
41,330,9.8053
41,331,10.0
41,332,2.07315
41,333,2.05858
41,334,10.0
41,335,7.0
41,336,9.92234
41,337,8.00321
41,338,7.90189
41,339,2.0039
41,340,8.11825
41,341,9.85332
41,342,8.88048
41,343,8.0
41,344,8.05826
41,345,8.03396
41,346,7.11537
41,347,7.97997
41,348,9.16355
41,349,7.04214
41,350,7.83205
41,351,8.06785
41,352,6.81022
41,353,8.86119
41,354,8.06698
41,355,9.0
41,356,7.9051
41,357,9.96557
41,358,6.84115
41,359,7.08368
41,360,9.09804
41,361,9.0
41,362,8.11861
41,363,8.80533
41,364,7.80209
41,365,7.0097
41,366,2.14209
41,367,7.19005
41,368,8.84916
41,369,9.0
41,370,8.98484
41,371,7.18981
41,372,8.87801
41,373,9.06646
41,374,9.00612
41,375,9.88871
41,376,9.84918
41,377,9.0
41,378,9.82475
41,379,1.90511
41,380,7.89617
41,381,9.1655
41,382,1.91604
41,383,9.17336
41,384,3.0
41,385,8.09547
41,386,9.97238
41,387,8.97545
41,388,7.83173
41,389,7.8045
41,390,6.0641
41,391,4.91035
41,392,3.17856
41,393,8.80687
41,394,8.9985
41,395,9.05389
41,396,2.94526
41,397,10.0
41,398,9.81212
41,399,9.87003
41,400,7.86224
41,401,6.19467
41,402,8.85372
41,403,4.01615
41,404,9.0
41,405,9.16072
42,1,0.179136
42,2,7.99319
42,3,8.16548
42,4,4.97992
42,5,7.82249
42,6,8.0
42,7,8.11797
42,8,-0.866656
42,9,7.87285
42,10,7.85563
42,11,7.87916
42,12,9.03291
42,13,8.0
42,14,0.0677208
42,15,7.82147
42,16,0.00513487
42,17,7.95076
42,18,5.05909
42,19,1.01847
42,20,9.94417
42,21,7.0
42,22,10.0
42,23,8.90596
42,24,7.85269
42,25,0.117297
42,26,0.871945
42,27,0.0565835
42,28,8.13425
42,29,8.0
42,30,8.07492
42,31,5.13583
42,32,4.90487
42,33,0.1001
42,34,9.00071
42,35,0.00694553
42,36,8.93271
42,37,8.01117
42,38,9.80422
42,39,9.85919
42,40,7.14494
42,41,9.0
42,42,1.17603
42,43,9.97153
42,44,7.97636
42,45,8.02068
42,46,9.86615
42,47,8.0
42,48,7.16499
42,49,0.147093
42,50,8.90926
42,51,8.91173
42,52,8.0108
42,53,8.05227
42,54,7.0
42,55,8.0127
42,56,0.0680913
42,57,0.139126
42,58,5.0
42,59,4.99043
42,60,0.153602
42,61,9.18064
42,62,8.09781
42,63,8.04081
42,64,5.0092
42,65,4.86661
42,66,7.9637
42,67,9.07905
42,68,9.09172
42,69,7.91764
42,70,0.14898
42,71,0.179283
42,72,5.11423
42,73,4.92715
42,74,8.99172
42,75,1.09754
42,76,8.88849
42,77,0.0
42,78,7.85612
42,79,8.06442
42,80,8.84625
42,81,9.82956
42,82,0.953705
42,83,9.0
42,84,9.89938
42,85,8.01725
42,86,8.0
42,87,8.80226
42,88,8.04138
42,89,8.9191
42,90,9.806
42,91,6.97078
42,92,6.15358
42,93,0.0289639
42,94,8.06483
42,95,9.18107
42,96,0.0192907
42,97,7.80386
42,98,8.0
42,99,8.14552
42,100,7.83319
42,101,9.98985
42,102,10.0
42,103,9.86943
42,104,9.86961
42,105,9.90178
42,106,4.91506
42,107,9.8495
42,108,7.93854
42,109,9.94473
42,110,9.8016
42,111,9.85497
42,112,7.05329
42,113,7.0
42,114,5.05837
42,115,7.1297
42,116,9.04779
42,117,7.82763
42,118,5.18267
42,119,9.80275
42,120,8.05901
42,121,1.0
42,122,0.961969
42,123,0.974809
42,124,1.18365
42,125,10.0
42,126,9.8775
42,127,-0.824354
42,128,7.19512
42,129,9.95584
42,130,9.93439
42,131,7.14193
42,132,8.0
42,133,8.0
42,134,9.93588
42,135,7.09783
42,136,7.86464
42,137,8.10351
42,138,7.95335
42,139,6.0
42,140,9.96181
42,141,0.0
42,142,7.85212
42,143,9.96366
42,144,9.8859
42,145,9.8618
42,146,9.99384
42,147,0.0985884
42,148,8.08431
42,149,7.83255
42,150,9.92866
42,151,9.88143
42,152,9.83001
42,153,7.84176
42,154,9.90081
42,155,7.90229
42,156,8.07362
42,157,9.80424
42,158,5.0
42,159,5.16346
42,160,1.0
42,161,0.117981
42,162,9.88533
42,163,9.82351
42,164,9.93833
42,165,7.82604
42,166,9.93097
42,167,1.09738
42,168,9.97948
42,169,10.0
42,170,9.87224
42,171,0.0
42,172,7.81255
42,173,8.0
42,174,7.0
42,175,-1.0
42,176,0.0
42,177,0.158693
42,178,7.9696
42,179,7.86426
42,180,7.0
42,181,7.15229
42,182,0.128642
42,183,7.8191
42,184,0.0
42,185,1.0
42,186,0.884437
42,187,0.891229
42,188,8.16212
42,189,1.84443
42,190,0.145295
42,191,5.84789
42,192,0.104394
42,193,0.0228355
42,194,1.15555
42,195,2.0
42,196,1.88869
42,197,6.8726
42,198,1.0
42,199,1.00495
42,200,6.89576
42,201,1.0747
42,202,8.17925
42,203,9.11744
42,204,7.93601
42,205,9.92479
42,206,9.0
42,207,0.0
42,208,8.95432
42,209,7.81954
42,210,8.1108
42,211,9.8402
42,212,0.114498
42,213,1.18217
42,214,9.9025
42,215,7.92139
42,216,0.198455
42,217,7.81709
42,218,7.94745
42,219,8.14656
42,220,8.18906
42,221,7.93858
42,222,8.0379
42,223,8.03553
42,224,8.06413
42,225,8.14156
42,226,9.11918
42,227,7.88304
42,228,8.97799
42,229,9.16804
42,230,9.93885
42,231,9.11882
42,232,9.94509
42,233,7.85695
42,234,9.82849
42,235,8.17339
42,236,7.98861
42,237,5.98366
42,238,8.19847
42,239,7.97412
42,240,0.0713035
42,241,0.079583
42,242,0.0749896
42,243,0.0280287
42,244,10.0
42,245,0.142116
42,246,0.0
42,247,6.11483
42,248,6.0
42,249,9.85942
42,250,5.03864
42,251,4.91108
42,252,8.99709
42,253,7.0
42,254,9.82615
42,255,7.94778
42,256,6.99859
42,257,0.130931
42,258,0.0844978
42,259,7.90335
42,260,0.0
42,261,1.0
42,262,9.95679
42,263,9.90423
42,264,5.10188
42,265,4.98026
42,266,0.0124701
42,267,9.0
42,268,8.02165
42,269,9.0198
42,270,-0.933574
42,271,8.07627
42,272,9.80107
42,273,0.160166
42,274,7.96847
42,275,9.80608
42,276,0.137598
42,277,8.18701
42,278,9.96526
42,279,9.87435
42,280,8.17398
42,281,9.97512
42,282,6.997
42,283,9.81985
42,284,9.91553
42,285,4.86177
42,286,5.06875
42,287,8.06332
42,288,8.04208
42,289,9.82318
42,290,9.13427
42,291,9.80448
42,292,7.90983
42,293,8.87506
42,294,7.98949
42,295,8.12354
42,296,6.93155
42,297,0.0149978
42,298,10.0
42,299,9.10177
42,300,9.81054
42,301,7.86988
42,302,4.85912
42,303,9.9516
42,304,8.18241
42,305,7.87551
42,306,9.92023
42,307,9.90285
42,308,7.97751
42,309,8.15699
42,310,9.93968
42,311,9.98636
42,312,0.0725803
42,313,0.0
42,314,0.142717
42,315,8.01264
42,316,6.00882
42,317,7.86107
42,318,9.98992
42,319,9.17826
42,320,8.81599
42,321,8.88165
42,322,8.1777
42,323,7.8185
42,324,8.13951
42,325,7.83203
42,326,8.88726
42,327,8.0
42,328,9.82094
42,329,9.89229
42,330,8.82006
42,331,9.0
42,332,7.03607
42,333,7.07888
42,334,0.0
42,335,8.0
42,336,0.0763331
42,337,8.82749
42,338,9.88051
42,339,7.00411
42,340,7.9972
42,341,7.08708
42,342,9.90927
42,343,0.0
42,344,7.14137
42,345,8.98274
42,346,9.84021
42,347,7.9997
42,348,9.9419
42,349,7.92052
42,350,9.8689
42,351,7.88685
42,352,7.92311
42,353,0.875726
42,354,9.90337
42,355,6.0
42,356,8.01143
42,357,0.953763
42,358,8.88091
42,359,8.82131
42,360,6.17374
42,361,10.0
42,362,0.986463
42,363,9.95833
42,364,7.875
42,365,8.10431
42,366,7.03807
42,367,7.84938
42,368,9.87068
42,369,8.0
42,370,7.95742
42,371,8.00373
42,372,9.94171
42,373,9.80583
42,374,9.96935
42,375,5.0795
42,376,9.11468
42,377,10.0
42,378,0.927652
42,379,6.81874
42,380,9.88925
42,381,7.86222
42,382,7.06994
42,383,9.97117
42,384,9.0
42,385,0.0288553
42,386,0.131201
42,387,9.97076
42,388,0.00618497
42,389,0.0053811
42,390,0.192106
42,391,0.181811
42,392,9.13546
42,393,6.10373
42,394,9.82023
42,395,1.08912
42,396,7.93369
42,397,6.0
42,398,-0.931005
42,399,0.0948667
42,400,0.121882
42,401,0.0609764
42,402,1.08773
42,403,0.930692
42,404,1.0
42,405,1.86991
43,1,
43,2,
43,3,
43,4,
43,5,9.0
43,6,
43,7,
43,8,
43,9,
43,10,
43,11,
43,12,
43,13,9.0
43,14,
43,15,
43,16,
43,17,
43,18,
43,19,
43,20,
43,21,
43,22,
43,23,
43,24,
43,25,
43,26,
43,27,
43,28,
43,29,
43,30,
43,31,
43,32,
43,33,
43,34,
43,35,
43,36,
43,37,
43,38,
43,39,
43,40,
43,41,
43,42,
43,43,
43,44,
43,45,
43,46,
43,47,
43,48,
43,49,
43,50,
43,51,
43,52,
43,53,
43,54,
43,55,
43,56,
43,57,
43,58,
43,59,
43,60,
43,61,
43,62,
43,63,
43,64,
43,65,
43,66,
43,67,
43,68,
43,69,
43,70,
43,71,
43,72,
43,73,
43,74,
43,75,
43,76,
43,77,
43,78,
43,79,
43,80,
43,81,
43,82,
43,83,
43,84,
43,85,
43,86,
43,87,
43,88,
43,89,
43,90,
43,91,
43,92,
43,93,
43,94,
43,95,
43,96,
43,97,
43,98,
43,99,
43,100,
43,101,
43,102,
43,103,
43,104,
43,105,
43,106,
43,107,
43,108,
43,109,
43,110,
43,111,
43,112,
43,113,
43,114,
43,115,
43,116,
43,117,
43,118,
43,119,
43,120,
43,121,
43,122,
43,123,
43,124,
43,125,
43,126,
43,127,
43,128,
43,129,
43,130,
43,131,
43,132,
43,133,
43,134,
43,135,
43,136,
43,137,
43,138,
43,139,
43,140,
43,141,
43,142,
43,143,
43,144,
43,145,
43,146,
43,147,
43,148,
43,149,
43,150,
43,151,
43,152,
43,153,
43,154,
43,155,
43,156,
43,157,
43,158,
43,159,
43,160,
43,161,
43,162,
43,163,
43,164,
43,165,
43,166,
43,167,
43,168,
43,169,
43,170,
43,171,
43,172,
43,173,
43,174,
43,175,
43,176,
43,177,
43,178,
43,179,
43,180,
43,181,
43,182,
43,183,
43,184,
43,185,
43,186,
43,187,
43,188,
43,189,
43,190,
43,191,
43,192,
43,193,
43,194,
43,195,
43,196,
43,197,
43,198,
43,199,
43,200,
43,201,
43,202,
43,203,
43,204,
43,205,
43,206,
43,207,
43,208,
43,209,
43,210,
43,211,
43,212,
43,213,
43,214,
43,215,
43,216,
43,217,
43,218,
43,219,
43,220,
43,221,
43,222,
43,223,
43,224,
43,225,
43,226,
43,227,
43,228,
43,229,
43,230,
43,231,
43,232,
43,233,
43,234,
43,235,
43,236,
43,237,
43,238,
43,239,
43,240,
43,241,
43,242,
43,243,
43,244,
43,245,
43,246,
43,247,
43,248,
43,249,
43,250,
43,251,
43,252,
43,253,
43,254,
43,255,
43,256,
43,257,
43,258,
43,259,
43,260,
43,261,
43,262,
43,263,
43,264,
43,265,
43,266,
43,267,
43,268,
43,269,
43,270,
43,271,
43,272,
43,273,
43,274,
43,275,
43,276,
43,277,
43,278,
43,279,
43,280,
43,281,
43,282,
43,283,
43,284,
43,285,
43,286,
43,287,
43,288,
43,289,
43,290,
43,291,
43,292,
43,293,
43,294,
43,295,
43,296,
43,297,
43,298,
43,299,
43,300,
43,301,
43,302,
43,303,
43,304,
43,305,
43,306,
43,307,
43,308,
43,309,
43,310,
43,311,
43,312,
43,313,
43,314,
43,315,
43,316,
43,317,
43,318,
43,319,
43,320,
43,321,
43,322,
43,323,
43,324,
43,325,
43,326,
43,327,
43,328,
43,329,
43,330,
43,331,
43,332,
43,333,
43,334,
43,335,
43,336,
43,337,
43,338,
43,339,
43,340,
43,341,
43,342,
43,343,
43,344,
43,345,
43,346,
43,347,
43,348,
43,349,
43,350,
43,351,
43,352,
43,353,
43,354,
43,355,
43,356,
43,357,
43,358,
43,359,
43,360,
43,361,
43,362,
43,363,
43,364,
43,365,
43,366,
43,367,
43,368,
43,369,
43,370,
43,371,
43,372,
43,373,
43,374,
43,375,
43,376,
43,377,
43,378,
43,379,
43,380,
43,381,
43,382,
43,383,
43,384,
43,385,
43,386,
43,387,
43,388,
43,389,
43,390,
43,391,
43,392,
43,393,
43,394,
43,395,
43,396,
43,397,
43,398,
43,399,
43,400,
43,401,
43,402,
43,403,
43,404,7.0
43,405,
44,1,8.1548
44,2,0.197117
44,3,0.0180819
44,4,6.11979
44,5,-1.0
44,6,8.0
44,7,0.149728
44,8,3.96574
44,9,9.99833
44,10,-0.903063
44,11,9.9908
44,12,6.81691
44,13,0.0
44,14,9.04079
44,15,-0.963991
44,16,8.85047
44,17,-0.91645
44,18,5.97865
44,19,6.17206
44,20,0.0521265
44,21,1.0
44,22,4.0
44,23,9.92971
44,24,5.98154
44,25,9.02195
44,26,6.06429
44,27,8.98819
44,28,-0.938987
44,29,8.0
44,30,0.0394875
44,31,6.94657
44,32,7.14374
44,33,4.03275
44,34,7.11682
44,35,3.87954
44,36,9.82479
44,37,-0.800712
44,38,0.0800944
44,39,0.0145042
44,40,-0.936057
44,41,-1.0
44,42,-0.805108
44,43,-0.826305
44,44,4.12161
44,45,-0.997941
44,46,9.15906
44,47,10.0
44,48,0.804348
44,49,8.10993
44,50,9.96069
44,51,7.18935
44,52,8.19162
44,53,-0.835917
44,54,-1.0
44,55,4.00075
44,56,9.11997
44,57,9.02735
44,58,7.0
44,59,6.94865
44,60,8.98731
44,61,7.02814
44,62,-0.975135
44,63,7.86331
44,64,6.80884
44,65,6.8715
44,66,8.00549
44,67,7.00857
44,68,9.80831
44,69,6.02875
44,70,1.13535
44,71,8.90482
44,72,6.92673
44,73,6.82064
44,74,6.84601
44,75,5.85039
44,76,-0.872389
44,77,9.0
44,78,7.84391
44,79,0.0808801
44,80,6.92306
44,81,6.18764
44,82,5.92063
44,83,4.0
44,84,0.0791627
44,85,-0.835844
44,86,6.0
44,87,7.91115
44,88,0.0576516
44,89,9.80854
44,90,-0.890745
44,91,-1.0
44,92,-0.820052
44,93,9.1164
44,94,9.98536
44,95,7.07091
44,96,8.0
44,97,8.98506
44,98,-1.0
44,99,9.85716
44,100,8.80241
44,101,0.0312209
44,102,-1.0
44,103,-0.871264
44,104,-0.870713
44,105,-0.872692
44,106,6.03694
44,107,0.172634
44,108,9.13944
44,109,9.17023
44,110,8.99382
44,111,9.17556
44,112,-0.951629
44,113,10.0
44,114,5.98635
44,115,-0.807858
44,116,6.99045
44,117,9.95389
44,118,5.86422
44,119,0.0602648
44,120,0.0808304
44,121,7.0
44,122,7.08379
44,123,6.93018
44,124,-0.80437
44,125,9.0
44,126,0.0713332
44,127,3.91572
44,128,-0.92458
44,129,6.15339
44,130,5.98571
44,131,-0.930846
44,132,10.0
44,133,-1.0
44,134,9.0119
44,135,-0.945299
44,136,-0.984193
44,137,-0.949354
44,138,-0.939087
44,139,10.0
44,140,0.0150372
44,141,9.0
44,142,0.135763
44,143,0.0772369
44,144,0.087851
44,145,0.0683204
44,146,0.0474895
44,147,9.03575
44,148,-0.855005
44,149,-0.951058
44,150,8.94296
44,151,9.02699
44,152,9.00469
44,153,9.80516
44,154,0.15103
44,155,-0.851399
44,156,0.134913
44,157,0.0217113
44,158,6.0
44,159,5.93965
44,160,6.0
44,161,8.88871
44,162,9.16271
44,163,0.0129143
44,164,0.0212922
44,165,3.82463
44,166,0.159721
44,167,-0.973833
44,168,0.16459
44,169,6.0
44,170,5.94367
44,171,-1.0
44,172,9.16775
44,173,4.0
44,174,4.0
44,175,4.0
44,176,4.0
44,177,9.11765
44,178,7.8361
44,179,7.90952
44,180,4.0
44,181,1.06776
44,182,8.82113
44,183,7.80851
44,184,5.0
44,185,-1.0
44,186,-0.887574
44,187,-0.860639
44,188,9.16649
44,189,3.91121
44,190,8.87891
44,191,3.9727
44,192,3.80332
44,193,9.13198
44,194,5.95673
44,195,4.0
44,196,3.81073
44,197,0.830281
44,198,-1.0
44,199,-0.992142
44,200,-0.916872
44,201,7.11672
44,202,0.158258
44,203,7.1317
44,204,-0.800231
44,205,0.143559
44,206,7.0
44,207,9.0
44,208,9.87706
44,209,0.0540712
44,210,0.0330109
44,211,9.86719
44,212,9.0995
44,213,5.81254
44,214,9.87759
44,215,9.97682
44,216,9.1024
44,217,9.85477
44,218,-0.905271
44,219,-0.80907
44,220,-0.847238
44,221,-0.822737
44,222,-0.919105
44,223,-0.920716
44,224,-0.916389
44,225,-0.804585
44,226,8.91288
44,227,-0.816005
44,228,9.15224
44,229,9.13822
44,230,0.112457
44,231,8.8216
44,232,0.126299
44,233,-0.81439
44,234,9.86264
44,235,0.129674
44,236,9.93104
44,237,3.80848
44,238,-0.812266
44,239,0.0462901
44,240,8.83708
44,241,9.15054
44,242,8.88315
44,243,9.02147
44,244,0.0
44,245,9.08424
44,246,4.0
44,247,4.11628
44,248,9.0
44,249,9.02269
44,250,6.04406
44,251,6.18289
44,252,9.93336
44,253,-1.0
44,254,5.80968
44,255,3.98149
44,256,4.13285
44,257,3.95855
44,258,9.0667
44,259,8.11039
44,260,8.0
44,261,6.0
44,262,5.88865
44,263,0.174526
44,264,6.02004
44,265,5.96655
44,266,9.13724
44,267,9.0
44,268,-0.868654
44,269,6.9281
44,270,3.80082
44,271,9.09096
44,272,9.08513
44,273,3.99424
44,274,8.89325
44,275,8.94414
44,276,8.87267
44,277,0.0497294
44,278,0.0445551
44,279,0.154482
44,280,4.14468
44,281,0.133447
44,282,0.910595
44,283,8.97116
44,284,8.88806
44,285,6.00925
44,286,6.04223
44,287,-0.887015
44,288,-0.972247
44,289,0.160284
44,290,9.01002
44,291,9.12663
44,292,-0.895813
44,293,8.87745
44,294,9.95276
44,295,9.93781
44,296,1.07522
44,297,8.01268
44,298,6.0
44,299,9.91888
44,300,9.918
44,301,9.8497
44,302,5.95019
44,303,9.92505
44,304,9.97554
44,305,9.98579
44,306,0.0588977
44,307,0.135536
44,308,-0.812964
44,309,3.9727
44,310,9.8321
44,311,0.0185584
44,312,8.89659
44,313,9.0
44,314,9.05285
44,315,-0.924134
44,316,3.86618
44,317,8.0099
44,318,8.8773
44,319,8.83823
44,320,9.16999
44,321,9.18717
44,322,-0.95605
44,323,-0.918497
44,324,-0.974423
44,325,-0.819869
44,326,8.95706
44,327,10.0
44,328,9.94558
44,329,9.94683
44,330,9.98823
44,331,10.0
44,332,-0.989676
44,333,-0.927909
44,334,1.0
44,335,0.0955365
44,336,7.84809
44,337,9.07671
44,338,8.96437
44,339,-0.825163
44,340,-0.967471
44,341,0.806703
44,342,9.92081
44,343,9.0
44,344,4.11593
44,345,9.00034
44,346,6.15596
44,347,-0.935391
44,348,0.0484744
44,349,0.0499628
44,350,8.90722
44,351,-0.876867
44,352,9.89679
44,353,6.05049
44,354,9.15063
44,355,4.0
44,356,-0.944508
44,357,-0.955629
44,358,6.80249
44,359,7.11804
44,360,3.8444
44,361,6.0
44,362,6.18413
44,363,0.00976808
44,364,-0.989615
44,365,9.98005
44,366,-0.84254
44,367,-0.898935
44,368,0.184932
44,369,9.0
44,370,8.94616
44,371,0.034442
44,372,9.84512
44,373,0.182438
44,374,9.81639
44,375,8.16397
44,376,9.98321
44,377,10.0
44,378,-0.816252
44,379,-0.869971
44,380,9.05167
44,381,9.80016
44,382,-0.899772
44,383,9.90716
44,384,10.0
44,385,9.02972
44,386,4.11511
44,387,0.0194605
44,388,8.87213
44,389,9.15359
44,390,4.0016
44,391,4.97415
44,392,9.92824
44,393,4.1953
44,394,9.9759
44,395,6.11959
44,396,4.02469
44,397,10.0
44,398,4.14794
44,399,3.95594
44,400,9.1243
44,401,3.84973
44,402,-0.994535
44,403,6.01779
44,404,6.0
44,405,4.06696
45,1,7.82838
45,2,6.86169
45,3,7.07398
45,4,2.04653
45,5,10.0
45,6,9.0
45,7,6.95051
45,8,2.82875
45,9,4.9905
45,10,9.90283
45,11,4.97662
45,12,8.86796
45,13,7.0
45,14,7.83336
45,15,9.84612
45,16,8.1222
45,17,0.180486
45,18,1.8166
45,19,8.16704
45,20,9.86422
45,21,5.0
45,22,1.0
45,23,5.16562
45,24,9.11328
45,25,6.16135
45,26,8.06447
45,27,4.98633
45,28,7.19807
45,29,3.0
45,30,7.06884
45,31,8.83032
45,32,8.97193
45,33,-0.993
45,34,8.86445
45,35,3.09994
45,36,4.93887
45,37,9.94588
45,38,9.86306
45,39,9.92724
45,40,9.86121
45,41,4.0
45,42,6.1067
45,43,6.84299
45,44,7.97735
45,45,9.84142
45,46,9.86238
45,47,7.0
45,48,4.80226
45,49,7.81087
45,50,5.19589
45,51,9.02227
45,52,8.89388
45,53,9.83723
45,54,10.0
45,55,7.85485
45,56,6.12853
45,57,6.17711
45,58,9.0
45,59,9.01428
45,60,6.05527
45,61,9.1471
45,62,9.89781
45,63,9.14628
45,64,8.9663
45,65,8.82135
45,66,8.91024
45,67,8.82726
45,68,4.88461
45,69,9.08979
45,70,8.17098
45,71,2.97628
45,72,9.08652
45,73,8.93129
45,74,8.98369
45,75,8.0515
45,76,4.15444
45,77,6.0
45,78,2.80781
45,79,0.0147129
45,80,9.12344
45,81,7.17979
45,82,7.99006
45,83,7.0
45,84,9.95807
45,85,0.0855321
45,86,9.0
45,87,8.1627
45,88,7.07425
45,89,4.85617
45,90,6.94989
45,91,7.0
45,92,9.95861
45,93,6.14036
45,94,5.03715
45,95,9.16877
45,96,8.0
45,97,5.01899
45,98,6.0
45,99,0.991363
45,100,4.99404
45,101,9.9471
45,102,7.0
45,103,6.82171
45,104,6.98622
45,105,7.03107
45,106,1.86399
45,107,9.92733
45,108,4.81382
45,109,9.87614
45,110,9.81697
45,111,9.93172
45,112,4.8926
45,113,5.0
45,114,2.14307
45,115,4.80088
45,116,8.93212
45,117,1.13199
45,118,1.85545
45,119,9.9568
45,120,0.0145116
45,121,3.0
45,122,2.94606
45,123,2.97575
45,124,6.00992
45,125,10.0
45,126,9.80696
45,127,3.17837
45,128,9.91833
45,129,2.98884
45,130,2.929
45,131,4.8917
45,132,5.0
45,133,7.0
45,134,9.87752
45,135,5.19747
45,136,7.0657
45,137,7.03408
45,138,6.87435
45,139,10.0
45,140,9.99572
45,141,8.0
45,142,0.147892
45,143,9.88246
45,144,9.91285
45,145,9.87968
45,146,9.86523
45,147,8.0543
45,148,6.16945
45,149,5.98006
45,150,9.838
45,151,9.97715
45,152,9.96812
45,153,1.14022
45,154,9.83651
45,155,0.184019
45,156,0.103098
45,157,9.95834
45,158,2.0
45,159,1.806
45,160,8.0
45,161,5.98355
45,162,9.95311
45,163,9.85803
45,164,9.89694
45,165,8.10054
45,166,9.97205
45,167,6.13581
45,168,9.88545
45,169,8.0
45,170,7.98229
45,171,5.0
45,172,6.91798
45,173,8.0
45,174,9.0
45,175,3.0
45,176,-1.0
45,177,7.18044
45,178,9.08104
45,179,8.80795
45,180,8.0
45,181,5.12489
45,182,7.14783
45,183,9.08809
45,184,6.0
45,185,5.0
45,186,6.07923
45,187,6.06479
45,188,6.98082
45,189,8.1701
45,190,6.13996
45,191,7.90518
45,192,-0.840119
45,193,6.86033
45,194,9.16131
45,195,8.0
45,196,8.00475
45,197,5.16571
45,198,6.0
45,199,5.82806
45,200,5.18218
45,201,3.14109
45,202,0.0695547
45,203,8.96947
45,204,6.14581
45,205,9.8281
45,206,9.0
45,207,7.0
45,208,5.06598
45,209,0.135547
45,210,0.188964
45,211,9.952
45,212,5.92357
45,213,7.80573
45,214,4.83647
45,215,1.19256
45,216,5.03069
45,217,4.857
45,218,6.82061
45,219,6.98638
45,220,6.83664
45,221,7.01977
45,222,6.80696
45,223,7.09544
45,224,7.1277
45,225,6.98168
45,226,8.18315
45,227,5.90923
45,228,7.98924
45,229,7.89589
45,230,9.84418
45,231,7.94779
45,232,9.80083
45,233,5.92282
45,234,-0.943679
45,235,0.12675
45,236,1.11955
45,237,7.84599
45,238,5.89932
45,239,0.0418595
45,240,6.87762
45,241,7.19711
45,242,6.82183
45,243,7.10862
45,244,10.0
45,245,8.15077
45,246,3.0
45,247,5.88115
45,248,1.90266
45,249,9.89478
45,250,2.04332
45,251,2.16714
45,252,5.16029
45,253,5.0
45,254,2.88303
45,255,7.92429
45,256,9.144
45,257,-0.881256
45,258,6.83058
45,259,9.11587
45,260,6.0
45,261,9.0
45,262,8.10808
45,263,9.87274
45,264,2.10935
45,265,1.82905
45,266,8.15426
45,267,8.0
45,268,6.19508
45,269,9.1904
45,270,2.995
45,271,5.04463
45,272,9.94389
45,273,-0.909852
45,274,9.83984
45,275,9.98881
45,276,5.95303
45,277,0.154114
45,278,9.99889
45,279,9.92072
45,280,8.0324
45,281,9.91558
45,282,5.19558
45,283,9.9151
45,284,9.83195
45,285,2.04978
45,286,2.06938
45,287,5.88203
45,288,6.07848
45,289,9.80338
45,290,8.03545
45,291,9.89159
45,292,5.93122
45,293,8.18338
45,294,1.01418
45,295,6.89702
45,296,4.92457
45,297,8.02499
45,298,3.0
45,299,4.86711
45,300,4.92181
45,301,0.877412
45,302,1.99935
45,303,9.93803
45,304,4.83802
45,305,0.904264
45,306,9.97541
45,307,9.99957
45,308,7.1425
45,309,8.08611
45,310,6.15571
45,311,9.9562
45,312,5.84877
45,313,6.0
45,314,6.12061
45,315,5.9779
45,316,5.87778
45,317,9.00871
45,318,9.88393
45,319,8.19554
45,320,8.0651
45,321,7.93167
45,322,5.89387
45,323,5.97711
45,324,5.88533
45,325,5.80583
45,326,8.03359
45,327,1.0
45,328,9.93329
45,329,9.912
45,330,5.04215
45,331,5.0
45,332,5.16868
45,333,5.06451
45,334,8.0
45,335,0.0
45,336,7.9321
45,337,8.13138
45,338,9.93984
45,339,5.08102
45,340,6.14683
45,341,4.80256
45,342,5.19705
45,343,3.07252
45,344,7.91804
45,345,8.16501
45,346,2.98503
45,347,5.98524
45,348,9.90781
45,349,0.15291
45,350,9.97081
45,351,6.05375
45,352,1.1794
45,353,8.17666
45,354,9.86139
45,355,7.89419
45,356,5.93146
45,357,5.89123
45,358,8.99916
45,359,9.08667
45,360,8.06596
45,361,2.05627
45,362,7.84561
45,363,9.9469
45,364,5.83689
45,365,1.00098
45,366,5.08179
45,367,0.051414
45,368,9.92606
45,369,4.94436
45,370,5.07825
45,371,0.0621318
45,372,9.92349
45,373,9.96192
45,374,4.86297
45,375,7.92249
45,376,4.94713
45,377,5.1948
45,378,5.88766
45,379,4.88285
45,380,9.92354
45,381,4.86578
45,382,4.96525
45,383,9.96276
45,384,2.90272
45,385,4.80318
45,386,-0.873979
45,387,9.80838
45,388,7.07333
45,389,6.95633
45,390,2.8739
45,391,5.9505
45,392,5.07533
45,393,8.1903
45,394,5.00413
45,395,5.08302
45,396,8.05116
45,397,8.99208
45,398,3.06713
45,399,-0.973619
45,400,7.04628
45,401,2.89796
45,402,4.94622
45,403,8.95775
45,404,5.93856
45,405,8.07051
46,1,
46,2,
46,3,
46,4,
46,5,
46,6,
46,7,
46,8,
46,9,
46,10,
46,11,
46,12,
46,13,
46,14,
46,15,
46,16,
46,17,
46,18,
46,19,
46,20,
46,21,
46,22,
46,23,
46,24,
46,25,
46,26,
46,27,
46,28,
46,29,
46,30,
46,31,
46,32,
46,33,
46,34,
46,35,
46,36,
46,37,
46,38,
46,39,
46,40,
46,41,
46,42,
46,43,
46,44,
46,45,
46,46,
46,47,
46,48,
46,49,
46,50,
46,51,
46,52,
46,53,
46,54,
46,55,
46,56,
46,57,
46,58,
46,59,
46,60,
46,61,
46,62,
46,63,
46,64,
46,65,
46,66,
46,67,
46,68,
46,69,
46,70,
46,71,
46,72,
46,73,
46,74,
46,75,
46,76,
46,77,
46,78,
46,79,
46,80,
46,81,
46,82,
46,83,
46,84,
46,85,
46,86,
46,87,
46,88,
46,89,
46,90,
46,91,
46,92,
46,93,
46,94,
46,95,
46,96,
46,97,
46,98,
46,99,
46,100,
46,101,
46,102,
46,103,
46,104,
46,105,
46,106,
46,107,
46,108,
46,109,
46,110,
46,111,
46,112,
46,113,
46,114,
46,115,
46,116,
46,117,
46,118,
46,119,
46,120,
46,121,
46,122,
46,123,
46,124,
46,125,
46,126,
46,127,
46,128,
46,129,
46,130,
46,131,
46,132,
46,133,
46,134,
46,135,
46,136,
46,137,
46,138,
46,139,
46,140,
46,141,
46,142,
46,143,
46,144,
46,145,
46,146,
46,147,
46,148,
46,149,
46,150,
46,151,
46,152,
46,153,
46,154,
46,155,
46,156,
46,157,
46,158,
46,159,
46,160,
46,161,
46,162,
46,163,
46,164,
46,165,
46,166,
46,167,
46,168,
46,169,
46,170,
46,171,
46,172,
46,173,
46,174,
46,175,
46,176,
46,177,
46,178,
46,179,
46,180,
46,181,
46,182,
46,183,
46,184,
46,185,
46,186,
46,187,
46,188,
46,189,
46,190,
46,191,
46,192,
46,193,
46,194,
46,195,
46,196,
46,197,
46,198,
46,199,
46,200,
46,201,
46,202,
46,203,
46,204,
46,205,
46,206,
46,207,
46,208,
46,209,
46,210,
46,211,
46,212,
46,213,
46,214,
46,215,
46,216,
46,217,
46,218,
46,219,
46,220,
46,221,
46,222,
46,223,
46,224,
46,225,
46,226,
46,227,
46,228,
46,229,
46,230,
46,231,
46,232,
46,233,
46,234,
46,235,
46,236,
46,237,
46,238,
46,239,
46,240,
46,241,
46,242,
46,243,
46,244,
46,245,
46,246,
46,247,
46,248,
46,249,
46,250,
46,251,
46,252,
46,253,
46,254,
46,255,
46,256,
46,257,
46,258,
46,259,
46,260,
46,261,
46,262,
46,263,
46,264,
46,265,
46,266,
46,267,
46,268,
46,269,
46,270,
46,271,
46,272,
46,273,
46,274,
46,275,
46,276,
46,277,
46,278,
46,279,
46,280,
46,281,
46,282,
46,283,
46,284,
46,285,
46,286,
46,287,
46,288,
46,289,
46,290,
46,291,
46,292,
46,293,
46,294,
46,295,
46,296,
46,297,
46,298,
46,299,
46,300,
46,301,
46,302,
46,303,
46,304,
46,305,
46,306,
46,307,
46,308,
46,309,
46,310,
46,311,
46,312,
46,313,
46,314,
46,315,
46,316,
46,317,
46,318,
46,319,
46,320,
46,321,
46,322,
46,323,
46,324,
46,325,
46,326,
46,327,
46,328,
46,329,
46,330,
46,331,
46,332,
46,333,
46,334,
46,335,
46,336,
46,337,
46,338,
46,339,
46,340,
46,341,
46,342,
46,343,
46,344,
46,345,
46,346,
46,347,
46,348,
46,349,
46,350,
46,351,
46,352,
46,353,
46,354,
46,355,
46,356,
46,357,
46,358,
46,359,
46,360,
46,361,
46,362,
46,363,
46,364,
46,365,
46,366,
46,367,
46,368,
46,369,
46,370,
46,371,
46,372,
46,373,
46,374,
46,375,
46,376,
46,377,
46,378,
46,379,
46,380,
46,381,
46,382,
46,383,
46,384,
46,385,
46,386,
46,387,
46,388,
46,389,
46,390,
46,391,
46,392,
46,393,
46,394,
46,395,
46,396,
46,397,
46,398,
46,399,
46,400,
46,401,
46,402,
46,403,
46,404,
46,405,
47,1,9.95545
47,2,8.04559
47,3,8.18252
47,4,9.99848
47,5,10.0
47,6,10.0
47,7,8.17501
47,8,4.98058
47,9,9.95498
47,10,9.98896
47,11,9.97318
47,12,9.88076
47,13,8.0
47,14,9.88168
47,15,9.80555
47,16,9.99223
47,17,6.93542
47,18,9.86364
47,19,9.89814
47,20,9.93989
47,21,9.0
47,22,10.0
47,23,9.83759
47,24,3.06486
47,25,7.10149
47,26,9.80933
47,27,7.18871
47,28,9.95103
47,29,7.0
47,30,8.04882
47,31,8.12742
47,32,7.87243
47,33,7.88467
47,34,9.91992
47,35,7.14022
47,36,9.81345
47,37,9.86384
47,38,9.98274
47,39,9.82574
47,40,7.1689
47,41,9.0
47,42,7.01836
47,43,9.99559
47,44,9.80301
47,45,9.93125
47,46,9.83331
47,47,10.0
47,48,9.01717
47,49,9.9124
47,50,9.99314
47,51,9.81389
47,52,9.81417
47,53,9.87199
47,54,7.0
47,55,9.82497
47,56,7.0079
47,57,6.97073
47,58,8.0
47,59,8.03288
47,60,6.95659
47,61,9.80247
47,62,9.9093
47,63,9.90071
47,64,7.809
47,65,7.91531
47,66,9.80613
47,67,9.82269
47,68,9.83864
47,69,3.01301
47,70,6.14405
47,71,7.17434
47,72,8.19762
47,73,8.16426
47,74,9.93737
47,75,0.999918
47,76,8.88695
47,77,6.0
47,78,7.13423
47,79,7.12035
47,80,9.84238
47,81,9.18209
47,82,9.86095
47,83,4.0
47,84,9.91132
47,85,7.14696
47,86,3.0
47,87,9.81266
47,88,8.11215
47,89,9.8801
47,90,9.98092
47,91,10.0
47,92,9.82124
47,93,5.98067
47,94,9.88453
47,95,9.95993
47,96,10.0
47,97,9.03511
47,98,10.0
47,99,9.93299
47,100,9.11824
47,101,9.9624
47,102,10.0
47,103,9.82649
47,104,9.84122
47,105,9.90451
47,106,9.84452
47,107,9.99986
47,108,8.83232
47,109,9.88797
47,110,9.96912
47,111,9.96888
47,112,2.07392
47,113,10.0
47,114,9.85234
47,115,2.15884
47,116,9.90823
47,117,9.82227
47,118,9.99217
47,119,9.97861
47,120,6.87054
47,121,10.0
47,122,9.90551
47,123,9.96264
47,124,6.89713
47,125,10.0
47,126,9.88789
47,127,4.83336
47,128,7.16702
47,129,9.96551
47,130,9.97454
47,131,2.0078
47,132,10.0
47,133,10.0
47,134,9.8659
47,135,1.81719
47,136,9.9243
47,137,9.86093
47,138,9.81854
47,139,10.0
47,140,9.96677
47,141,10.0
47,142,6.87441
47,143,9.95646
47,144,9.9825
47,145,9.87478
47,146,9.82577
47,147,9.97669
47,148,9.80004
47,149,9.92093
47,150,9.98246
47,151,9.82156
47,152,9.84224
47,153,9.8683
47,154,9.86914
47,155,7.15862
47,156,6.8588
47,157,9.94526
47,158,10.0
47,159,9.82767
47,160,10.0
47,161,6.90072
47,162,9.90143
47,163,9.84424
47,164,9.84156
47,165,9.926
47,166,9.86178
47,167,7.19444
47,168,9.96838
47,169,5.0
47,170,4.99387
47,171,0.0
47,172,9.00927
47,173,10.0
47,174,10.0
47,175,5.0
47,176,8.0
47,177,9.89016
47,178,9.8122
47,179,9.90074
47,180,10.0
47,181,8.92526
47,182,9.90569
47,183,9.96725
47,184,10.0
47,185,1.0
47,186,6.82841
47,187,7.06312
47,188,8.82713
47,189,4.99653
47,190,6.93103
47,191,8.1142
47,192,7.99296
47,193,9.96676
47,194,5.05546
47,195,5.0
47,196,5.09936
47,197,9.19079
47,198,7.0
47,199,7.11274
47,200,1.94948
47,201,9.88292
47,202,7.10194
47,203,9.87393
47,204,9.97095
47,205,9.85921
47,206,10.0
47,207,10.0
47,208,9.96176
47,209,7.19293
47,210,7.12144
47,211,9.98548
47,212,6.94001
47,213,9.81526
47,214,9.89853
47,215,9.98628
47,216,6.99053
47,217,9.98454
47,218,9.80811
47,219,9.96518
47,220,9.88977
47,221,9.82322
47,222,9.96267
47,223,9.9492
47,224,9.85484
47,225,9.80597
47,226,9.92362
47,227,9.88346
47,228,9.91044
47,229,9.98704
47,230,9.96719
47,231,9.84136
47,232,9.84821
47,233,9.82423
47,234,9.95019
47,235,7.18617
47,236,9.98231
47,237,8.04328
47,238,9.89856
47,239,6.8389
47,240,9.81961
47,241,9.81135
47,242,9.97324
47,243,9.95034
47,244,10.0
47,245,9.88849
47,246,7.0
47,247,7.99737
47,248,5.0
47,249,9.97787
47,250,9.99317
47,251,9.89467
47,252,9.91963
47,253,2.0
47,254,9.98516
47,255,9.8076
47,256,9.89351
47,257,7.81248
47,258,9.88994
47,259,9.89009
47,260,10.0
47,261,5.0
47,262,4.86421
47,263,9.96869
47,264,9.8977
47,265,9.8102
47,266,9.99321
47,267,10.0
47,268,9.91564
47,269,9.89618
47,270,4.99529
47,271,8.86931
47,272,9.97736
47,273,7.94396
47,274,9.02382
47,275,9.82732
47,276,7.06858
47,277,7.00007
47,278,9.80999
47,279,9.83268
47,280,9.93574
47,281,9.81729
47,282,9.03677
47,283,9.84703
47,284,9.9611
47,285,9.87742
47,286,9.85783
47,287,9.93304
47,288,9.80148
47,289,9.94832
47,290,9.86693
47,291,9.91549
47,292,9.84117
47,293,9.99539
47,294,9.84453
47,295,9.93848
47,296,9.16277
47,297,9.95035
47,298,10.0
47,299,9.95032
47,300,9.9904
47,301,9.96575
47,302,9.96556
47,303,9.84566
47,304,9.96707
47,305,9.8113
47,306,9.8409
47,307,9.9941
47,308,9.92946
47,309,9.98945
47,310,9.95059
47,311,9.89435
47,312,6.88615
47,313,7.0
47,314,7.10911
47,315,9.8026
47,316,7.80624
47,317,9.81217
47,318,9.88207
47,319,9.86407
47,320,9.90254
47,321,9.98156
47,322,9.8708
47,323,9.89729
47,324,9.94097
47,325,9.91744
47,326,9.86788
47,327,10.0
47,328,9.9075
47,329,9.8107
47,330,9.85207
47,331,10.0
47,332,1.90738
47,333,2.09505
47,334,6.0
47,335,7.0
47,336,9.96189
47,337,9.95073
47,338,9.9166
47,339,1.81805
47,340,9.88633
47,341,9.16728
47,342,9.85546
47,343,7.0
47,344,9.91366
47,345,9.91437
47,346,9.99759
47,347,9.96408
47,348,9.94059
47,349,6.99768
47,350,9.81152
47,351,9.9401
47,352,9.85044
47,353,1.1154
47,354,9.99145
47,355,8.0
47,356,9.80864
47,357,7.17206
47,358,9.85574
47,359,9.92913
47,360,8.0155
47,361,9.0
47,362,9.95123
47,363,9.93802
47,364,9.81244
47,365,9.88183
47,366,1.84501
47,367,7.1939
47,368,9.91591
47,369,9.0
47,370,8.87811
47,371,6.99776
47,372,9.9172
47,373,9.85001
47,374,9.99723
47,375,9.80934
47,376,9.87648
47,377,10.0
47,378,7.18022
47,379,2.02007
47,380,9.93317
47,381,9.99722
47,382,1.84395
47,383,9.83474
47,384,10.0
47,385,7.05579
47,386,8.00807
47,387,9.82514
47,388,9.83083
47,389,9.84302
47,390,7.07735
47,391,9.99913
47,392,9.85066
47,393,7.88578
47,394,9.86863
47,395,0.902803
47,396,9.93279
47,397,10.0
47,398,5.18283
47,399,7.82454
47,400,9.98192
47,401,6.89174
47,402,1.02778
47,403,4.94162
47,404,1.0
47,405,4.98977
48,1,
48,2,
48,3,
48,4,
48,5,9.0
48,6,10.0
48,7,
48,8,
48,9,
48,10,
48,11,
48,12,
48,13,
48,14,
48,15,
48,16,
48,17,
48,18,
48,19,
48,20,
48,21,8.0
48,22,
48,23,
48,24,
48,25,
48,26,
48,27,
48,28,
48,29,10.0
48,30,
48,31,
48,32,
48,33,
48,34,
48,35,
48,36,
48,37,
48,38,
48,39,
48,40,
48,41,6.0
48,42,
48,43,
48,44,
48,45,
48,46,
48,47,
48,48,
48,49,
48,50,
48,51,
48,52,
48,53,
48,54,10.0
48,55,
48,56,
48,57,
48,58,4.0
48,59,
48,60,
48,61,
48,62,
48,63,
48,64,
48,65,
48,66,
48,67,
48,68,
48,69,
48,70,
48,71,
48,72,
48,73,
48,74,
48,75,
48,76,
48,77,8.0
48,78,
48,79,
48,80,
48,81,
48,82,
48,83,9.0
48,84,
48,85,
48,86,8.0
48,87,
48,88,
48,89,
48,90,
48,91,10.0
48,92,
48,93,
48,94,
48,95,
48,96,7.0
48,97,
48,98,9.0
48,99,
48,100,
48,101,
48,102,10.0
48,103,
48,104,
48,105,
48,106,
48,107,
48,108,
48,109,
48,110,
48,111,
48,112,
48,113,
48,114,
48,115,
48,116,
48,117,
48,118,
48,119,
48,120,
48,121,9.0
48,122,
48,123,
48,124,
48,125,8.0
48,126,
48,127,
48,128,
48,129,
48,130,
48,131,
48,132,10.0
48,133,10.0
48,134,
48,135,
48,136,
48,137,
48,138,
48,139,10.0
48,140,
48,141,7.0
48,142,
48,143,
48,144,
48,145,
48,146,
48,147,
48,148,
48,149,
48,150,
48,151,
48,152,
48,153,
48,154,
48,155,
48,156,
48,157,
48,158,6.0
48,159,
48,160,7.0
48,161,
48,162,
48,163,
48,164,
48,165,
48,166,
48,167,
48,168,
48,169,8.0
48,170,
48,171,7.0
48,172,
48,173,8.0
48,174,9.0
48,175,
48,176,6.0
48,177,
48,178,
48,179,
48,180,7.0
48,181,
48,182,
48,183,
48,184,8.0
48,185,9.0
48,186,
48,187,
48,188,
48,189,
48,190,
48,191,
48,192,
48,193,
48,194,
48,195,8.0
48,196,
48,197,
48,198,7.0
48,199,
48,200,
48,201,
48,202,
48,203,
48,204,
48,205,
48,206,10.0
48,207,9.0
48,208,
48,209,
48,210,
48,211,
48,212,
48,213,
48,214,
48,215,
48,216,
48,217,
48,218,
48,219,
48,220,
48,221,
48,222,
48,223,
48,224,
48,225,
48,226,
48,227,
48,228,
48,229,
48,230,
48,231,
48,232,
48,233,
48,234,
48,235,
48,236,
48,237,
48,238,
48,239,
48,240,
48,241,
48,242,
48,243,
48,244,6.0
48,245,
48,246,8.0
48,247,
48,248,10.0
48,249,
48,250,
48,251,
48,252,
48,253,9.0
48,254,
48,255,
48,256,
48,257,
48,258,
48,259,
48,260,6.0
48,261,7.0
48,262,
48,263,
48,264,
48,265,
48,266,
48,267,9.0
48,268,
48,269,
48,270,
48,271,
48,272,
48,273,
48,274,
48,275,
48,276,
48,277,
48,278,
48,279,
48,280,
48,281,
48,282,
48,283,
48,284,
48,285,
48,286,
48,287,
48,288,
48,289,
48,290,
48,291,
48,292,
48,293,
48,294,
48,295,
48,296,
48,297,
48,298,7.0
48,299,
48,300,
48,301,
48,302,
48,303,
48,304,
48,305,
48,306,
48,307,
48,308,
48,309,
48,310,
48,311,
48,312,
48,313,10.0
48,314,
48,315,
48,316,
48,317,
48,318,
48,319,
48,320,
48,321,
48,322,
48,323,
48,324,
48,325,
48,326,
48,327,6.0
48,328,
48,329,
48,330,
48,331,5.0
48,332,
48,333,
48,334,
48,335,9.0
48,336,
48,337,
48,338,
48,339,
48,340,
48,341,
48,342,
48,343,4.0
48,344,
48,345,
48,346,
48,347,
48,348,
48,349,
48,350,
48,351,
48,352,
48,353,
48,354,
48,355,2.0
48,356,
48,357,
48,358,
48,359,
48,360,
48,361,10.0
48,362,
48,363,
48,364,
48,365,
48,366,
48,367,
48,368,
48,369,
48,370,
48,371,
48,372,
48,373,
48,374,
48,375,
48,376,
48,377,6.0
48,378,
48,379,
48,380,
48,381,
48,382,
48,383,
48,384,10.0
48,385,
48,386,
48,387,
48,388,
48,389,
48,390,
48,391,
48,392,
48,393,
48,394,
48,395,
48,396,
48,397,8.0
48,398,
48,399,
48,400,
48,401,
48,402,
48,403,
48,404,9.0
48,405,
49,1,
49,2,
49,3,
49,4,
49,5,1.0
49,6,9.0
49,7,
49,8,
49,9,
49,10,
49,11,
49,12,
49,13,9.0
49,14,
49,15,
49,16,
49,17,
49,18,
49,19,
49,20,
49,21,10.0
49,22,9.0
49,23,
49,24,
49,25,
49,26,
49,27,
49,28,
49,29,10.0
49,30,
49,31,
49,32,
49,33,
49,34,
49,35,
49,36,
49,37,
49,38,
49,39,
49,40,
49,41,10.0
49,42,
49,43,
49,44,
49,45,
49,46,
49,47,10.0
49,48,
49,49,
49,50,
49,51,
49,52,
49,53,
49,54,10.0
49,55,
49,56,
49,57,
49,58,10.0
49,59,
49,60,
49,61,
49,62,
49,63,
49,64,
49,65,
49,66,
49,67,
49,68,
49,69,
49,70,
49,71,
49,72,
49,73,
49,74,
49,75,
49,76,
49,77,10.0
49,78,
49,79,
49,80,
49,81,
49,82,
49,83,10.0
49,84,
49,85,
49,86,10.0
49,87,
49,88,
49,89,
49,90,
49,91,10.0
49,92,
49,93,
49,94,
49,95,
49,96,10.0
49,97,
49,98,10.0
49,99,
49,100,
49,101,
49,102,10.0
49,103,
49,104,
49,105,
49,106,
49,107,
49,108,
49,109,
49,110,
49,111,
49,112,
49,113,10.0
49,114,
49,115,
49,116,
49,117,
49,118,
49,119,
49,120,
49,121,10.0
49,122,
49,123,
49,124,
49,125,10.0
49,126,
49,127,
49,128,
49,129,
49,130,
49,131,
49,132,10.0
49,133,10.0
49,134,
49,135,
49,136,
49,137,
49,138,
49,139,10.0
49,140,
49,141,10.0
49,142,
49,143,
49,144,
49,145,
49,146,
49,147,
49,148,
49,149,
49,150,
49,151,
49,152,
49,153,
49,154,
49,155,
49,156,
49,157,
49,158,10.0
49,159,
49,160,10.0
49,161,
49,162,
49,163,
49,164,
49,165,
49,166,
49,167,
49,168,
49,169,10.0
49,170,
49,171,10.0
49,172,
49,173,10.0
49,174,10.0
49,175,10.0
49,176,10.0
49,177,
49,178,
49,179,
49,180,9.0
49,181,
49,182,
49,183,
49,184,10.0
49,185,10.0
49,186,
49,187,
49,188,
49,189,
49,190,
49,191,
49,192,
49,193,
49,194,
49,195,10.0
49,196,
49,197,
49,198,10.0
49,199,
49,200,
49,201,
49,202,
49,203,
49,204,
49,205,
49,206,10.0
49,207,10.0
49,208,
49,209,
49,210,
49,211,
49,212,
49,213,
49,214,
49,215,
49,216,
49,217,
49,218,
49,219,
49,220,
49,221,
49,222,
49,223,
49,224,
49,225,
49,226,
49,227,
49,228,
49,229,
49,230,
49,231,
49,232,
49,233,
49,234,
49,235,
49,236,
49,237,
49,238,
49,239,
49,240,
49,241,
49,242,
49,243,
49,244,10.0
49,245,
49,246,10.0
49,247,
49,248,10.0
49,249,
49,250,
49,251,
49,252,
49,253,10.0
49,254,
49,255,
49,256,
49,257,
49,258,
49,259,
49,260,10.0
49,261,10.0
49,262,
49,263,
49,264,
49,265,
49,266,
49,267,10.0
49,268,
49,269,
49,270,
49,271,
49,272,
49,273,
49,274,
49,275,
49,276,
49,277,
49,278,
49,279,
49,280,
49,281,
49,282,
49,283,
49,284,
49,285,
49,286,
49,287,
49,288,
49,289,
49,290,
49,291,
49,292,
49,293,
49,294,
49,295,
49,296,
49,297,
49,298,10.0
49,299,
49,300,
49,301,
49,302,
49,303,
49,304,
49,305,
49,306,
49,307,
49,308,
49,309,
49,310,
49,311,
49,312,
49,313,10.0
49,314,
49,315,
49,316,
49,317,
49,318,
49,319,
49,320,
49,321,
49,322,
49,323,
49,324,
49,325,
49,326,
49,327,10.0
49,328,
49,329,
49,330,
49,331,10.0
49,332,
49,333,
49,334,10.0
49,335,10.0
49,336,
49,337,
49,338,
49,339,
49,340,
49,341,
49,342,
49,343,10.0
49,344,
49,345,
49,346,
49,347,
49,348,
49,349,
49,350,
49,351,
49,352,
49,353,
49,354,
49,355,10.0
49,356,
49,357,
49,358,
49,359,
49,360,
49,361,10.0
49,362,
49,363,
49,364,
49,365,
49,366,
49,367,
49,368,
49,369,10.0
49,370,
49,371,
49,372,
49,373,
49,374,
49,375,
49,376,
49,377,10.0
49,378,
49,379,
49,380,
49,381,
49,382,
49,383,
49,384,10.0
49,385,
49,386,
49,387,
49,388,
49,389,
49,390,
49,391,
49,392,
49,393,
49,394,
49,395,
49,396,
49,397,10.0
49,398,
49,399,
49,400,
49,401,
49,402,
49,403,
49,404,10.0
49,405,
50,1,5.98886
50,2,5.11041
50,3,5.17788
50,4,4.85906
50,5,7.0
50,6,9.0
50,7,5.12444
50,8,-0.937376
50,9,9.88513
50,10,6.95437
50,11,9.861
50,12,9.8088
50,13,5.0
50,14,9.94572
50,15,7.01821
50,16,9.98765
50,17,6.8183
50,18,5.05024
50,19,2.82125
50,20,9.90607
50,21,7.0
50,22,3.0
50,23,6.06803
50,24,7.85643
50,25,1.85334
50,26,3.1416
50,27,2.1679
50,28,4.0872
50,29,10.0
50,30,4.94861
50,31,9.98861
50,32,9.85533
50,33,-0.900371
50,34,9.81537
50,35,9.95786
50,36,5.99668
50,37,7.02513
50,38,9.88656
50,39,9.90355
50,40,1.99021
50,41,3.0
50,42,1.94871
50,43,9.02272
50,44,6.81437
50,45,7.11203
50,46,8.07668
50,47,10.0
50,48,6.8183
50,49,5.89152
50,50,5.91058
50,51,9.93641
50,52,9.08797
50,53,7.0107
50,54,2.0
50,55,6.96049
50,56,9.9686
50,57,9.88071
50,58,10.0
50,59,9.82996
50,60,9.84061
50,61,9.80515
50,62,7.19512
50,63,8.8775
50,64,9.87282
50,65,9.81039
50,66,8.90731
50,67,9.82363
50,68,5.89267
50,69,8.05929
50,70,4.89392
50,71,1.87497
50,72,9.94287
50,73,9.93251
50,74,9.89785
50,75,9.89112
50,76,2.81894
50,77,8.0
50,78,9.81275
50,79,7.03749
50,80,9.9276
50,81,1.91813
50,82,3.00194
50,83,6.0
50,84,9.89933
50,85,6.88856
50,86,8.0
50,87,5.92934
50,88,4.95579
50,89,5.81163
50,90,9.04086
50,91,9.0
50,92,7.19763
50,93,7.86473
50,94,9.86265
50,95,9.8942
50,96,6.0
50,97,9.8716
50,98,10.0
50,99,6.86409
50,100,9.82812
50,101,9.8877
50,102,10.0
50,103,9.82357
50,104,9.80921
50,105,9.85513
50,106,4.85899
50,107,9.80084
50,108,9.88034
50,109,8.1061
50,110,7.8125
50,111,8.08539
50,112,9.0928
50,113,10.0
50,114,4.99952
50,115,8.92839
50,116,9.90065
50,117,7.13371
50,118,5.1044
50,119,9.92066
50,120,6.94959
50,121,8.0
50,122,8.19499
50,123,7.87808
50,124,2.19805
50,125,8.0
50,126,9.94005
50,127,-0.866819
50,128,1.95337
50,129,9.85819
50,130,9.92117
50,131,9.00104
50,132,10.0
50,133,4.0
50,134,7.93394
50,135,8.85791
50,136,3.81858
50,137,4.18865
50,138,4.14864
50,139,10.0
50,140,9.86575
50,141,10.0
50,142,7.01999
50,143,9.99081
50,144,9.89548
50,145,9.90279
50,146,9.80526
50,147,9.94076
50,148,9.93295
50,149,9.95257
50,150,8.05969
50,151,7.8284
50,152,8.03431
50,153,7.1689
50,154,9.88036
50,155,6.96726
50,156,7.03347
50,157,9.9577
50,158,5.0
50,159,4.96327
50,160,3.0
50,161,9.91937
50,162,8.17816
50,163,9.8861
50,164,9.80043
50,165,6.89211
50,166,9.95619
50,167,1.87079
50,168,9.97944
50,169,10.0
50,170,9.86105
50,171,-1.0
50,172,9.90488
50,173,7.0
50,174,6.0
50,175,-1.0
50,176,-1.0
50,177,4.94051
50,178,9.00628
50,179,8.89128
50,180,10.0
50,181,6.92566
50,182,5.0551
50,183,9.12162
50,184,1.0
50,185,-1.0
50,186,1.85461
50,187,1.94972
50,188,9.86005
50,189,8.99094
50,190,9.90553
50,191,7.80191
50,192,-0.954551
50,193,4.96781
50,194,0.117259
50,195,9.0
50,196,8.89692
50,197,7.16777
50,198,2.0
50,199,1.99643
50,200,9.13871
50,201,8.08661
50,202,7.18768
50,203,9.94639
50,204,9.9037
50,205,9.89873
50,206,10.0
50,207,5.0
50,208,6.1915
50,209,7.05055
50,210,7.17723
50,211,8.10318
50,212,2.07174
50,213,2.80262
50,214,8.10849
50,215,7.052
50,216,2.08633
50,217,9.96392
50,218,3.87904
50,219,3.93844
50,220,3.82452
50,221,3.91182
50,222,3.94985
50,223,4.19009
50,224,3.89998
50,225,3.90663
50,226,-0.968763
50,227,9.90886
50,228,-0.940156
50,229,-0.854921
50,230,9.83449
50,231,-0.97424
50,232,9.86087
50,233,9.88308
50,234,8.13262
50,235,6.80882
50,236,7.0447
50,237,8.0595
50,238,9.83729
50,239,6.93725
50,240,4.94508
50,241,4.86229
50,242,4.82595
50,243,5.00694
50,244,10.0
50,245,9.87163
50,246,10.0
50,247,7.93423
50,248,8.0
50,249,7.84048
50,250,4.86969
50,251,4.92757
50,252,6.05433
50,253,9.0
50,254,9.92792
50,255,6.80393
50,256,6.09881
50,257,-0.845809
50,258,4.925
50,259,8.98403
50,260,8.0
50,261,0.0
50,262,9.9415
50,263,9.95648
50,264,5.17931
50,265,4.92318
50,266,9.83988
50,267,-1.0
50,268,9.86837
50,269,9.97634
50,270,-0.994636
50,271,9.93296
50,272,8.16691
50,273,-0.922218
50,274,9.86197
50,275,8.16852
50,276,9.91338
50,277,6.95689
50,278,9.87224
50,279,9.8939
50,280,6.82475
50,281,9.80478
50,282,6.87149
50,283,8.02012
50,284,7.92221
50,285,4.88493
50,286,4.8734
50,287,9.80929
50,288,9.91542
50,289,9.92726
50,290,-0.831337
50,291,7.81519
50,292,9.91486
50,293,-0.940102
50,294,6.84206
50,295,9.85819
50,296,7.08547
50,297,5.81431
50,298,10.0
50,299,6.1917
50,300,8.1635
50,301,6.90287
50,302,4.94393
50,303,7.94835
50,304,9.81158
50,305,6.82168
50,306,9.93713
50,307,9.97658
50,308,4.16549
50,309,6.88565
50,310,8.09199
50,311,9.86435
50,312,9.9185
50,313,10.0
50,314,9.82758
50,315,9.9961
50,316,7.82834
50,317,8.84763
50,318,7.88776
50,319,-0.975861
50,320,-0.830797
50,321,-0.985068
50,322,9.96805
50,323,9.81188
50,324,9.94587
50,325,9.83928
50,326,-0.927978
50,327,7.0
50,328,7.85283
50,329,8.19289
50,330,5.8616
50,331,6.0
50,332,8.87488
50,333,8.96004
50,334,5.0
50,335,7.0
50,336,6.02066
50,337,-0.991572
50,338,8.156
50,339,9.18668
50,340,9.91417
50,341,6.9771
50,342,7.9944
50,343,2.0
50,344,9.9998
50,345,-0.899367
50,346,9.84342
50,347,9.80446
50,348,9.99461
50,349,7.00967
50,350,7.94499
50,351,9.8797
50,352,6.93254
50,353,9.93227
50,354,7.8958
50,355,8.0
50,356,9.85547
50,357,2.06574
50,358,9.89385
50,359,9.85068
50,360,7.95485
50,361,2.0
50,362,2.82458
50,363,9.93346
50,364,9.93425
50,365,7.1251
50,366,9.13986
50,367,7.18483
50,368,9.84452
50,369,10.0
50,370,9.99894
50,371,7.08223
50,372,7.97846
50,373,9.88496
50,374,7.86217
50,375,6.14734
50,376,6.17713
50,377,8.0
50,378,2.03409
50,379,9.01603
50,380,8.0523
50,381,9.95289
50,382,9.1808
50,383,8.10947
50,384,10.0
50,385,2.03845
50,386,-0.985282
50,387,9.98948
50,388,5.17445
50,389,4.85788
50,390,9.91304
50,391,1.00173
50,392,9.80068
50,393,8.11249
50,394,7.91246
50,395,9.98194
50,396,7.11459
50,397,5.91267
50,398,-0.976248
50,399,-0.925142
50,400,4.80934
50,401,9.81581
50,402,-0.907992
50,403,0.124962
50,404,1.92158
50,405,9.08693
51,1,-0.841502
51,2,6.18233
51,3,5.82749
51,4,7.0901
51,5,4.0
51,6,9.0
51,7,6.14175
51,8,0.0553559
51,9,8.92951
51,10,4.13835
51,11,8.9667
51,12,8.91915
51,13,6.0
51,14,9.82442
51,15,3.873
51,16,9.9673
51,17,8.90512
51,18,7.12871
51,19,-0.993129
51,20,2.13871
51,21,10.0
51,22,9.0
51,23,8.97008
51,24,9.97223
51,25,2.83075
51,26,-0.939232
51,27,2.82959
51,28,5.88557
51,29,7.0
51,30,6.08129
51,31,2.96225
51,32,3.18991
51,33,0.160952
51,34,8.90492
51,35,0.120937
51,36,8.96132
51,37,4.00362
51,38,2.09766
51,39,2.15954
51,40,-0.851779
51,41,10.0
51,42,0.180557
51,43,2.19821
51,44,8.08992
51,45,3.89851
51,46,9.96059
51,47,10.0
51,48,9.82622
51,49,-0.86332
51,50,8.8547
51,51,8.93278
51,52,9.17289
51,53,4.12916
51,54,-1.0
51,55,7.99154
51,56,4.09053
51,57,3.92789
51,58,3.0
51,59,2.96755
51,60,3.84826
51,61,8.9315
51,62,4.07071
51,63,8.80361
51,64,2.95258
51,65,2.90572
51,66,9.11047
51,67,8.96099
51,68,8.91429
51,69,9.80132
51,70,7.05432
51,71,2.82362
51,72,2.95172
51,73,2.84211
51,74,9.01402
51,75,1.03634
51,76,9.82178
51,77,7.0
51,78,7.16862
51,79,8.92824
51,80,9.17657
51,81,9.01235
51,82,-0.869344
51,83,10.0
51,84,1.94304
51,85,9.04101
51,86,10.0
51,87,-0.96203
51,88,6.0531
51,89,9.09831
51,90,2.14064
51,91,2.0
51,92,4.15386
51,93,7.10827
51,94,9.16039
51,95,9.18324
51,96,-1.0
51,97,3.82639
51,98,10.0
51,99,9.85253
51,100,4.0472
51,101,2.00183
51,102,10.0
51,103,9.93467
51,104,9.83343
51,105,9.97098
51,106,6.84778
51,107,2.11356
51,108,3.94141
51,109,9.9664
51,110,9.91197
51,111,9.99119
51,112,5.96739
51,113,10.0
51,114,6.83178
51,115,6.05711
51,116,8.9803
51,117,9.86627
51,118,6.88621
51,119,1.93426
51,120,8.95875
51,121,10.0
51,122,9.84324
51,123,9.89515
51,124,0.0299651
51,125,10.0
51,126,1.84805
51,127,0.0638875
51,128,-0.997989
51,129,-0.844382
51,130,-0.931821
51,131,6.01161
51,132,9.0
51,133,6.0
51,134,9.92811
51,135,6.02307
51,136,6.08296
51,137,6.12412
51,138,5.84728
51,139,8.0
51,140,1.82275
51,141,10.0
51,142,9.09906
51,143,1.93239
51,144,1.85512
51,145,2.00812
51,146,1.82202
51,147,9.88651
51,148,9.93186
51,149,9.95295
51,150,9.82839
51,151,9.82152
51,152,9.92909
51,153,9.82517
51,154,1.9522
51,155,8.99061
51,156,9.17925
51,157,1.80818
51,158,7.0
51,159,6.98358
51,160,-1.0
51,161,3.95169
51,162,9.96851
51,163,1.86886
51,164,2.09958
51,165,8.01976
51,166,1.90383
51,167,0.0443219
51,168,1.97047
51,169,7.0
51,170,7.06499
51,171,3.0
51,172,3.83317
51,173,8.0
51,174,7.0
51,175,0.0
51,176,0.0
51,177,3.10833
51,178,9.16248
51,179,8.96999
51,180,0.0
51,181,9.98851
51,182,2.93846
51,183,9.09224
51,184,-1.0
51,185,-1.0
51,186,0.192562
51,187,0.0972617
51,188,4.16514
51,189,3.02655
51,190,4.13887
51,191,8.91321
51,192,0.147856
51,193,2.99245
51,194,0.0371797
51,195,3.0
51,196,3.1614
51,197,9.96759
51,198,0.0
51,199,0.181019
51,200,6.1547
51,201,9.87773
51,202,9.08109
51,203,9.18233
51,204,9.81257
51,205,2.15502
51,206,9.0
51,207,3.0
51,208,9.10758
51,209,8.80803
51,210,8.88368
51,211,7.03121
51,212,3.02904
51,213,-0.979338
51,214,6.96708
51,215,9.97093
51,216,2.91692
51,217,8.80002
51,218,6.16166
51,219,6.02492
51,220,6.15817
51,221,5.86466
51,222,6.05499
51,223,6.1447
51,224,5.83219
51,225,6.0551
51,226,3.90382
51,227,9.91901
51,228,4.18279
51,229,3.89298
51,230,2.13517
51,231,3.97365
51,232,2.18809
51,233,9.96384
51,234,7.09487
51,235,9.1539
51,236,9.93882
51,237,9.16549
51,238,9.85273
51,239,9.13641
51,240,2.80463
51,241,3.12275
51,242,3.12622
51,243,3.08534
51,244,2.0
51,245,9.88008
51,246,0.0
51,247,8.83049
51,248,9.0
51,249,9.96711
51,250,6.95057
51,251,6.84958
51,252,9.14727
51,253,6.0
51,254,-0.93539
51,255,8.06245
51,256,7.16742
51,257,0.110037
51,258,3.08358
51,259,8.90111
51,260,0.0
51,261,0.0
51,262,6.86537
51,263,2.05154
51,264,7.17948
51,265,6.9992
51,266,9.83886
51,267,4.0
51,268,9.92943
51,269,9.00533
51,270,0.0457213
51,271,3.91006
51,272,9.80233
51,273,0.0146036
51,274,4.12696
51,275,9.81496
51,276,4.07498
51,277,8.90223
51,278,2.11176
51,279,2.0125
51,280,7.96997
51,281,2.01166
51,282,9.94827
51,283,9.90016
51,284,9.91303
51,285,7.17623
51,286,6.84215
51,287,9.84072
51,288,9.97615
51,289,1.98721
51,290,4.0363
51,291,9.80418
51,292,9.92458
51,293,4.00125
51,294,9.94148
51,295,9.99463
51,296,9.85395
51,297,-0.871775
51,298,-1.0
51,299,9.09236
51,300,7.10213
51,301,9.94429
51,302,7.0462
51,303,7.1129
51,304,8.82328
51,305,9.84235
51,306,1.92324
51,307,2.18214
51,308,6.1444
51,309,8.08137
51,310,6.81976
51,311,1.89658
51,312,4.08584
51,313,4.0
51,314,3.90893
51,315,9.99475
51,316,9.04443
51,317,9.12662
51,318,9.94475
51,319,4.0802
51,320,3.80156
51,321,4.1125
51,322,9.82268
51,323,9.85354
51,324,9.82166
51,325,9.87776
51,326,3.83119
51,327,10.0
51,328,7.02948
51,329,7.16225
51,330,8.9611
51,331,9.0
51,332,6.03278
51,333,6.0097
51,334,7.0
51,335,9.0
51,336,-0.953273
51,337,3.96187
51,338,9.87069
51,339,6.16465
51,340,9.80664
51,341,9.97962
51,342,7.07974
51,343,3.0
51,344,0.141012
51,345,3.80815
51,346,-0.846349
51,347,9.99455
51,348,1.88465
51,349,9.19954
51,350,9.92183
51,351,9.94014
51,352,9.83925
51,353,0.869253
51,354,9.95174
51,355,9.0
51,356,9.93532
51,357,0.00219617
51,358,9.09825
51,359,9.10495
51,360,9.02352
51,361,9.0
51,362,-0.841225
51,363,2.02326
51,364,9.91627
51,365,9.89355
51,366,6.05655
51,367,9.01183
51,368,2.07386
51,369,4.0
51,370,4.11958
51,371,9.16608
51,372,6.80046
51,373,2.16489
51,374,7.01079
51,375,-0.96651
51,376,8.84395
51,377,7.0
51,378,0.0273982
51,379,5.97622
51,380,9.88831
51,381,9.05894
51,382,5.9966
51,383,6.99505
51,384,10.0
51,385,3.05937
51,386,0.0382191
51,387,2.08322
51,388,2.82281
51,389,2.97635
51,390,0.0679611
51,391,-0.833992
51,392,9.88872
51,393,8.93523
51,394,6.96965
51,395,1.0916
51,396,8.12558
51,397,10.0
51,398,0.0327531
51,399,0.170103
51,400,2.82622
51,401,0.138317
51,402,-0.817477
51,403,0.137849
51,404,1.0
51,405,3.09531
52,1,
52,2,
52,3,
52,4,
52,5,
52,6,
52,7,
52,8,
52,9,
52,10,
52,11,
52,12,
52,13,
52,14,
52,15,
52,16,
52,17,
52,18,
52,19,
52,20,
52,21,
52,22,
52,23,
52,24,
52,25,
52,26,
52,27,
52,28,
52,29,
52,30,
52,31,
52,32,
52,33,
52,34,
52,35,
52,36,
52,37,
52,38,
52,39,
52,40,
52,41,
52,42,
52,43,
52,44,
52,45,
52,46,
52,47,
52,48,
52,49,
52,50,
52,51,
52,52,
52,53,
52,54,
52,55,
52,56,
52,57,
52,58,
52,59,
52,60,
52,61,
52,62,
52,63,
52,64,
52,65,
52,66,
52,67,
52,68,
52,69,
52,70,
52,71,
52,72,
52,73,
52,74,
52,75,
52,76,
52,77,
52,78,
52,79,
52,80,
52,81,
52,82,
52,83,
52,84,
52,85,
52,86,
52,87,
52,88,
52,89,
52,90,
52,91,
52,92,
52,93,
52,94,
52,95,
52,96,
52,97,
52,98,
52,99,
52,100,
52,101,
52,102,
52,103,
52,104,
52,105,
52,106,
52,107,
52,108,
52,109,
52,110,
52,111,
52,112,
52,113,
52,114,
52,115,
52,116,
52,117,
52,118,
52,119,
52,120,
52,121,
52,122,
52,123,
52,124,
52,125,
52,126,
52,127,
52,128,
52,129,
52,130,
52,131,
52,132,
52,133,
52,134,
52,135,
52,136,
52,137,
52,138,
52,139,
52,140,
52,141,
52,142,
52,143,
52,144,
52,145,
52,146,
52,147,
52,148,
52,149,
52,150,
52,151,
52,152,
52,153,
52,154,
52,155,
52,156,
52,157,
52,158,
52,159,
52,160,
52,161,
52,162,
52,163,
52,164,
52,165,
52,166,
52,167,
52,168,
52,169,
52,170,
52,171,
52,172,
52,173,
52,174,
52,175,
52,176,
52,177,
52,178,
52,179,
52,180,
52,181,
52,182,
52,183,
52,184,
52,185,
52,186,
52,187,
52,188,
52,189,
52,190,
52,191,
52,192,
52,193,
52,194,
52,195,
52,196,
52,197,
52,198,
52,199,
52,200,
52,201,
52,202,
52,203,
52,204,
52,205,
52,206,
52,207,
52,208,
52,209,
52,210,
52,211,
52,212,
52,213,
52,214,
52,215,
52,216,
52,217,
52,218,
52,219,
52,220,
52,221,
52,222,
52,223,
52,224,
52,225,
52,226,
52,227,
52,228,
52,229,
52,230,
52,231,
52,232,
52,233,
52,234,
52,235,
52,236,
52,237,
52,238,
52,239,
52,240,
52,241,
52,242,
52,243,
52,244,
52,245,
52,246,
52,247,
52,248,
52,249,
52,250,
52,251,
52,252,
52,253,
52,254,
52,255,
52,256,
52,257,
52,258,
52,259,
52,260,
52,261,
52,262,
52,263,
52,264,
52,265,
52,266,
52,267,
52,268,
52,269,
52,270,
52,271,
52,272,
52,273,
52,274,
52,275,
52,276,
52,277,
52,278,
52,279,
52,280,
52,281,
52,282,
52,283,
52,284,
52,285,
52,286,
52,287,
52,288,
52,289,
52,290,
52,291,
52,292,
52,293,
52,294,
52,295,
52,296,
52,297,
52,298,
52,299,
52,300,
52,301,
52,302,
52,303,
52,304,
52,305,
52,306,
52,307,
52,308,
52,309,
52,310,
52,311,
52,312,
52,313,
52,314,
52,315,
52,316,
52,317,
52,318,
52,319,
52,320,
52,321,
52,322,
52,323,
52,324,
52,325,
52,326,
52,327,
52,328,
52,329,
52,330,
52,331,
52,332,
52,333,
52,334,
52,335,
52,336,
52,337,
52,338,
52,339,
52,340,
52,341,
52,342,
52,343,
52,344,
52,345,
52,346,
52,347,
52,348,
52,349,
52,350,
52,351,
52,352,
52,353,
52,354,
52,355,
52,356,
52,357,
52,358,
52,359,
52,360,
52,361,
52,362,
52,363,
52,364,
52,365,
52,366,
52,367,
52,368,
52,369,
52,370,
52,371,
52,372,
52,373,
52,374,
52,375,
52,376,
52,377,
52,378,
52,379,
52,380,
52,381,
52,382,
52,383,
52,384,
52,385,
52,386,
52,387,
52,388,
52,389,
52,390,
52,391,
52,392,
52,393,
52,394,
52,395,
52,396,
52,397,
52,398,
52,399,
52,400,
52,401,
52,402,
52,403,
52,404,
52,405,
53,1,
53,2,
53,3,
53,4,
53,5,
53,6,
53,7,
53,8,
53,9,
53,10,
53,11,
53,12,
53,13,
53,14,
53,15,
53,16,
53,17,
53,18,
53,19,
53,20,
53,21,
53,22,
53,23,
53,24,
53,25,
53,26,
53,27,
53,28,
53,29,
53,30,
53,31,
53,32,
53,33,
53,34,
53,35,
53,36,
53,37,
53,38,
53,39,
53,40,
53,41,
53,42,
53,43,
53,44,
53,45,
53,46,
53,47,
53,48,
53,49,
53,50,
53,51,
53,52,
53,53,
53,54,
53,55,
53,56,
53,57,
53,58,
53,59,
53,60,
53,61,
53,62,
53,63,
53,64,
53,65,
53,66,
53,67,
53,68,
53,69,
53,70,
53,71,
53,72,
53,73,
53,74,
53,75,
53,76,
53,77,
53,78,
53,79,
53,80,
53,81,
53,82,
53,83,
53,84,
53,85,
53,86,
53,87,
53,88,
53,89,
53,90,
53,91,
53,92,
53,93,
53,94,
53,95,
53,96,
53,97,
53,98,
53,99,
53,100,
53,101,
53,102,
53,103,
53,104,
53,105,
53,106,
53,107,
53,108,
53,109,
53,110,
53,111,
53,112,
53,113,
53,114,
53,115,
53,116,
53,117,
53,118,
53,119,
53,120,
53,121,
53,122,
53,123,
53,124,
53,125,
53,126,
53,127,
53,128,
53,129,
53,130,
53,131,
53,132,
53,133,
53,134,
53,135,
53,136,
53,137,
53,138,
53,139,
53,140,
53,141,
53,142,
53,143,
53,144,
53,145,
53,146,
53,147,
53,148,
53,149,
53,150,
53,151,
53,152,
53,153,
53,154,
53,155,
53,156,
53,157,
53,158,
53,159,
53,160,
53,161,
53,162,
53,163,
53,164,
53,165,
53,166,
53,167,
53,168,
53,169,
53,170,
53,171,
53,172,
53,173,
53,174,
53,175,
53,176,
53,177,
53,178,
53,179,
53,180,
53,181,
53,182,
53,183,
53,184,
53,185,
53,186,
53,187,
53,188,
53,189,
53,190,
53,191,
53,192,
53,193,
53,194,
53,195,
53,196,
53,197,
53,198,
53,199,
53,200,
53,201,
53,202,
53,203,
53,204,
53,205,
53,206,
53,207,
53,208,
53,209,
53,210,
53,211,
53,212,
53,213,
53,214,
53,215,
53,216,
53,217,
53,218,
53,219,
53,220,
53,221,
53,222,
53,223,
53,224,
53,225,
53,226,
53,227,
53,228,
53,229,
53,230,
53,231,
53,232,
53,233,
53,234,
53,235,
53,236,
53,237,
53,238,
53,239,
53,240,
53,241,
53,242,
53,243,
53,244,
53,245,
53,246,
53,247,
53,248,
53,249,
53,250,
53,251,
53,252,
53,253,
53,254,
53,255,
53,256,
53,257,
53,258,
53,259,
53,260,
53,261,
53,262,
53,263,
53,264,
53,265,
53,266,
53,267,
53,268,
53,269,
53,270,
53,271,
53,272,
53,273,
53,274,
53,275,
53,276,
53,277,
53,278,
53,279,
53,280,
53,281,
53,282,
53,283,
53,284,
53,285,
53,286,
53,287,
53,288,
53,289,
53,290,
53,291,
53,292,
53,293,
53,294,
53,295,
53,296,
53,297,
53,298,
53,299,
53,300,
53,301,
53,302,
53,303,
53,304,
53,305,
53,306,
53,307,
53,308,
53,309,
53,310,
53,311,
53,312,
53,313,
53,314,
53,315,
53,316,
53,317,
53,318,
53,319,
53,320,
53,321,
53,322,
53,323,
53,324,
53,325,
53,326,
53,327,
53,328,
53,329,
53,330,
53,331,
53,332,
53,333,
53,334,
53,335,
53,336,
53,337,
53,338,
53,339,
53,340,
53,341,
53,342,
53,343,
53,344,
53,345,
53,346,
53,347,
53,348,
53,349,
53,350,
53,351,
53,352,
53,353,
53,354,
53,355,
53,356,
53,357,
53,358,
53,359,
53,360,
53,361,
53,362,
53,363,
53,364,
53,365,
53,366,
53,367,
53,368,
53,369,
53,370,
53,371,
53,372,
53,373,
53,374,
53,375,
53,376,
53,377,
53,378,
53,379,
53,380,
53,381,
53,382,
53,383,
53,384,
53,385,
53,386,
53,387,
53,388,
53,389,
53,390,
53,391,
53,392,
53,393,
53,394,
53,395,
53,396,
53,397,
53,398,
53,399,
53,400,
53,401,
53,402,
53,403,
53,404,
53,405,
54,1,6.12254
54,2,1.95594
54,3,2.1129
54,4,7.00985
54,5,0.0
54,6,0.0
54,7,2.09954
54,8,5.05094
54,9,1.06141
54,10,0.028803
54,11,0.864277
54,12,6.07958
54,13,2.0
54,14,9.94811
54,15,0.0759485
54,16,9.87807
54,17,6.03532
54,18,7.09418
54,19,5.97105
54,20,1.82801
54,21,5.0
54,22,3.0
54,23,9.96714
54,24,9.16722
54,25,1.18079
54,26,6.02762
54,27,0.964737
54,28,8.85813
54,29,6.0
54,30,2.03005
54,31,9.10222
54,32,8.9508
54,33,-0.936848
54,34,6.02393
54,35,0.069066
54,36,9.98918
54,37,0.158609
54,38,2.01856
54,39,2.15288
54,40,7.14539
54,41,8.0
54,42,0.190843
54,43,0.95859
54,44,5.8989
54,45,0.0842061
54,46,8.06798
54,47,9.0
54,48,5.08196
54,49,5.8288
54,50,9.96933
54,51,5.84186
54,52,0.0555248
54,53,0.135633
54,54,7.0
54,55,5.85369
54,56,8.16417
54,57,7.89619
54,58,9.0
54,59,9.06837
54,60,8.00003
54,61,5.98787
54,62,0.044775
54,63,0.0134383
54,64,9.05791
54,65,9.11222
54,66,0.0973487
54,67,6.12696
54,68,9.82675
54,69,9.11669
54,70,6.13524
54,71,0.906351
54,72,9.09601
54,73,9.15057
54,74,5.90188
54,75,0.0389613
54,76,7.91842
54,77,0.0
54,78,5.99512
54,79,5.84366
54,80,6.04631
54,81,6.98479
54,82,6.02799
54,83,0.0
54,84,2.12405
54,85,6.11492
54,86,9.0
54,87,5.88321
54,88,2.19845
54,89,9.86742
54,90,1.12201
54,91,1.0
54,92,0.0366914
54,93,0.117991
54,94,0.843862
54,95,6.12328
54,96,6.0
54,97,9.09858
54,98,5.0
54,99,9.12277
54,100,8.94826
54,101,2.09525
54,102,7.0
54,103,6.95012
54,104,7.10186
54,105,6.96758
54,106,7.12128
54,107,2.09505
54,108,9.11666
54,109,8.13931
54,110,7.85822
54,111,7.80119
54,112,3.80784
54,113,6.0
54,114,6.88074
54,115,4.04062
54,116,5.99304
54,117,9.12864
54,118,6.9796
54,119,1.93061
54,120,6.002
54,121,9.0
54,122,8.95247
54,123,8.91927
54,124,0.0591111
54,125,8.0
54,126,2.13663
54,127,5.10273
54,128,6.98996
54,129,4.16387
54,130,4.18482
54,131,4.01113
54,132,1.0
54,133,9.0
54,134,7.85322
54,135,4.06842
54,136,9.09699
54,137,8.86542
54,138,9.03387
54,139,10.0
54,140,2.19672
54,141,10.0
54,142,6.07237
54,143,2.16296
54,144,1.84526
54,145,1.83661
54,146,2.10243
54,147,9.8461
54,148,5.18702
54,149,4.92315
54,150,8.13255
54,151,7.85454
54,152,7.81842
54,153,9.01625
54,154,1.81847
54,155,5.91847
54,156,5.95973
54,157,1.96434
54,158,7.0
54,159,6.94389
54,160,6.0
54,161,7.88136
54,162,7.91943
54,163,2.0204
54,164,2.11289
54,165,6.14894
54,166,2.06257
54,167,0.00229273
54,168,2.13778
54,169,8.0
54,170,8.12299
54,171,4.0
54,172,8.89036
54,173,6.0
54,174,3.0
54,175,5.0
54,176,-1.0
54,177,2.9667
54,178,0.00459457
54,179,0.145062
54,180,4.0
54,181,5.00744
54,182,3.0817
54,183,0.116471
54,184,1.0
54,185,2.0
54,186,0.0256983
54,187,0.13343
54,188,8.91364
54,189,8.06192
54,190,8.17216
54,191,7.84009
54,192,-0.86219
54,193,3.02849
54,194,0.844299
54,195,8.0
54,196,8.19771
54,197,4.85921
54,198,0.0
54,199,0.0116353
54,200,3.81213
54,201,9.13374
54,202,5.89718
54,203,6.08713
54,204,5.18324
54,205,2.12159
54,206,6.0
54,207,3.0
54,208,9.99129
54,209,5.92353
54,210,6.09489
54,211,0.89672
54,212,1.13884
54,213,5.82495
54,214,0.825813
54,215,8.95317
54,216,1.00352
54,217,0.833653
54,218,9.10651
54,219,8.82557
54,220,8.83824
54,221,9.04118
54,222,9.12599
54,223,9.16465
54,224,9.16752
54,225,9.00982
54,226,2.83355
54,227,4.95075
54,228,3.01167
54,229,2.93528
54,230,1.95551
54,231,2.86401
54,232,2.16715
54,233,5.09022
54,234,1.07986
54,235,5.84652
54,236,9.12833
54,237,8.05794
54,238,5.09824
54,239,5.89899
54,240,2.98055
54,241,2.82776
54,242,2.90569
54,243,3.01657
54,244,2.0
54,245,9.95998
54,246,0.0
54,247,8.18047
54,248,10.0
54,249,8.03386
54,250,7.05016
54,251,7.02048
54,252,9.92963
54,253,4.0
54,254,3.94948
54,255,5.98322
54,256,2.96214
54,257,-0.853977
54,258,2.95994
54,259,0.175072
54,260,0.0
54,261,1.0
54,262,7.85097
54,263,2.17686
54,264,7.02294
54,265,7.04575
54,266,9.90139
54,267,3.0
54,268,4.9236
54,269,6.03536
54,270,4.83311
54,271,8.87245
54,272,8.16612
54,273,-0.96161
54,274,9.16923
54,275,8.10601
54,276,7.8529
54,277,6.02587
54,278,1.82311
54,279,2.1767
54,280,5.80401
54,281,2.14943
54,282,4.96452
54,283,7.95313
54,284,8.0982
54,285,6.81747
54,286,7.07763
54,287,5.08337
54,288,4.93924
54,289,1.83372
54,290,3.17412
54,291,7.89296
54,292,4.87762
54,293,3.12095
54,294,9.09932
54,295,9.1069
54,296,4.85469
54,297,6.03336
54,298,4.0
54,299,9.83361
54,300,1.11633
54,301,9.03843
54,302,6.93739
54,303,0.908545
54,304,0.897868
54,305,9.01932
54,306,1.86825
54,307,2.07998
54,308,9.11819
54,309,6.02235
54,310,0.885322
54,311,2.151
54,312,8.02607
54,313,8.0
54,314,7.96393
54,315,4.99717
54,316,8.09731
54,317,0.124704
54,318,7.93462
54,319,3.05718
54,320,2.98908
54,321,3.00347
54,322,4.98139
54,323,5.03274
54,324,4.94112
54,325,5.17008
54,326,3.11466
54,327,9.0
54,328,0.976411
54,329,0.857323
54,330,9.80507
54,331,10.0
54,332,3.96586
54,333,3.82585
54,334,6.0
54,335,6.0
54,336,6.13158
54,337,3.01356
54,338,7.88811
54,339,3.84385
54,340,5.12619
54,341,4.90449
54,342,1.07947
54,343,1.0
54,344,3.90897
54,345,3.13454
54,346,3.8951
54,347,4.92887
54,348,2.09219
54,349,6.18383
54,350,7.95928
54,351,4.8021
54,352,9.06248
54,353,0.0567968
54,354,8.1024
54,355,8.0
54,356,4.84561
54,357,0.0611992
54,358,6.07713
54,359,5.87285
54,360,8.13999
54,361,7.0
54,362,5.80383
54,363,2.19388
54,364,4.84372
54,365,8.94668
54,366,4.015
54,367,6.06486
54,368,2.11984
54,369,9.0
54,370,9.18528
54,371,5.98303
54,372,1.10798
54,373,2.05016
54,374,1.11114
54,375,5.82368
54,376,9.85411
54,377,1.0
54,378,0.00205858
54,379,4.097
54,380,7.84098
54,381,1.04502
54,382,4.12469
54,383,1.14688
54,384,9.0
54,385,0.963173
54,386,-0.841237
54,387,1.96335
54,388,2.9886
54,389,2.84022
54,390,0.0265445
54,391,0.854403
54,392,9.06513
54,393,8.06992
54,394,1.15518
54,395,0.110267
54,396,5.95092
54,397,1.0
54,398,5.11354
54,399,-0.929887
54,400,3.01355
54,401,0.104905
54,402,1.84705
54,403,1.19508
54,404,0.0
54,405,8.00823
55,1,5.19228
55,2,8.17474
55,3,8.18409
55,4,4.9808
55,5,8.0
55,6,10.0
55,7,7.8493
55,8,-0.892465
55,9,9.90689
55,10,8.05223
55,11,9.96154
55,12,2.96964
55,13,8.0
55,14,9.80689
55,15,8.12846
55,16,9.90062
55,17,9.82957
55,18,5.00602
55,19,2.03283
55,20,9.09261
55,21,6.0
55,22,10.0
55,23,7.84685
55,24,-0.982302
55,25,5.09814
55,26,1.82397
55,27,4.81121
55,28,9.88645
55,29,0.0
55,30,8.18844
55,31,9.97985
55,32,9.85056
55,33,-0.93911
55,34,3.18024
55,35,1.94612
55,36,7.94717
55,37,7.95844
55,38,9.06477
55,39,9.03355
55,40,9.95716
55,41,10.0
55,42,4.81061
55,43,9.80888
55,44,9.95079
55,45,8.0699
55,46,7.95739
55,47,8.0
55,48,5.91271
55,49,5.07799
55,50,7.85925
55,51,2.99151
55,52,9.86687
55,53,8.07044
55,54,10.0
55,55,9.98086
55,56,9.9807
55,57,9.93142
55,58,10.0
55,59,9.9747
55,60,9.83433
55,61,2.87234
55,62,7.80094
55,63,9.89578
55,64,9.82542
55,65,9.93403
55,66,9.96463
55,67,2.99756
55,68,8.09579
55,69,-0.99056
55,70,5.9546
55,71,5.03763
55,72,9.86084
55,73,9.84075
55,74,3.04982
55,75,3.11023
55,76,9.9665
55,77,-1.0
55,78,0.0916285
55,79,9.88774
55,80,3.1165
55,81,7.90173
55,82,1.91904
55,83,10.0
55,84,8.99345
55,85,9.85063
55,86,-1.0
55,87,5.11978
55,88,7.98699
55,89,8.17771
55,90,9.8471
55,91,10.0
55,92,8.17686
55,93,-0.981284
55,94,9.87687
55,95,2.83005
55,96,5.0
55,97,8.8135
55,98,4.0
55,99,9.80985
55,100,8.84748
55,101,9.02354
55,102,10.0
55,103,9.88275
55,104,9.96321
55,105,9.89804
55,106,5.14498
55,107,9.00856
55,108,8.88363
55,109,8.0541
55,110,7.98941
55,111,8.02393
55,112,8.94822
55,113,5.0
55,114,4.8738
55,115,8.82584
55,116,3.09274
55,117,9.90045
55,118,5.03265
55,119,9.10419
55,120,9.93281
55,121,8.0
55,122,8.05647
55,123,7.86876
55,124,5.13078
55,125,8.0
55,126,8.85657
55,127,-0.867742
55,128,9.86918
55,129,6.10444
55,130,6.04835
55,131,9.0964
55,132,10.0
55,133,10.0
55,134,7.86062
55,135,8.94632
55,136,9.82832
55,137,9.80144
55,138,9.98256
55,139,8.0
55,140,9.14314
55,141,10.0
55,142,9.80482
55,143,8.96626
55,144,9.12844
55,145,8.99593
55,146,8.81934
55,147,9.94468
55,148,3.95611
55,149,4.09387
55,150,8.18553
55,151,8.17446
55,152,8.01493
55,153,9.89404
55,154,8.92781
55,155,9.83071
55,156,9.8736
55,157,8.86849
55,158,5.0
55,159,4.87835
55,160,2.0
55,161,9.86537
55,162,7.9508
55,163,9.07099
55,164,8.82998
55,165,9.91937
55,166,8.98312
55,167,5.12382
55,168,9.02195
55,169,7.0
55,170,6.81639
55,171,-1.0
55,172,8.83498
55,173,10.0
55,174,10.0
55,175,-1.0
55,176,-1.0
55,177,2.03713
55,178,9.86867
55,179,9.96804
55,180,8.0
55,181,6.08667
55,182,2.14235
55,183,9.85926
55,184,6.0
55,185,1.0
55,186,5.199
55,187,5.07235
55,188,8.8943
55,189,8.06555
55,190,9.92001
55,191,3.91742
55,192,-0.809558
55,193,2.15238
55,194,7.14565
55,195,8.0
55,196,7.91565
55,197,6.12083
55,198,5.0
55,199,4.80838
55,200,8.80881
55,201,8.04455
55,202,9.94114
55,203,3.00528
55,204,4.12275
55,205,8.86174
55,206,3.0
55,207,2.0
55,208,8.14074
55,209,9.83767
55,210,9.80287
55,211,8.89111
55,212,4.97081
55,213,1.81638
55,214,9.94011
55,215,9.84384
55,216,4.88832
55,217,9.94574
55,218,9.98532
55,219,9.96553
55,220,9.80887
55,221,9.89815
55,222,9.90076
55,223,9.83518
55,224,9.80288
55,225,9.97456
55,226,9.97283
55,227,3.85439
55,228,9.93576
55,229,9.82077
55,230,9.18706
55,231,9.86347
55,232,9.12014
55,233,4.14024
55,234,-0.826383
55,235,9.95813
55,236,9.88665
55,237,3.83299
55,238,3.89158
55,239,9.95129
55,240,1.9624
55,241,1.99936
55,242,1.83261
55,243,2.1977
55,244,9.0
55,245,9.80779
55,246,2.0
55,247,4.0273
55,248,6.0
55,249,7.83166
55,250,5.00332
55,251,5.16759
55,252,7.80459
55,253,9.0
55,254,6.18663
55,255,9.83269
55,256,9.86038
55,257,-0.804549
55,258,1.85871
55,259,9.91807
55,260,9.0
55,261,7.0
55,262,7.01984
55,263,9.13637
55,264,4.89819
55,265,4.90727
55,266,9.98574
55,267,10.0
55,268,4.13515
55,269,2.80465
55,270,-0.926983
55,271,9.17909
55,272,7.88681
55,273,-0.964627
55,274,9.05211
55,275,8.16303
55,276,9.89096
55,277,9.84432
55,278,9.18982
55,279,8.84553
55,280,9.93669
55,281,9.12981
55,282,6.08669
55,283,8.06105
55,284,7.85141
55,285,5.02283
55,286,5.01973
55,287,3.91956
55,288,3.89686
55,289,9.15987
55,290,9.835
55,291,8.05576
55,292,3.86275
55,293,9.86271
55,294,9.88584
55,295,8.06129
55,296,5.8586
55,297,4.92393
55,298,6.0
55,299,7.86274
55,300,9.85606
55,301,9.92693
55,302,5.12985
55,303,8.86479
55,304,9.81475
55,305,9.87809
55,306,9.10666
55,307,9.16361
55,308,9.92019
55,309,9.82408
55,310,9.88245
55,311,8.99933
55,312,9.92449
55,313,10.0
55,314,9.8655
55,315,4.04178
55,316,4.00359
55,317,9.90695
55,318,7.92917
55,319,9.85432
55,320,9.87664
55,321,9.82599
55,322,4.05444
55,323,3.88623
55,324,3.82837
55,325,4.07099
55,326,9.93307
55,327,10.0
55,328,8.91136
55,329,8.99629
55,330,7.94927
55,331,8.0
55,332,8.84047
55,333,8.92207
55,334,6.0
55,335,10.0
55,336,4.93609
55,337,9.84397
55,338,7.84975
55,339,9.07144
55,340,3.80136
55,341,6.05017
55,342,8.84263
55,343,5.0
55,344,7.878
55,345,9.85534
55,346,6.08723
55,347,4.15846
55,348,9.1533
55,349,9.83993
55,350,7.8506
55,351,4.10685
55,352,9.84033
55,353,3.16701
55,354,7.92264
55,355,4.0
55,356,4.15142
55,357,4.84179
55,358,2.88122
55,359,3.12152
55,360,4.13876
55,361,8.0
55,362,2.1057
55,363,8.82494
55,364,3.80422
55,365,9.83721
55,366,9.08506
55,367,9.87299
55,368,9.03877
55,369,9.0
55,370,9.15458
55,371,9.98573
55,372,9.9737
55,373,8.99937
55,374,9.03328
55,375,5.05903
55,376,7.97061
55,377,9.83743
55,378,5.06438
55,379,9.16999
55,380,8.07034
55,381,9.9746
55,382,8.88839
55,383,9.83333
55,384,10.0
55,385,5.08659
55,386,-0.990705
55,387,8.98645
55,388,2.03211
55,389,2.10716
55,390,1.8208
55,391,6.17324
55,392,9.87801
55,393,4.08709
55,394,9.83009
55,395,2.82474
55,396,9.82114
55,397,9.0
55,398,-0.8539
55,399,-0.806557
55,400,1.94205
55,401,2.13562
55,402,1.05512
55,403,6.86627
55,404,3.0
55,405,8.09168
56,1,3.00976
56,2,2.12863
56,3,2.15056
56,4,1.83661
56,5,2.0
56,6,3.0
56,7,1.9422
56,8,3.18214
56,9,5.99942
56,10,2.09523
56,11,6.12029
56,12,2.07813
56,13,2.0
56,14,4.15325
56,15,1.8234
56,16,3.98998
56,17,1.8116
56,18,1.99518
56,19,1.89909
56,20,2.11885
56,21,4.0
56,22,5.0
56,23,5.93479
56,24,3.89029
56,25,0.918944
56,26,2.00753
56,27,1.01433
56,28,2.89798
56,29,4.0
56,30,2.08189
56,31,1.00063
56,32,0.964309
56,33,4.12645
56,34,1.9585
56,35,1.83634
56,36,6.0381
56,37,1.96145
56,38,1.97771
56,39,1.99519
56,40,3.00876
56,41,4.0
56,42,2.95817
56,43,0.907763
56,44,3.01306
56,45,2.1478
56,46,5.95153
56,47,7.0
56,48,3.80375
56,49,2.90919
56,50,5.93641
56,51,1.87523
56,52,3.10079
56,53,1.8005
56,54,3.0
56,55,3.03433
56,56,3.06881
56,57,2.91951
56,58,1.0
56,59,1.00779
56,60,2.90214
56,61,1.82528
56,62,2.15312
56,63,3.10734
56,64,1.104
56,65,0.813546
56,66,3.04894
56,67,2.029
56,68,5.87746
56,69,3.98582
56,70,0.854848
56,71,1.19892
56,72,1.03377
56,73,0.968272
56,74,1.8757
56,75,2.17746
56,76,3.90328
56,77,3.0
56,78,3.8905
56,79,2.11393
56,80,2.13278
56,81,2.90358
56,82,1.91909
56,83,4.0
56,84,2.11247
56,85,2.07077
56,86,4.0
56,87,3.09295
56,88,1.94444
56,89,6.02643
56,90,0.831479
56,91,1.0
56,92,2.1176
56,93,3.00425
56,94,5.92265
56,95,2.139
56,96,3.0
56,97,4.8805
56,98,3.0
56,99,1.84661
56,100,4.81913
56,101,1.9966
56,102,3.0
56,103,3.04127
56,104,3.17098
56,105,2.8272
56,106,2.06311
56,107,1.93838
56,108,4.87997
56,109,5.90751
56,110,6.08437
56,111,5.96729
56,112,2.9998
56,113,1.0
56,114,1.98318
56,115,2.93097
56,116,2.06919
56,117,2.07844
56,118,1.89458
56,119,2.0368
56,120,1.91409
56,121,4.0
56,122,4.09362
56,123,4.0293
56,124,3.03692
56,125,6.0
56,126,2.07352
56,127,2.97008
56,128,2.82063
56,129,1.86789
56,130,2.14035
56,131,3.07113
56,132,6.0
56,133,3.0
56,134,5.85122
56,135,2.9333
56,136,3.16057
56,137,2.84187
56,138,3.07473
56,139,6.0
56,140,2.1593
56,141,4.0
56,142,2.15408
56,143,2.0041
56,144,1.87846
56,145,1.90183
56,146,1.92723
56,147,3.94687
56,148,2.99722
56,149,3.15439
56,150,6.05694
56,151,6.03998
56,152,6.12036
56,153,2.18668
56,154,1.91965
56,155,2.04586
56,156,1.90667
56,157,1.95742
56,158,2.0
56,159,2.01741
56,160,2.0
56,161,2.83636
56,162,6.1735
56,163,2.19052
56,164,1.95362
56,165,2.83655
56,166,2.01267
56,167,2.98609
56,168,1.854
56,169,4.0
56,170,4.10228
56,171,3.0
56,172,4.88874
56,173,3.0
56,174,4.0
56,175,3.0
56,176,4.0
56,177,3.95709
56,178,3.13476
56,179,3.13299
56,180,2.0
56,181,3.92076
56,182,3.87182
56,183,2.88428
56,184,5.0
56,185,5.0
56,186,3.03415
56,187,3.14549
56,188,4.90287
56,189,2.12676
56,190,3.04304
56,191,3.16158
56,192,3.91777
56,193,3.87159
56,194,2.03819
56,195,2.0
56,196,2.15838
56,197,4.14143
56,198,3.0
56,199,3.11521
56,200,3.15405
56,201,4.05428
56,202,2.04498
56,203,1.94519
56,204,3.07918
56,205,2.14971
56,206,2.0
56,207,4.0
56,208,5.91451
56,209,1.85277
56,210,2.08314
56,211,3.91412
56,212,1.1381
56,213,2.05007
56,214,4.00038
56,215,1.86138
56,216,0.826595
56,217,5.82241
56,218,2.81251
56,219,2.96535
56,220,3.11776
56,221,2.80356
56,222,3.09889
56,223,2.95181
56,224,2.84362
56,225,3.14558
56,226,1.87511
56,227,2.81087
56,228,2.17908
56,229,2.02951
56,230,2.03591
56,231,1.93372
56,232,1.99702
56,233,3.01184
56,234,4.00637
56,235,1.87915
56,236,2.06242
56,237,3.14025
56,238,2.92305
56,239,2.03435
56,240,3.97766
56,241,3.93214
56,242,4.06331
56,243,4.12538
56,244,2.0
56,245,3.85383
56,246,2.0
56,247,3.10421
56,248,1.0
56,249,5.84497
56,250,1.906
56,251,1.9353
56,252,5.93207
56,253,3.0
56,254,2.19537
56,255,3.14155
56,256,3.99652
56,257,4.12971
56,258,4.00121
56,259,2.85943
56,260,2.0
56,261,2.0
56,262,4.15386
56,263,1.80844
56,264,1.92467
56,265,2.11962
56,266,4.08674
56,267,2.0
56,268,3.06564
56,269,1.81376
56,270,3.15585
56,271,5.13562
56,272,5.88272
56,273,3.88744
56,274,4.93039
56,275,5.98002
56,276,3.03422
56,277,1.93117
56,278,1.98973
56,279,1.90379
56,280,3.04167
56,281,1.80561
56,282,3.94855
56,283,6.12463
56,284,6.11054
56,285,1.89786
56,286,2.06611
56,287,3.08926
56,288,2.8566
56,289,1.99457
56,290,2.03395
56,291,6.18654
56,292,3.07685
56,293,1.9457
56,294,1.83155
56,295,6.84914
56,296,4.16589
56,297,2.99363
56,298,2.0
56,299,6.10012
56,300,4.18125
56,301,2.15423
56,302,2.12724
56,303,4.08033
56,304,5.97046
56,305,2.18951
56,306,1.98236
56,307,2.11256
56,308,2.94216
56,309,2.85541
56,310,4.1569
56,311,2.04863
56,312,3.16473
56,313,3.0
56,314,3.17923
56,315,3.11665
56,316,3.06126
56,317,2.93401
56,318,6.13787
56,319,1.91336
56,320,1.95791
56,321,2.10921
56,322,2.91571
56,323,2.83584
56,324,2.98749
56,325,2.99377
56,326,1.86843
56,327,2.0
56,328,3.90663
56,329,3.9992
56,330,6.11249
56,331,6.0
56,332,3.04211
56,333,2.95986
56,334,1.0
56,335,2.0
56,336,2.88079
56,337,2.0233
56,338,6.11255
56,339,2.80437
56,340,2.83468
56,341,3.84663
56,342,3.98905
56,343,1.0
56,344,1.94641
56,345,2.19868
56,346,1.9695
56,347,3.11122
56,348,1.91129
56,349,1.98862
56,350,6.15123
56,351,2.92214
56,352,2.11066
56,353,1.93561
56,354,6.08113
56,355,3.0
56,356,3.0096
56,357,2.92222
56,358,2.12907
56,359,1.89429
56,360,3.15511
56,361,3.0
56,362,1.88109
56,363,2.15675
56,364,3.0969
56,365,2.1063
56,366,3.09988
56,367,2.06804
56,368,1.83618
56,369,5.0
56,370,4.93566
56,371,2.0487
56,372,4.19354
56,373,1.94674
56,374,3.93119
56,375,2.93882
56,376,5.87635
56,377,4.0
56,378,3.01142
56,379,2.97332
56,380,5.86028
56,381,6.08909
56,382,3.15929
56,383,3.85062
56,384,2.0
56,385,1.0386
56,386,3.85965
56,387,2.1782
56,388,3.99271
56,389,4.105
56,390,2.05057
56,391,5.04394
56,392,1.90746
56,393,2.8494
56,394,3.80068
56,395,1.919
56,396,3.12428
56,397,2.0
56,398,3.18158
56,399,4.09401
56,400,4.04863
56,401,1.9222
56,402,4.81641
56,403,1.89678
56,404,2.0
56,405,1.86427
57,1,
57,2,
57,3,
57,4,
57,5,10.0
57,6,
57,7,
57,8,
57,9,
57,10,
57,11,
57,12,
57,13,10.0
57,14,
57,15,
57,16,
57,17,
57,18,
57,19,
57,20,
57,21,10.0
57,22,
57,23,
57,24,
57,25,
57,26,
57,27,
57,28,
57,29,10.0
57,30,
57,31,
57,32,
57,33,
57,34,
57,35,
57,36,
57,37,
57,38,
57,39,
57,40,
57,41,9.0
57,42,
57,43,
57,44,
57,45,
57,46,
57,47,8.0
57,48,
57,49,
57,50,
57,51,
57,52,
57,53,
57,54,9.0
57,55,
57,56,
57,57,
57,58,9.0
57,59,
57,60,
57,61,
57,62,
57,63,
57,64,
57,65,
57,66,
57,67,
57,68,
57,69,
57,70,
57,71,
57,72,
57,73,
57,74,
57,75,
57,76,
57,77,9.0
57,78,
57,79,
57,80,
57,81,
57,82,
57,83,9.0
57,84,
57,85,
57,86,10.0
57,87,
57,88,
57,89,
57,90,
57,91,8.0
57,92,
57,93,
57,94,
57,95,
57,96,9.0
57,97,
57,98,10.0
57,99,
57,100,
57,101,
57,102,9.0
57,103,
57,104,
57,105,
57,106,
57,107,
57,108,
57,109,
57,110,
57,111,
57,112,
57,113,9.0
57,114,
57,115,
57,116,
57,117,
57,118,
57,119,
57,120,
57,121,4.0
57,122,
57,123,
57,124,
57,125,10.0
57,126,
57,127,
57,128,
57,129,
57,130,
57,131,
57,132,10.0
57,133,10.0
57,134,
57,135,
57,136,
57,137,
57,138,
57,139,
57,140,
57,141,10.0
57,142,
57,143,
57,144,
57,145,
57,146,
57,147,
57,148,
57,149,
57,150,
57,151,
57,152,
57,153,
57,154,
57,155,
57,156,
57,157,
57,158,10.0
57,159,
57,160,4.0
57,161,
57,162,
57,163,
57,164,
57,165,
57,166,
57,167,
57,168,
57,169,
57,170,
57,171,9.0
57,172,
57,173,8.0
57,174,10.0
57,175,8.0
57,176,9.0
57,177,
57,178,
57,179,
57,180,10.0
57,181,
57,182,
57,183,
57,184,10.0
57,185,7.0
57,186,
57,187,
57,188,
57,189,
57,190,
57,191,
57,192,
57,193,
57,194,
57,195,8.0
57,196,
57,197,
57,198,10.0
57,199,
57,200,
57,201,
57,202,
57,203,
57,204,
57,205,
57,206,10.0
57,207,9.0
57,208,
57,209,
57,210,
57,211,
57,212,
57,213,
57,214,
57,215,
57,216,
57,217,
57,218,
57,219,
57,220,
57,221,
57,222,
57,223,
57,224,
57,225,
57,226,
57,227,
57,228,
57,229,
57,230,
57,231,
57,232,
57,233,
57,234,
57,235,
57,236,
57,237,
57,238,
57,239,
57,240,
57,241,
57,242,
57,243,
57,244,7.0
57,245,
57,246,9.0
57,247,
57,248,8.0
57,249,
57,250,
57,251,
57,252,
57,253,10.0
57,254,
57,255,
57,256,
57,257,
57,258,
57,259,
57,260,9.0
57,261,1.0
57,262,
57,263,
57,264,
57,265,
57,266,
57,267,
57,268,
57,269,
57,270,
57,271,
57,272,
57,273,
57,274,
57,275,
57,276,
57,277,
57,278,
57,279,
57,280,
57,281,
57,282,
57,283,
57,284,
57,285,
57,286,
57,287,
57,288,
57,289,
57,290,
57,291,
57,292,
57,293,
57,294,
57,295,
57,296,
57,297,
57,298,2.0
57,299,
57,300,
57,301,
57,302,
57,303,
57,304,
57,305,
57,306,
57,307,
57,308,
57,309,
57,310,
57,311,
57,312,
57,313,10.0
57,314,
57,315,
57,316,
57,317,
57,318,
57,319,
57,320,
57,321,
57,322,
57,323,
57,324,
57,325,
57,326,
57,327,8.0
57,328,
57,329,
57,330,
57,331,10.0
57,332,
57,333,
57,334,10.0
57,335,4.0
57,336,
57,337,
57,338,
57,339,
57,340,
57,341,
57,342,
57,343,5.0
57,344,
57,345,
57,346,
57,347,
57,348,
57,349,
57,350,
57,351,
57,352,
57,353,
57,354,
57,355,8.0
57,356,
57,357,
57,358,
57,359,
57,360,
57,361,3.0
57,362,
57,363,
57,364,
57,365,
57,366,
57,367,
57,368,
57,369,3.0
57,370,
57,371,
57,372,
57,373,
57,374,
57,375,
57,376,
57,377,4.0
57,378,
57,379,
57,380,
57,381,
57,382,
57,383,
57,384,8.0
57,385,
57,386,
57,387,
57,388,
57,389,
57,390,
57,391,
57,392,
57,393,
57,394,
57,395,
57,396,
57,397,3.0
57,398,
57,399,
57,400,
57,401,
57,402,
57,403,
57,404,9.0
57,405,
58,1,8.8043
58,2,8.04694
58,3,8.19339
58,4,1.84901
58,5,7.0
58,6,9.0
58,7,8.07914
58,8,6.85009
58,9,8.90623
58,10,7.11552
58,11,9.1585
58,12,1.87022
58,13,8.0
58,14,7.07525
58,15,7.12876
58,16,7.16426
58,17,-0.869579
58,18,2.12355
58,19,1.02751
58,20,5.83165
58,21,5.0
58,22,2.0
58,23,4.9706
58,24,-0.890529
58,25,1.04876
58,26,0.998512
58,27,0.966241
58,28,6.06496
58,29,6.0
58,30,7.91099
58,31,5.93336
58,32,5.81762
58,33,1.00587
58,34,1.99863
58,35,-0.80018
58,36,5.17285
58,37,6.80728
58,38,5.88989
58,39,6.16075
58,40,6.90523
58,41,2.0
58,42,7.94014
58,43,-0.863076
58,44,9.97698
58,45,6.88066
58,46,9.158
58,47,9.0
58,48,4.94987
58,49,8.91467
58,50,4.94622
58,51,1.98086
58,52,9.16421
58,53,6.96925
58,54,7.0
58,55,9.82115
58,56,8.1973
58,57,8.06936
58,58,6.0
58,59,5.9724
58,60,7.89911
58,61,2.14395
58,62,7.14271
58,63,9.06319
58,64,6.04243
58,65,6.04853
58,66,9.13568
58,67,1.85035
58,68,4.94403
58,69,-0.893433
58,70,1.11964
58,71,0.932654
58,72,5.99034
58,73,5.90507
58,74,2.16482
58,75,0.864643
58,76,2.15779
58,77,4.0
58,78,5.99929
58,79,-0.854723
58,80,2.01939
58,81,7.14534
58,82,0.832633
58,83,5.0
58,84,5.98717
58,85,-0.957679
58,86,-1.0
58,87,9.07617
58,88,8.14102
58,89,4.82462
58,90,-0.840388
58,91,-1.0
58,92,7.04212
58,93,4.13604
58,94,9.18151
58,95,1.80812
58,96,9.0
58,97,6.80199
58,98,10.0
58,99,8.96044
58,100,7.02757
58,101,6.07401
58,102,7.0
58,103,6.87427
58,104,6.85559
58,105,7.19114
58,106,1.85502
58,107,5.82928
58,108,6.83419
58,109,9.00319
58,110,9.03148
58,111,8.89629
58,112,1.04234
58,113,10.0
58,114,1.98679
58,115,0.807768
58,116,2.14136
58,117,8.92128
58,118,2.19702
58,119,5.81128
58,120,-0.876329
58,121,0.0
58,122,0.118395
58,123,0.106301
58,124,7.99155
58,125,9.0
58,126,5.86926
58,127,7.14616
58,128,7.08402
58,129,0.153885
58,130,0.0483039
58,131,1.1435
58,132,9.0
58,133,6.0
58,134,8.95267
58,135,0.987595
58,136,5.9881
58,137,5.82486
58,138,5.97984
58,139,10.0
58,140,5.85392
58,141,7.0
58,142,-0.972521
58,143,6.06276
58,144,5.84816
58,145,6.14865
58,146,6.19387
58,147,6.86927
58,148,9.94876
58,149,9.86599
58,150,9.05655
58,151,8.88396
58,152,8.85495
58,153,8.81125
58,154,5.98502
58,155,-0.841554
58,156,-0.937093
58,157,6.1057
58,158,2.0
58,159,1.88743
58,160,1.0
58,161,8.00418
58,162,8.92486
58,163,5.90682
58,164,5.83494
58,165,9.90291
58,166,5.81458
58,167,7.82711
58,168,5.91948
58,169,0.0
58,170,0.0482378
58,171,-1.0
58,172,7.00179
58,173,10.0
58,174,10.0
58,175,7.0
58,176,1.0
58,177,9.13125
58,178,9.06941
58,179,9.13172
58,180,4.0
58,181,4.87711
58,182,8.80226
58,183,8.8328
58,184,1.0
58,185,3.0
58,186,7.88732
58,187,7.93586
58,188,6.97725
58,189,9.81901
58,190,8.0338
58,191,6.92335
58,192,0.916947
58,193,8.97367
58,194,0.0611966
58,195,10.0
58,196,9.8103
58,197,5.06146
58,198,8.0
58,199,8.02054
58,200,0.969263
58,201,0.185064
58,202,-0.972301
58,203,2.19686
58,204,9.90427
58,205,6.04311
58,206,2.0
58,207,9.0
58,208,5.10705
58,209,-0.940171
58,210,-0.821505
58,211,9.13568
58,212,1.01942
58,213,1.0352
58,214,9.08224
58,215,8.91389
58,216,1.18216
58,217,9.10836
58,218,5.86832
58,219,5.99772
58,220,6.13494
58,221,6.18867
58,222,6.00068
58,223,5.87908
58,224,5.95053
58,225,6.17658
58,226,5.82523
58,227,9.93755
58,228,6.13869
58,229,5.86686
58,230,6.06329
58,231,5.86006
58,232,6.19046
58,233,9.84002
58,234,8.89369
58,235,-0.826646
58,236,9.01752
58,237,6.80124
58,238,9.86834
58,239,-0.996614
58,240,9.08526
58,241,9.14927
58,242,8.817
58,243,8.93774
58,244,6.0
58,245,7.05971
58,246,-1.0
58,247,7.0434
58,248,2.0
58,249,8.95984
58,250,1.80455
58,251,1.93944
58,252,5.00707
58,253,1.0
58,254,0.0691089
58,255,9.85253
58,256,9.8452
58,257,0.891737
58,258,9.17751
58,259,9.15166
58,260,2.0
58,261,0.0
58,262,0.125719
58,263,6.13241
58,264,1.84568
58,265,1.88386
58,266,7.17159
58,267,6.04909
58,268,9.90872
58,269,2.17859
58,270,7.15046
58,271,6.95957
58,272,8.9873
58,273,1.16312
58,274,6.82361
58,275,9.14969
58,276,7.95722
58,277,-0.83496
58,278,5.96466
58,279,5.85943
58,280,9.98167
58,281,6.07757
58,282,4.97755
58,283,8.89713
58,284,8.80145
58,285,1.86483
58,286,1.93955
58,287,9.85739
58,288,9.83555
58,289,5.97638
58,290,6.15402
58,291,8.8484
58,292,9.95317
58,293,6.15275
58,294,9.12158
58,295,9.10583
58,296,5.04319
58,297,9.01215
58,298,0.0
58,299,4.89235
58,300,9.06618
58,301,9.17733
58,302,2.19474
58,303,8.8018
58,304,9.05094
58,305,9.02492
58,306,6.15963
58,307,6.00319
58,308,6.04851
58,309,9.84813
58,310,8.92407
58,311,5.97278
58,312,7.82004
58,313,8.0
58,314,8.15745
58,315,9.84955
58,316,7.09485
58,317,8.83564
58,318,9.10616
58,319,7.03181
58,320,5.97957
58,321,5.82209
58,322,9.91028
58,323,9.94486
58,324,9.84438
58,325,9.94201
58,326,6.15727
58,327,9.0
58,328,8.87411
58,329,8.95354
58,330,4.82236
58,331,5.0
58,332,1.14274
58,333,0.839882
58,334,1.0
58,335,-1.0
58,336,9.14955
58,337,5.84553
58,338,9.02146
58,339,0.861713
58,340,9.91825
58,341,5.1758
58,342,9.08049
58,343,1.0
58,344,4.0048
58,345,5.85045
58,346,0.00181595
58,347,9.9463
58,348,5.80527
58,349,-0.869441
58,350,9.14167
58,351,9.95724
58,352,8.81856
58,353,1.14387
58,354,8.90443
58,355,7.0
58,356,9.84385
58,357,7.80121
58,358,1.89433
58,359,1.90908
58,360,7.03595
58,361,7.0
58,362,1.09197
58,363,5.93061
58,364,9.82526
58,365,8.93894
58,366,0.841359
58,367,-0.801437
58,368,5.82296
58,369,7.0
58,370,6.82385
58,371,-0.848511
58,372,8.96515
58,373,6.02698
58,374,8.82607
58,375,9.05619
58,376,4.82809
58,377,9.0
58,378,8.19106
58,379,1.13505
58,380,8.99747
58,381,9.14662
58,382,1.05486
58,383,9.01052
58,384,10.0
58,385,1.12771
58,386,1.0273
58,387,5.85699
58,388,8.9393
58,389,9.02645
58,390,-0.920496
58,391,1.05535
58,392,9.8413
58,393,6.97158
58,394,9.17848
58,395,1.04251
58,396,9.93757
58,397,10.0
58,398,6.84468
58,399,0.815187
58,400,9.02658
58,401,-0.839858
58,402,3.00608
58,403,0.0885901
58,404,1.0
58,405,9.83439
59,1,8.12118
59,2,4.014
59,3,3.95263
59,4,8.03714
59,5,5.0
59,6,6.0
59,7,4.07292
59,8,3.18641
59,9,2.9721
59,10,4.92364
59,11,3.02417
59,12,9.94431
59,13,4.0
59,14,9.97576
59,15,5.04871
59,16,9.84478
59,17,8.92971
59,18,8.1286
59,19,8.99232
59,20,4.10977
59,21,7.0
59,22,9.0
59,23,3.84088
59,24,5.00127
59,25,9.92264
59,26,9.07296
59,27,9.95182
59,28,7.86435
59,29,4.0
59,30,3.8346
59,31,8.00666
59,32,7.91543
59,33,8.12792
59,34,9.80352
59,35,7.97727
59,36,4.03203
59,37,4.82394
59,38,4.1761
59,39,4.17947
59,40,4.88722
59,41,10.0
59,42,9.14128
59,43,2.84898
59,44,3.85899
59,45,5.09772
59,46,8.91253
59,47,2.0
59,48,6.82127
59,49,7.97257
59,50,3.80701
59,51,9.9244
59,52,5.89106
59,53,5.11622
59,54,5.0
59,55,4.01315
59,56,9.93394
59,57,9.97001
59,58,8.0
59,59,8.06434
59,60,9.99468
59,61,9.92035
59,62,5.01742
59,63,6.1359
59,64,7.98944
59,65,8.00884
59,66,6.02511
59,67,9.81749
59,68,3.87529
59,69,4.86853
59,70,6.80226
59,71,9.86408
59,72,7.92707
59,73,8.08298
59,74,9.88599
59,75,9.14933
59,76,9.90839
59,77,1.0
59,78,3.90568
59,79,9.09408
59,80,9.9397
59,81,6.91589
59,82,9.06261
59,83,10.0
59,84,4.00858
59,85,8.86378
59,86,5.0
59,87,7.91446
59,88,3.9976
59,89,3.80237
59,90,2.99389
59,91,3.0
59,92,5.08475
59,93,1.02641
59,94,2.99417
59,95,9.90205
59,96,8.0
59,97,3.87405
59,98,5.0
59,99,5.81806
59,100,4.13064
59,101,3.8361
59,102,1.0
59,103,0.95163
59,104,0.941821
59,105,0.914982
59,106,8.16602
59,107,4.09749
59,108,3.88137
59,109,9.10216
59,110,9.13758
59,111,9.0266
59,112,9.89609
59,113,8.0
59,114,7.9779
59,115,9.9633
59,116,9.87811
59,117,5.84704
59,118,7.91754
59,119,4.00718
59,120,9.08538
59,121,5.0
59,122,5.07007
59,123,4.82248
59,124,8.94738
59,125,9.0
59,126,4.04019
59,127,3.15948
59,128,4.90407
59,129,2.83022
59,130,2.83175
59,131,9.83443
59,132,3.0
59,133,8.0
59,134,8.89803
59,135,9.98536
59,136,7.95613
59,137,8.03606
59,138,8.15915
59,139,10.0
59,140,4.0118
59,141,10.0
59,142,9.09108
59,143,4.04506
59,144,4.18747
59,145,4.10765
59,146,4.11139
59,147,9.91264
59,148,4.96055
59,149,5.06607
59,150,8.84271
59,151,9.13752
59,152,8.99786
59,153,5.95575
59,154,3.931
59,155,8.80731
59,156,9.10743
59,157,3.80299
59,158,8.0
59,159,7.83571
59,160,9.0
59,161,9.85535
59,162,8.85227
59,163,3.88154
59,164,3.88658
59,165,4.08695
59,166,3.86834
59,167,9.06751
59,168,4.065
59,169,5.0
59,170,5.07068
59,171,7.0
59,172,4.16387
59,173,4.0
59,174,7.0
59,175,3.0
59,176,8.0
59,177,1.0293
59,178,6.15946
59,179,6.03031
59,180,10.0
59,181,7.0581
59,182,1.1727
59,183,5.88941
59,184,3.0
59,185,6.0
59,186,9.16406
59,187,8.84224
59,188,3.81618
59,189,3.83832
59,190,9.98755
59,191,2.05289
59,192,8.08599
59,193,0.889374
59,194,8.15126
59,195,4.0
59,196,4.04359
59,197,7.00285
59,198,9.0
59,199,8.84868
59,200,9.82726
59,201,5.11527
59,202,9.00748
59,203,9.93045
59,204,4.94005
59,205,4.15266
59,206,10.0
59,207,1.0
59,208,3.9322
59,209,8.98935
59,210,8.80453
59,211,9.88345
59,212,9.89279
59,213,9.18458
59,214,9.91852
59,215,6.12904
59,216,9.86478
59,217,3.00229
59,218,8.14341
59,219,8.10147
59,220,7.90599
59,221,8.14139
59,222,8.00021
59,223,8.11089
59,224,8.17787
59,225,8.17362
59,226,9.04495
59,227,4.85633
59,228,9.00684
59,229,8.97933
59,230,3.8878
59,231,9.16655
59,232,3.95508
59,233,4.96844
59,234,9.96692
59,235,9.05989
59,236,5.86981
59,237,1.81623
59,238,5.05321
59,239,8.9118
59,240,0.889504
59,241,1.01946
59,242,1.03864
59,243,0.968845
59,244,4.0
59,245,9.94256
59,246,8.0
59,247,2.10676
59,248,4.0
59,249,8.9634
59,250,8.16893
59,251,7.95346
59,252,4.12622
59,253,10.0
59,254,3.09101
59,255,3.86979
59,256,7.12193
59,257,8.10208
59,258,0.93599
59,259,5.91432
59,260,5.0
59,261,8.0
59,262,4.91015
59,263,3.89835
59,264,7.97646
59,265,7.92795
59,266,9.87944
59,267,9.0
59,268,5.01026
59,269,9.95043
59,270,3.19883
59,271,4.17121
59,272,9.12229
59,273,7.9431
59,274,3.97981
59,275,9.163
59,276,9.8986
59,277,9.03653
59,278,4.09883
59,279,3.92171
59,280,3.8899
59,281,3.95235
59,282,6.89688
59,283,9.16278
59,284,9.1358
59,285,7.96543
59,286,7.99749
59,287,4.8801
59,288,5.15458
59,289,4.10533
59,290,9.18223
59,291,8.83646
59,292,4.95514
59,293,8.84508
59,294,6.17563
59,295,2.16805
59,296,6.99738
59,297,7.80161
59,298,3.0
59,299,3.80157
59,300,9.81143
59,301,6.15905
59,302,8.03688
59,303,9.83478
59,304,3.15194
59,305,5.85324
59,306,4.01365
59,307,3.88045
59,308,7.81686
59,309,3.92774
59,310,9.91234
59,311,3.80524
59,312,9.8399
59,313,10.0
59,314,9.92162
59,315,4.87281
59,316,2.17986
59,317,5.90763
59,318,9.15494
59,319,9.00863
59,320,8.85847
59,321,8.90535
59,322,5.18314
59,323,4.9119
59,324,5.05242
59,325,5.01974
59,326,9.01068
59,327,6.0
59,328,9.85055
59,329,9.94663
59,330,4.0802
59,331,4.0
59,332,9.96871
59,333,9.94784
59,334,7.0
59,335,9.0
59,336,8.08757
59,337,8.8217
59,338,8.93942
59,339,9.9382
59,340,5.16128
59,341,6.89582
59,342,9.96867
59,343,10.0
59,344,9.90202
59,345,9.05773
59,346,3.02235
59,347,5.11566
59,348,3.98422
59,349,8.88456
59,350,8.96661
59,351,4.81656
59,352,6.1445
59,353,9.04936
59,354,9.12871
59,355,2.0
59,356,4.82802
59,357,9.03927
59,358,9.82597
59,359,9.84912
59,360,2.04786
59,361,7.0
59,362,8.94061
59,363,3.95145
59,364,4.89249
59,365,6.17687
59,366,9.8281
59,367,8.9321
59,368,3.84508
59,369,4.0
59,370,4.17073
59,371,8.86612
59,372,9.90033
59,373,4.16139
59,374,9.97407
59,375,8.08652
59,376,3.92146
59,377,10.0
59,378,9.10602
59,379,9.81447
59,380,9.17329
59,381,3.14646
59,382,9.83614
59,383,9.90759
59,384,6.0
59,385,9.92515
59,386,7.85513
59,387,3.92438
59,388,1.05814
59,389,1.06148
59,390,8.10222
59,391,3.17552
59,392,5.88437
59,393,2.0079
59,394,9.91626
59,395,9.19329
59,396,4.13326
59,397,8.0
59,398,3.06308
59,399,7.83266
59,400,1.15866
59,401,8.11397
59,402,5.99701
59,403,7.95464
59,404,9.0
59,405,3.89681
60,1,6.15658
60,2,0.943071
60,3,1.01584
60,4,5.16357
60,5,6.0
60,6,10.0
60,7,0.896737
60,8,-0.932449
60,9,8.82888
60,10,5.97684
60,11,9.16068
60,12,9.91645
60,13,1.0
60,14,8.83291
60,15,6.1457
60,16,8.90474
60,17,9.87104
60,18,4.99475
60,19,0.986763
60,20,6.02418
60,21,1.0
60,22,9.0
60,23,9.90003
60,24,9.9204
60,25,-0.828676
60,26,0.979391
60,27,-0.838311
60,28,0.0506436
60,29,6.0
60,30,1.13996
60,31,0.188997
60,32,0.0827544
60,33,-0.81107
60,34,9.84581
60,35,-0.825477
60,36,9.88747
60,37,6.1025
60,38,5.95876
60,39,6.0281
60,40,9.91305
60,41,6.0
60,42,-0.821165
60,43,0.0645548
60,44,-0.947844
60,45,5.9166
60,46,9.94871
60,47,10.0
60,48,1.10234
60,49,6.00891
60,50,9.89452
60,51,9.94848
60,52,9.83512
60,53,5.81776
60,54,10.0
60,55,-0.890968
60,56,5.87134
60,57,5.94678
60,58,0.0
60,59,0.0398026
60,60,6.18598
60,61,9.90878
60,62,6.17169
60,63,9.84126
60,64,0.135419
60,65,0.0758692
60,66,9.90076
60,67,9.8312
60,68,9.99124
60,69,9.95431
60,70,4.91802
60,71,-0.88337
60,72,0.154994
60,73,0.118302
60,74,9.9033
60,75,0.148883
60,76,5.84039
60,77,0.0
60,78,6.16978
60,79,9.88934
60,80,9.89609
60,81,8.83529
60,82,1.12299
60,83,0.0
60,84,5.93711
60,85,9.99367
60,86,10.0
60,87,6.18071
60,88,1.03348
60,89,9.93218
60,90,0.166445
60,91,0.0
60,92,6.14222
60,93,0.0605054
60,94,8.97952
60,95,9.96506
60,96,6.0
60,97,8.08595
60,98,0.0
60,99,9.89648
60,100,8.18337
60,101,6.09173
60,102,10.0
60,103,9.93032
60,104,9.92805
60,105,9.87781
60,106,5.05996
60,107,5.99762
60,108,8.06294
60,109,9.89003
60,110,9.94495
60,111,9.87492
60,112,8.08405
60,113,10.0
60,114,5.08433
60,115,8.01504
60,116,9.97966
60,117,9.8771
60,118,4.84377
60,119,5.9354
60,120,9.85406
60,121,0.0
60,122,0.0254921
60,123,0.00377899
60,124,-0.944738
60,125,10.0
60,126,6.13397
60,127,-0.908694
60,128,9.92226
60,129,8.8318
60,130,8.99882
60,131,7.8911
60,132,9.0
60,133,0.0
60,134,9.95093
60,135,7.9656
60,136,0.134426
60,137,0.0748723
60,138,0.0752898
60,139,8.0
60,140,5.9197
60,141,9.0
60,142,9.88763
60,143,5.99465
60,144,6.04923
60,145,6.02365
60,146,6.02153
60,147,9.13602
60,148,0.113926
60,149,0.139796
60,150,9.90957
60,151,9.92432
60,152,9.95719
60,153,9.94889
60,154,5.96341
60,155,9.812
60,156,9.95056
60,157,5.92063
60,158,5.0
60,159,4.81859
60,160,1.0
60,161,5.87353
60,162,9.9498
60,163,5.88853
60,164,6.08993
60,165,-0.931259
60,166,5.98874
60,167,-0.943583
60,168,5.93915
60,169,-1.0
60,170,-0.915961
60,171,-1.0
60,172,8.01282
60,173,-1.0
60,174,8.0
60,175,-1.0
60,176,-1.0
60,177,5.93262
60,178,9.93095
60,179,9.88446
60,180,-1.0
60,181,0.856278
60,182,5.89839
60,183,9.89405
60,184,-1.0
60,185,-1.0
60,186,-0.884197
60,187,-0.916841
60,188,7.9077
60,189,-0.864599
60,190,5.93317
60,191,-0.854911
60,192,-0.909934
60,193,5.88631
60,194,-0.917438
60,195,-1.0
60,196,-0.812176
60,197,1.13493
60,198,-1.0
60,199,-0.821974
60,200,8.18446
60,201,0.117996
60,202,9.83065
60,203,9.95319
60,204,0.0551813
60,205,5.91575
60,206,10.0
60,207,6.0
60,208,9.86423
60,209,9.93224
60,210,9.91511
60,211,0.0273305
60,212,-0.967612
60,213,1.0624
60,214,0.0498932
60,215,9.92653
60,216,-0.917735
60,217,8.81086
60,218,0.112864
60,219,0.129791
60,220,0.0912264
60,221,0.171163
60,222,0.101571
60,223,0.0619031
60,224,0.0854444
60,225,0.035393
60,226,9.84967
60,227,0.0899745
60,228,9.83703
60,229,9.84087
60,230,5.87024
60,231,9.94026
60,232,6.19831
60,233,0.0627786
60,234,0.113193
60,235,9.85952
60,236,9.95724
60,237,-0.954618
60,238,0.0623653
60,239,9.97684
60,240,5.91093
60,241,5.81238
60,242,5.95617
60,243,6.02553
60,244,6.0
60,245,9.04203
60,246,-1.0
60,247,-0.937723
60,248,6.0
60,249,9.99364
60,250,4.93713
60,251,5.04897
60,252,9.87118
60,253,8.0
60,254,8.97921
60,255,-0.915461
60,256,7.9146
60,257,-0.981598
60,258,5.84778
60,259,9.9741
60,260,-1.0
60,261,-1.0
60,262,-0.839473
60,263,5.80086
60,264,4.84469
60,265,5.06466
60,266,9.1414
60,267,10.0
60,268,0.195644
60,269,9.91892
60,270,-0.8117
60,271,7.9855
60,272,9.82834
60,273,-0.992087
60,274,8.00904
60,275,9.88892
60,276,5.87665
60,277,9.92051
60,278,6.16938
60,279,6.09928
60,280,-0.943893
60,281,6.13382
60,282,0.978814
60,283,9.8147
60,284,9.9099
60,285,5.02089
60,286,5.0965
60,287,0.182268
60,288,0.0849208
60,289,6.05455
60,290,9.94374
60,291,9.86015
60,292,0.0417829
60,293,9.91814
60,294,9.99707
60,295,9.98419
60,296,1.10413
60,297,5.80587
60,298,9.0
60,299,9.85765
60,300,0.194229
60,301,9.93241
60,302,5.01227
60,303,0.0714507
60,304,8.91903
60,305,9.90957
60,306,5.9839
60,307,5.83161
60,308,0.0563645
60,309,-0.979352
60,310,0.12778
60,311,6.16054
60,312,5.82
60,313,6.0
60,314,5.85823
60,315,0.0281568
60,316,-0.900696
60,317,9.91115
60,318,9.99286
60,319,9.88172
60,320,9.81031
60,321,9.86098
60,322,0.156672
60,323,0.17445
60,324,0.0653422
60,325,0.13397
60,326,9.84984
60,327,10.0
60,328,0.159579
60,329,0.104416
60,330,9.82612
60,331,10.0
60,332,8.00408
60,333,7.94779
60,334,5.0
60,335,10.0
60,336,6.16479
60,337,9.9146
60,338,9.8709
60,339,7.84234
60,340,0.177545
60,341,0.943713
60,342,0.144868
60,343,-1.0
60,344,-0.984468
60,345,9.81752
60,346,9.17976
60,347,0.160919
60,348,5.82804
60,349,9.82226
60,350,9.89699
60,351,0.0292476
60,352,9.99629
60,353,0.0626233
60,354,9.93709
60,355,-1.0
60,356,0.106262
60,357,-0.935883
60,358,9.96033
60,359,9.87573
60,360,-0.979289
60,361,9.0
60,362,1.05534
60,363,6.08632
60,364,0.025852
60,365,9.91321
60,366,8.10416
60,367,9.8737
60,368,6.00508
60,369,8.0
60,370,7.9574
60,371,9.87449
60,372,0.0615271
60,373,6.08466
60,374,0.0829797
60,375,5.87641
60,376,9.8052
60,377,0.0
60,378,-0.97877
60,379,8.15585
60,380,9.94093
60,381,8.90846
60,382,7.91696
60,383,0.0422148
60,384,10.0
60,385,-0.966661
60,386,-0.811272
60,387,6.07011
60,388,5.85726
60,389,5.98638
60,390,-0.947463
60,391,-0.91367
60,392,9.99858
60,393,-0.819585
60,394,0.0251231
60,395,0.0526535
60,396,-0.826181
60,397,10.0
60,398,-0.964996
60,399,-0.858454
60,400,6.1733
60,401,-0.933508
60,402,-0.908352
60,403,-0.974292
60,404,0.0
60,405,-0.820262
61,1,8.99384
61,2,9.15537
61,3,9.12381
61,4,6.82098
61,5,6.0
61,6,7.0
61,7,8.90956
61,8,6.06962
61,9,8.99138
61,10,6.15635
61,11,9.08194
61,12,3.15952
61,13,9.0
61,14,3.00602
61,15,5.88187
61,16,2.89243
61,17,3.16786
61,18,7.19551
61,19,7.89735
61,20,5.195
61,21,3.0
61,22,10.0
61,23,4.99009
61,24,4.84807
61,25,9.91822
61,26,7.98962
61,27,9.82433
61,28,4.08718
61,29,1.0
61,30,9.01191
61,31,8.03437
61,32,8.03478
61,33,3.99727
61,34,3.02855
61,35,9.94933
61,36,5.05251
61,37,6.18228
61,38,4.84829
61,39,4.87848
61,40,2.85286
61,41,6.0
61,42,5.1742
61,43,7.90961
61,44,3.90443
61,45,5.97101
61,46,3.13441
61,47,8.0
61,48,3.12223
61,49,9.07948
61,50,4.82864
61,51,2.80788
61,52,6.81241
61,53,6.09043
61,54,3.0
61,55,3.84655
61,56,4.102
61,57,4.13905
61,58,8.0
61,59,8.15564
61,60,4.15966
61,61,3.11456
61,62,5.85974
61,63,7.09325
61,64,8.12181
61,65,7.81632
61,66,7.01326
61,67,3.12806
61,68,5.16436
61,69,5.04804
61,70,9.80369
61,71,9.87061
61,72,8.00368
61,73,7.94534
61,74,2.90745
61,75,9.15374
61,76,5.92417
61,77,4.0
61,78,0.879389
61,79,3.02475
61,80,2.99403
61,81,6.84624
61,82,7.86056
61,83,10.0
61,84,5.15094
61,85,2.80126
61,86,5.0
61,87,9.12982
61,88,8.86518
61,89,4.89098
61,90,8.02748
61,91,8.0
61,92,6.06523
61,93,3.98198
61,94,8.98432
61,95,2.89999
61,96,9.0
61,97,9.10589
61,98,3.0
61,99,9.1671
61,100,8.90036
61,101,4.93924
61,102,10.0
61,103,9.99662
61,104,9.98578
61,105,9.8723
61,106,7.06017
61,107,4.87169
61,108,8.84005
61,109,2.8691
61,110,2.8218
61,111,2.88975
61,112,8.91124
61,113,5.0
61,114,7.10223
61,115,8.81537
61,116,2.90861
61,117,8.96949
61,118,6.80219
61,119,5.13354
61,120,2.85904
61,121,7.0
61,122,6.84803
61,123,6.91507
61,124,4.99692
61,125,3.0
61,126,4.95255
61,127,6.0265
61,128,3.15517
61,129,7.90284
61,130,8.16707
61,131,9.04927
61,132,9.0
61,133,4.0
61,134,3.08314
61,135,9.15411
61,136,4.13507
61,137,3.83591
61,138,3.93979
61,139,10.0
61,140,4.8584
61,141,3.0
61,142,3.0216
61,143,4.85892
61,144,5.09206
61,145,5.19298
61,146,4.8173
61,147,3.00112
61,148,3.17276
61,149,3.01415
61,150,2.84646
61,151,2.98057
61,152,3.05064
61,153,9.14046
61,154,5.1039
61,155,3.03769
61,156,2.82294
61,157,5.15397
61,158,7.0
61,159,7.11104
61,160,8.0
61,161,3.99205
61,162,3.13017
61,163,5.09658
61,164,5.13545
61,165,4.00029
61,166,4.85654
61,167,4.92295
61,168,5.12037
61,169,3.0
61,170,2.86744
61,171,0.0
61,172,9.18254
61,173,4.0
61,174,10.0
61,175,6.0
61,176,4.0
61,177,8.01934
61,178,7.10651
61,179,7.14703
61,180,8.0
61,181,3.12681
61,182,7.93681
61,183,6.96924
61,184,4.0
61,185,2.0
61,186,5.05232
61,187,5.10151
61,188,9.17869
61,189,7.8069
61,190,4.03868
61,191,4.84542
61,192,4.12366
61,193,7.9933
61,194,6.08475
61,195,8.0
61,196,8.1995
61,197,2.96914
61,198,5.0
61,199,5.03632
61,200,8.99722
61,201,6.85716
61,202,2.86658
61,203,2.99906
61,204,2.8097
61,205,5.09352
61,206,3.0
61,207,8.0
61,208,4.81001
61,209,2.82295
61,210,3.00973
61,211,3.19066
61,212,9.91542
61,213,7.9823
61,214,2.87508
61,215,9.04878
61,216,9.80078
61,217,9.03054
61,218,4.0451
61,219,3.91992
61,220,4.18335
61,221,4.10873
61,222,3.82074
61,223,4.10331
61,224,4.18305
61,225,4.05914
61,226,3.96956
61,227,2.87892
61,228,4.08048
61,229,4.15269
61,230,5.19472
61,231,4.06918
61,232,4.99149
61,233,2.81158
61,234,3.03141
61,235,3.10166
61,236,9.03554
61,237,4.97764
61,238,2.9888
61,239,2.99758
61,240,7.99778
61,241,8.11487
61,242,8.06537
61,243,8.00619
61,244,5.0
61,245,2.84552
61,246,10.0
61,247,4.88521
61,248,7.0
61,249,3.0551
61,250,6.86313
61,251,6.97218
61,252,5.14294
61,253,9.0
61,254,7.91105
61,255,3.89281
61,256,9.90041
61,257,3.87734
61,258,8.10869
61,259,7.0649
61,260,2.0
61,261,6.0
61,262,3.02118
61,263,5.17576
61,264,6.80729
61,265,7.1738
61,266,3.12837
61,267,4.0
61,268,3.01923
61,269,2.85927
61,270,5.86091
61,271,8.92193
61,272,2.83982
61,273,4.13976
61,274,9.05772
61,275,2.92407
61,276,3.9337
61,277,3.10016
61,278,5.11333
61,279,4.97306
61,280,4.06529
61,281,5.01335
61,282,3.02833
61,283,2.90007
61,284,3.14915
61,285,6.93177
61,286,7.06678
61,287,3.128
61,288,3.07139
61,289,4.97457
61,290,4.17807
61,291,3.166
61,292,2.96569
61,293,3.81045
61,294,8.9046
61,295,8.09122
61,296,2.86622
61,297,8.89515
61,298,8.0
61,299,5.04337
61,300,2.80905
61,301,8.86836
61,302,7.00002
61,303,3.04624
61,304,9.09048
61,305,9.17562
61,306,5.03299
61,307,4.90283
61,308,3.86085
61,309,4.01004
61,310,3.16285
61,311,5.12694
61,312,3.88458
61,313,4.0
61,314,4.10723
61,315,3.08743
61,316,4.8866
61,317,6.97137
61,318,3.11191
61,319,3.93105
61,320,3.8506
61,321,4.01869
61,322,2.85614
61,323,2.8455
61,324,3.09578
61,325,2.99799
61,326,4.05941
61,327,9.0
61,328,3.18335
61,329,3.13869
61,330,4.89259
61,331,5.0
61,332,9.01231
61,333,8.88485
61,334,10.0
61,335,3.0
61,336,8.95161
61,337,3.93139
61,338,2.86508
61,339,9.08645
61,340,2.98041
61,341,2.98169
61,342,2.82605
61,343,10.0
61,344,7.93137
61,345,4.15767
61,346,7.8438
61,347,3.0947
61,348,4.84568
61,349,3.07152
61,350,2.87797
61,351,3.06222
61,352,8.92572
61,353,8.82078
61,354,2.84076
61,355,5.0
61,356,2.92987
61,357,4.83456
61,358,3.11343
61,359,3.13939
61,360,4.80904
61,361,7.0
61,362,8.01778
61,363,4.93888
61,364,2.9388
61,365,8.85033
61,366,8.80041
61,367,2.87914
61,368,4.87302
61,369,9.0
61,370,9.18981
61,371,2.89936
61,372,3.16939
61,373,4.86638
61,374,2.83808
61,375,8.84315
61,376,5.01653
61,377,3.0
61,378,4.87238
61,379,8.9776
61,380,3.00808
61,381,8.97181
61,382,9.1606
61,383,2.84018
61,384,8.0
61,385,9.94989
61,386,4.12159
61,387,4.9625
61,388,7.91233
61,389,7.92379
61,390,9.95555
61,391,3.95447
61,392,7.878
61,393,4.82502
61,394,2.94901
61,395,8.87141
61,396,4.1315
61,397,5.0
61,398,6.11547
61,399,4.04981
61,400,8.10616
61,401,9.90999
61,402,1.91766
61,403,5.8793
61,404,9.0
61,405,7.95929
62,1,
62,2,
62,3,
62,4,
62,5,8.0
62,6,10.0
62,7,
62,8,
62,9,
62,10,
62,11,
62,12,
62,13,7.0
62,14,
62,15,
62,16,
62,17,
62,18,
62,19,
62,20,
62,21,5.0
62,22,6.0
62,23,
62,24,
62,25,
62,26,
62,27,
62,28,
62,29,5.0
62,30,
62,31,
62,32,
62,33,
62,34,
62,35,
62,36,
62,37,
62,38,
62,39,
62,40,
62,41,5.0
62,42,
62,43,
62,44,
62,45,
62,46,
62,47,8.0
62,48,
62,49,
62,50,
62,51,
62,52,
62,53,
62,54,7.0
62,55,
62,56,
62,57,
62,58,8.0
62,59,
62,60,
62,61,
62,62,
62,63,
62,64,
62,65,
62,66,
62,67,
62,68,
62,69,
62,70,
62,71,
62,72,
62,73,
62,74,
62,75,
62,76,
62,77,9.0
62,78,
62,79,
62,80,
62,81,
62,82,
62,83,8.0
62,84,
62,85,
62,86,10.0
62,87,
62,88,
62,89,
62,90,
62,91,5.0
62,92,
62,93,
62,94,
62,95,
62,96,8.0
62,97,
62,98,6.0
62,99,
62,100,
62,101,
62,102,10.0
62,103,
62,104,
62,105,
62,106,
62,107,
62,108,
62,109,
62,110,
62,111,
62,112,
62,113,10.0
62,114,
62,115,
62,116,
62,117,
62,118,
62,119,
62,120,
62,121,6.0
62,122,
62,123,
62,124,
62,125,9.0
62,126,
62,127,
62,128,
62,129,
62,130,
62,131,
62,132,7.0
62,133,8.0
62,134,
62,135,
62,136,
62,137,
62,138,
62,139,8.0
62,140,
62,141,9.0
62,142,
62,143,
62,144,
62,145,
62,146,
62,147,
62,148,
62,149,
62,150,
62,151,
62,152,
62,153,
62,154,
62,155,
62,156,
62,157,
62,158,8.0
62,159,
62,160,7.0
62,161,
62,162,
62,163,
62,164,
62,165,
62,166,
62,167,
62,168,
62,169,9.0
62,170,
62,171,3.0
62,172,
62,173,6.0
62,174,5.0
62,175,3.0
62,176,6.0
62,177,
62,178,
62,179,
62,180,7.0
62,181,
62,182,
62,183,
62,184,6.0
62,185,5.0
62,186,
62,187,
62,188,
62,189,
62,190,
62,191,
62,192,
62,193,
62,194,
62,195,7.0
62,196,
62,197,
62,198,5.0
62,199,
62,200,
62,201,
62,202,
62,203,
62,204,
62,205,
62,206,10.0
62,207,7.0
62,208,
62,209,
62,210,
62,211,
62,212,
62,213,
62,214,
62,215,
62,216,
62,217,
62,218,
62,219,
62,220,
62,221,
62,222,
62,223,
62,224,
62,225,
62,226,
62,227,
62,228,
62,229,
62,230,
62,231,
62,232,
62,233,
62,234,
62,235,
62,236,
62,237,
62,238,
62,239,
62,240,
62,241,
62,242,
62,243,
62,244,8.0
62,245,
62,246,5.0
62,247,
62,248,9.0
62,249,
62,250,
62,251,
62,252,
62,253,7.0
62,254,
62,255,
62,256,
62,257,
62,258,
62,259,
62,260,7.0
62,261,7.0
62,262,
62,263,
62,264,
62,265,
62,266,
62,267,9.0
62,268,
62,269,
62,270,
62,271,
62,272,
62,273,
62,274,
62,275,
62,276,
62,277,
62,278,
62,279,
62,280,
62,281,
62,282,
62,283,
62,284,
62,285,
62,286,
62,287,
62,288,
62,289,
62,290,
62,291,
62,292,
62,293,
62,294,
62,295,
62,296,
62,297,
62,298,9.0
62,299,
62,300,
62,301,
62,302,
62,303,
62,304,
62,305,
62,306,
62,307,
62,308,
62,309,
62,310,
62,311,
62,312,
62,313,8.0
62,314,
62,315,
62,316,
62,317,
62,318,
62,319,
62,320,
62,321,
62,322,
62,323,
62,324,
62,325,
62,326,
62,327,10.0
62,328,
62,329,
62,330,
62,331,10.0
62,332,
62,333,
62,334,8.0
62,335,10.0
62,336,
62,337,
62,338,
62,339,
62,340,
62,341,
62,342,
62,343,8.0
62,344,
62,345,
62,346,
62,347,
62,348,
62,349,
62,350,
62,351,
62,352,
62,353,
62,354,
62,355,8.0
62,356,
62,357,
62,358,
62,359,
62,360,
62,361,9.0
62,362,
62,363,
62,364,
62,365,
62,366,
62,367,
62,368,
62,369,7.0
62,370,
62,371,
62,372,
62,373,
62,374,
62,375,
62,376,
62,377,6.0
62,378,
62,379,
62,380,
62,381,
62,382,
62,383,
62,384,9.0
62,385,
62,386,
62,387,
62,388,
62,389,
62,390,
62,391,
62,392,
62,393,
62,394,
62,395,
62,396,
62,397,7.0
62,398,
62,399,
62,400,
62,401,
62,402,
62,403,
62,404,7.0
62,405,
63,1,7.87045
63,2,1.83182
63,3,2.12521
63,4,3.11693
63,5,4.0
63,6,8.0
63,7,1.94426
63,8,9.07641
63,9,9.13155
63,10,3.87366
63,11,8.87465
63,12,2.82228
63,13,2.0
63,14,8.11784
63,15,3.83077
63,16,8.03923
63,17,8.12239
63,18,3.09816
63,19,7.89784
63,20,5.08278
63,21,10.0
63,22,6.0
63,23,5.17487
63,24,6.95371
63,25,5.8107
63,26,7.90873
63,27,6.00419
63,28,3.11177
63,29,8.0
63,30,2.12828
63,31,7.86601
63,32,7.91029
63,33,6.11463
63,34,2.84516
63,35,3.99419
63,36,5.18838
63,37,4.03465
63,38,4.86884
63,39,4.87136
63,40,4.817
63,41,3.0
63,42,9.10433
63,43,3.16842
63,44,8.18267
63,45,3.94298
63,46,6.9053
63,47,5.0
63,48,9.9911
63,49,8.0167
63,50,4.86377
63,51,3.03506
63,52,7.90793
63,53,4.01399
63,54,5.0
63,55,8.08436
63,56,7.10469
63,57,7.18689
63,58,8.0
63,59,7.91541
63,60,6.9269
63,61,2.87729
63,62,3.85877
63,63,8.05764
63,64,7.93212
63,65,8.1476
63,66,7.97631
63,67,2.82246
63,68,4.98619
63,69,6.97517
63,70,3.09888
63,71,5.85339
63,72,7.83182
63,73,7.99987
63,74,2.93545
63,75,7.16042
63,76,2.84101
63,77,10.0
63,78,7.95063
63,79,8.00247
63,80,2.80845
63,81,8.02887
63,82,8.10892
63,83,5.0
63,84,5.15898
63,85,7.971
63,86,7.0
63,87,8.06774
63,88,1.98474
63,89,5.03713
63,90,3.19824
63,91,3.0
63,92,4.1136
63,93,9.8254
63,94,9.15207
63,95,2.90319
63,96,8.0
63,97,6.99204
63,98,5.0
63,99,9.13968
63,100,7.05392
63,101,5.02935
63,102,8.0
63,103,8.18506
63,104,7.81166
63,105,7.83987
63,106,3.11692
63,107,5.0972
63,108,6.81467
63,109,7.05728
63,110,7.08955
63,111,7.10045
63,112,9.16232
63,113,10.0
63,114,2.86504
63,115,8.83665
63,116,3.12878
63,117,9.10746
63,118,2.86588
63,119,5.05137
63,120,8.01819
63,121,3.0
63,122,3.04118
63,123,3.03336
63,124,9.05774
63,125,7.0
63,126,5.03405
63,127,9.16814
63,128,5.08947
63,129,9.80775
63,130,9.96002
63,131,8.87759
63,132,9.0
63,133,3.0
63,134,6.91621
63,135,9.02425
63,136,2.95373
63,137,3.13586
63,138,2.91113
63,139,7.0
63,140,5.07127
63,141,8.0
63,142,7.95951
63,143,4.91586
63,144,5.03547
63,145,4.8271
63,146,5.13826
63,147,8.05037
63,148,4.9471
63,149,5.06943
63,150,6.81492
63,151,7.02749
63,152,7.03127
63,153,8.86879
63,154,5.01714
63,155,8.11057
63,156,7.96731
63,157,5.171
63,158,3.0
63,159,2.80401
63,160,8.0
63,161,6.84547
63,162,7.10231
63,163,5.12972
63,164,4.83245
63,165,8.15569
63,166,4.94984
63,167,9.03317
63,168,4.88512
63,169,10.0
63,170,9.95834
63,171,5.0
63,172,7.11553
63,173,8.0
63,174,4.0
63,175,9.0
63,176,6.0
63,177,6.80657
63,178,8.14767
63,179,7.92396
63,180,4.0
63,181,9.93187
63,182,6.91252
63,183,8.13763
63,184,9.0
63,185,7.0
63,186,8.95668
63,187,9.11048
63,188,6.98461
63,189,5.87214
63,190,6.91729
63,191,9.88273
63,192,6.17142
63,193,7.12889
63,194,7.90087
63,195,6.0
63,196,5.92623
63,197,9.94153
63,198,9.0
63,199,8.94851
63,200,8.92252
63,201,2.88101
63,202,8.05987
63,203,2.91425
63,204,4.88651
63,205,5.04041
63,206,3.0
63,207,7.0
63,208,4.87456
63,209,7.90652
63,210,8.09932
63,211,3.80624
63,212,6.011
63,213,7.88083
63,214,4.1091
63,215,8.91416
63,216,6.02929
63,217,8.82906
63,218,3.01936
63,219,2.92582
63,220,3.1742
63,221,2.84619
63,222,2.85874
63,223,2.9145
63,224,3.07808
63,225,3.19577
63,226,4.97433
63,227,5.04281
63,228,5.00067
63,229,4.87269
63,230,4.97344
63,231,4.93882
63,232,5.0834
63,233,4.85745
63,234,4.02109
63,235,8.17964
63,236,9.00551
63,237,9.87189
63,238,5.0111
63,239,8.1903
63,240,6.82545
63,241,7.19358
63,242,6.89337
63,243,7.15025
63,244,5.0
63,245,8.02568
63,246,4.0
63,247,9.92235
63,248,8.0
63,249,7.17196
63,250,2.83385
63,251,2.96034
63,252,4.89266
63,253,9.0
63,254,9.93541
63,255,7.86919
63,256,3.87441
63,257,6.00441
63,258,6.81141
63,259,7.89486
63,260,4.0
63,261,8.0
63,262,9.97949
63,263,4.87287
63,264,2.85097
63,265,3.04598
63,266,8.13806
63,267,5.0
63,268,5.08293
63,269,3.01047
63,270,9.15325
63,271,6.94292
63,272,6.88137
63,273,6.10117
63,274,6.83186
63,275,6.84958
63,276,7.00638
63,277,7.87635
63,278,4.82403
63,279,5.164
63,280,8.11074
63,281,5.1346
63,282,9.89374
63,283,6.89377
63,284,7.10849
63,285,3.1691
63,286,2.88374
63,287,4.9207
63,288,5.19203
63,289,4.90243
63,290,5.07714
63,291,7.02403
63,292,5.11577
63,293,4.92334
63,294,9.12163
63,295,5.0657
63,296,9.92079
63,297,8.04007
63,298,10.0
63,299,4.99507
63,300,4.02979
63,301,8.85491
63,302,3.17226
63,303,3.83776
63,304,9.04507
63,305,8.92906
63,306,5.12243
63,307,5.07685
63,308,3.11113
63,309,7.91201
63,310,3.81895
63,311,4.9986
63,312,7.00255
63,313,7.0
63,314,7.15662
63,315,4.952
63,316,9.94073
63,317,8.17187
63,318,7.04496
63,319,4.8845
63,320,5.04774
63,321,5.15437
63,322,4.80931
63,323,5.02993
63,324,4.81335
63,325,5.13776
63,326,4.98566
63,327,9.0
63,328,4.061
63,329,3.82389
63,330,5.06929
63,331,5.0
63,332,9.12334
63,333,8.93895
63,334,3.0
63,335,8.0
63,336,8.14521
63,337,5.10418
63,338,7.05344
63,339,8.87095
63,340,5.1739
63,341,9.93333
63,342,4.08576
63,343,6.0
63,344,3.87798
63,345,5.00786
63,346,9.81854
63,347,4.80556
63,348,5.16713
63,349,8.13909
63,350,7.13826
63,351,5.18061
63,352,8.98554
63,353,6.97308
63,354,7.11641
63,355,10.0
63,356,4.94834
63,357,8.8575
63,358,2.81571
63,359,2.84584
63,360,9.81383
63,361,8.0
63,362,7.96823
63,363,4.9076
63,364,4.89314
63,365,9.08461
63,366,9.02462
63,367,8.0935
63,368,5.0692
63,369,7.0
63,370,7.10281
63,371,7.99813
63,372,3.85556
63,373,5.19142
63,374,4.04315
63,375,8.05044
63,376,5.07739
63,377,4.0
63,378,8.82351
63,379,8.91837
63,380,7.13265
63,381,9.17797
63,382,8.89197
63,383,4.00318
63,384,6.0
63,385,5.81422
63,386,6.12143
63,387,5.02045
63,388,6.95722
63,389,6.92426
63,390,4.10233
63,391,8.93884
63,392,6.10727
63,393,9.85086
63,394,3.90004
63,395,6.96957
63,396,8.08232
63,397,5.0
63,398,8.88781
63,399,6.0141
63,400,7.1489
63,401,3.96724
63,402,6.82704
63,403,8.01409
63,404,7.0
63,405,5.9989
64,1,4.94818
64,2,8.92322
64,3,8.94052
64,4,6.10686
64,5,8.0
64,6,9.0
64,7,9.02317
64,8,7.05268
64,9,8.82844
64,10,7.95981
64,11,9.0488
64,12,8.9309
64,13,9.0
64,14,6.89498
64,15,8.07614
64,16,6.86217
64,17,-0.924247
64,18,5.93506
64,19,-0.946436
64,20,-0.874607
64,21,7.0
64,22,10.0
64,23,8.88695
64,24,8.80432
64,25,7.14237
64,26,-0.939962
64,27,7.19296
64,28,7.168
64,29,-1.0
64,30,9.122
64,31,5.98684
64,32,6.17034
64,33,5.89372
64,34,8.96293
64,35,3.05056
64,36,9.16316
64,37,8.08171
64,38,-0.869831
64,39,-0.853034
64,40,9.17632
64,41,8.0
64,42,8.08169
64,43,5.80399
64,44,7.89905
64,45,8.02232
64,46,-0.97624
64,47,8.0
64,48,7.04501
64,49,4.97541
64,50,8.9364
64,51,9.04887
64,52,9.09968
64,53,8.04591
64,54,9.0
64,55,7.92266
64,56,7.99516
64,57,7.94952
64,58,6.0
64,59,6.10975
64,60,8.18757
64,61,9.17237
64,62,8.12309
64,63,9.09702
64,64,5.80164
64,65,5.99715
64,66,9.13591
64,67,9.02932
64,68,8.90614
64,69,9.16628
64,70,7.12599
64,71,7.00435
64,72,5.96607
64,73,5.87225
64,74,8.95142
64,75,5.91973
64,76,8.1733
64,77,6.0
64,78,-0.921848
64,79,-0.874343
64,80,8.99611
64,81,6.98023
64,82,-0.983655
64,83,10.0
64,84,-0.862933
64,85,-0.977073
64,86,9.0
64,87,4.93775
64,88,8.88964
64,89,8.94388
64,90,6.0178
64,91,6.0
64,92,8.07285
64,93,5.81929
64,94,8.83814
64,95,8.98836
64,96,5.0
64,97,6.99683
64,98,0.0
64,99,7.82672
64,100,6.96654
64,101,-0.94146
64,102,10.0
64,103,9.87899
64,104,9.97213
64,105,9.98837
64,106,5.86122
64,107,-0.840461
64,108,7.09303
64,109,-0.833093
64,110,-0.968738
64,111,-0.996269
64,112,7.17241
64,113,8.0
64,114,5.81044
64,115,7.01826
64,116,8.85295
64,117,8.18808
64,118,5.93172
64,119,-0.995648
64,120,-0.848155
64,121,8.0
64,122,8.18631
64,123,8.09145
64,124,8.19932
64,125,-1.0
64,126,-0.819227
64,127,7.11615
64,128,9.0298
64,129,8.94711
64,130,8.85468
64,131,6.90447
64,132,9.0
64,133,7.0
64,134,-0.819855
64,135,7.10866
64,136,6.91188
64,137,7.09453
64,138,6.96572
64,139,8.0
64,140,-0.903875
64,141,7.0
64,142,-0.974582
64,143,-0.839173
64,144,-0.805002
64,145,-0.89256
64,146,-0.971659
64,147,6.94336
64,148,0.00943794
64,149,0.0789477
64,150,-0.899287
64,151,-0.959001
64,152,-0.932645
64,153,8.13595
64,154,-0.822956
64,155,-0.933176
64,156,-0.856375
64,157,-0.891415
64,158,6.0
64,159,5.92727
64,160,-1.0
64,161,7.83665
64,162,-0.985209
64,163,-0.921262
64,164,-0.936833
64,165,7.86787
64,166,-0.84811
64,167,7.98889
64,168,-0.999396
64,169,-1.0
64,170,-0.993178
64,171,7.0
64,172,6.80466
64,173,8.0
64,174,5.0
64,175,7.0
64,176,6.0
64,177,8.87288
64,178,9.02883
64,179,8.95196
64,180,8.0
64,181,6.97406
64,182,9.17236
64,183,9.18886
64,184,7.0
64,185,10.0
64,186,8.06151
64,187,8.08321
64,188,6.85027
64,189,9.94866
64,190,8.05078
64,191,9.17552
64,192,6.12197
64,193,8.83972
64,194,-0.973258
64,195,10.0
64,196,9.85421
64,197,7.15548
64,198,8.0
64,199,8.03261
64,200,7.02458
64,201,8.1213
64,202,-0.913264
64,203,9.19517
64,204,0.131592
64,205,-0.903975
64,206,9.0
64,207,9.0
64,208,8.99717
64,209,-0.992888
64,210,-0.945638
64,211,6.18092
64,212,7.00498
64,213,-0.840347
64,214,6.07668
64,215,8.06942
64,216,6.92619
64,217,9.19766
64,218,7.17806
64,219,7.14304
64,220,6.95353
64,221,7.14273
64,222,6.85207
64,223,6.94152
64,224,7.01722
64,225,6.90891
64,226,-0.846134
64,227,0.16888
64,228,-0.888177
64,229,-0.844849
64,230,-0.846291
64,231,-0.966296
64,232,-0.923193
64,233,0.126129
64,234,6.07705
64,235,-0.882363
64,236,8.14633
64,237,9.05983
64,238,0.110516
64,239,-0.915829
64,240,8.96067
64,241,8.84542
64,242,8.94452
64,243,8.85544
64,244,-1.0
64,245,6.86367
64,246,3.0
64,247,9.17462
64,248,8.0
64,249,-0.934634
64,250,5.91173
64,251,6.15706
64,252,9.05518
64,253,7.0
64,254,9.00631
64,255,7.93665
64,256,4.95293
64,257,5.86517
64,258,8.83999
64,259,9.01458
64,260,-1.0
64,261,-1.0
64,262,-0.925757
64,263,-0.850013
64,264,5.923
64,265,5.82545
64,266,7.12717
64,267,-1.0
64,268,0.0511311
64,269,9.05816
64,270,7.12193
64,271,6.84442
64,272,-0.876191
64,273,6.09138
64,274,6.90207
64,275,-0.867238
64,276,8.13328
64,277,-0.943772
64,278,-0.826677
64,279,-0.805777
64,280,8.13504
64,281,-0.962764
64,282,6.93527
64,283,-0.847554
64,284,-0.911746
64,285,5.91971
64,286,6.13926
64,287,0.0906703
64,288,0.0816715
64,289,-0.834179
64,290,-0.813956
64,291,-0.827995
64,292,0.0352515
64,293,-0.987939
64,294,7.82337
64,295,8.17396
64,296,7.0097
64,297,4.88936
64,298,9.0
64,299,8.8551
64,300,5.84742
64,301,8.03667
64,302,6.03981
64,303,6.16532
64,304,9.1325
64,305,8.08676
64,306,-0.880423
64,307,-0.890705
64,308,6.86009
64,309,8.14678
64,310,6.06907
64,311,-0.863591
64,312,7.96215
64,313,8.0
64,314,7.8813
64,315,0.198373
64,316,8.83115
64,317,8.98474
64,318,-0.808083
64,319,-0.817684
64,320,-0.873153
64,321,-0.842977
64,322,0.176153
64,323,0.136102
64,324,0.0651618
64,325,0.131968
64,326,-0.824894
64,327,8.0
64,328,5.82203
64,329,6.02917
64,330,9.00171
64,331,9.0
64,332,6.92495
64,333,6.88946
64,334,7.0
64,335,-1.0
64,336,5.17966
64,337,-0.854104
64,338,-0.865238
64,339,6.88371
64,340,0.000851698
64,341,7.04358
64,342,6.10745
64,343,7.0
64,344,8.12319
64,345,-0.823142
64,346,9.12874
64,347,0.177869
64,348,-0.961082
64,349,-0.903049
64,350,-0.921165
64,351,0.145067
64,352,8.11796
64,353,5.89508
64,354,-0.955039
64,355,9.0
64,356,0.163079
64,357,7.8854
64,358,8.85753
64,359,9.1823
64,360,9.11824
64,361,7.0
64,362,-0.807831
64,363,-0.937868
64,364,0.187644
64,365,8.1058
64,366,7.18614
64,367,-0.856696
64,368,-0.953801
64,369,7.0
64,370,6.98663
64,371,-0.852797
64,372,6.08664
64,373,-0.904333
64,374,5.96419
64,375,5.17504
64,376,8.95852
64,377,6.0
64,378,7.80859
64,379,7.09537
64,380,-0.895038
64,381,8.91866
64,382,7.14954
64,383,6.15404
64,384,-1.0
64,385,6.87701
64,386,6.1899
64,387,-0.975981
64,388,8.85544
64,389,9.0592
64,390,2.93756
64,391,6.90751
64,392,-0.905048
64,393,9.08092
64,394,5.97157
64,395,5.98826
64,396,8.02179
64,397,5.0
64,398,6.86927
64,399,6.04764
64,400,8.94452
64,401,2.96905
64,402,9.86571
64,403,-0.874105
64,404,6.0
64,405,9.90668
65,1,
65,2,
65,3,
65,4,
65,5,
65,6,10.0
65,7,
65,8,
65,9,
65,10,
65,11,
65,12,
65,13,10.0
65,14,
65,15,
65,16,
65,17,
65,18,
65,19,
65,20,
65,21,10.0
65,22,10.0
65,23,
65,24,
65,25,
65,26,
65,27,
65,28,
65,29,5.0
65,30,
65,31,
65,32,
65,33,
65,34,
65,35,
65,36,
65,37,
65,38,
65,39,
65,40,
65,41,10.0
65,42,
65,43,
65,44,
65,45,
65,46,
65,47,10.0
65,48,
65,49,
65,50,
65,51,
65,52,
65,53,
65,54,5.0
65,55,
65,56,
65,57,
65,58,6.0
65,59,
65,60,
65,61,
65,62,
65,63,
65,64,
65,65,
65,66,
65,67,
65,68,
65,69,
65,70,
65,71,
65,72,
65,73,
65,74,
65,75,
65,76,
65,77,10.0
65,78,
65,79,
65,80,
65,81,
65,82,
65,83,10.0
65,84,
65,85,
65,86,9.0
65,87,
65,88,
65,89,
65,90,
65,91,10.0
65,92,
65,93,
65,94,
65,95,
65,96,10.0
65,97,
65,98,10.0
65,99,
65,100,
65,101,
65,102,10.0
65,103,
65,104,
65,105,
65,106,
65,107,
65,108,
65,109,
65,110,
65,111,
65,112,
65,113,9.0
65,114,
65,115,
65,116,
65,117,
65,118,
65,119,
65,120,
65,121,6.0
65,122,
65,123,
65,124,
65,125,6.0
65,126,
65,127,
65,128,
65,129,
65,130,
65,131,
65,132,8.0
65,133,9.0
65,134,
65,135,
65,136,
65,137,
65,138,
65,139,7.0
65,140,
65,141,7.0
65,142,
65,143,
65,144,
65,145,
65,146,
65,147,
65,148,
65,149,
65,150,
65,151,
65,152,
65,153,
65,154,
65,155,
65,156,
65,157,
65,158,7.0
65,159,
65,160,8.0
65,161,
65,162,
65,163,
65,164,
65,165,
65,166,
65,167,
65,168,
65,169,8.0
65,170,
65,171,8.0
65,172,
65,173,8.0
65,174,10.0
65,175,9.0
65,176,10.0
65,177,
65,178,
65,179,
65,180,7.0
65,181,
65,182,
65,183,
65,184,9.0
65,185,10.0
65,186,
65,187,
65,188,
65,189,
65,190,
65,191,
65,192,
65,193,
65,194,
65,195,10.0
65,196,
65,197,
65,198,10.0
65,199,
65,200,
65,201,
65,202,
65,203,
65,204,
65,205,
65,206,10.0
65,207,10.0
65,208,
65,209,
65,210,
65,211,
65,212,
65,213,
65,214,
65,215,
65,216,
65,217,
65,218,
65,219,
65,220,
65,221,
65,222,
65,223,
65,224,
65,225,
65,226,
65,227,
65,228,
65,229,
65,230,
65,231,
65,232,
65,233,
65,234,
65,235,
65,236,
65,237,
65,238,
65,239,
65,240,
65,241,
65,242,
65,243,
65,244,10.0
65,245,
65,246,10.0
65,247,
65,248,6.0
65,249,
65,250,
65,251,
65,252,
65,253,10.0
65,254,
65,255,
65,256,
65,257,
65,258,
65,259,
65,260,10.0
65,261,8.0
65,262,
65,263,
65,264,
65,265,
65,266,
65,267,10.0
65,268,
65,269,
65,270,
65,271,
65,272,
65,273,
65,274,
65,275,
65,276,
65,277,
65,278,
65,279,
65,280,
65,281,
65,282,
65,283,
65,284,
65,285,
65,286,
65,287,
65,288,
65,289,
65,290,
65,291,
65,292,
65,293,
65,294,
65,295,
65,296,
65,297,
65,298,10.0
65,299,
65,300,
65,301,
65,302,
65,303,
65,304,
65,305,
65,306,
65,307,
65,308,
65,309,
65,310,
65,311,
65,312,
65,313,10.0
65,314,
65,315,
65,316,
65,317,
65,318,
65,319,
65,320,
65,321,
65,322,
65,323,
65,324,
65,325,
65,326,
65,327,10.0
65,328,
65,329,
65,330,
65,331,10.0
65,332,
65,333,
65,334,10.0
65,335,10.0
65,336,
65,337,
65,338,
65,339,
65,340,
65,341,
65,342,
65,343,9.0
65,344,
65,345,
65,346,
65,347,
65,348,
65,349,
65,350,
65,351,
65,352,
65,353,
65,354,
65,355,10.0
65,356,
65,357,
65,358,
65,359,
65,360,
65,361,10.0
65,362,
65,363,
65,364,
65,365,
65,366,
65,367,
65,368,
65,369,5.0
65,370,
65,371,
65,372,
65,373,
65,374,
65,375,
65,376,
65,377,10.0
65,378,
65,379,
65,380,
65,381,
65,382,
65,383,
65,384,10.0
65,385,
65,386,
65,387,
65,388,
65,389,
65,390,
65,391,
65,392,
65,393,
65,394,
65,395,
65,396,
65,397,10.0
65,398,
65,399,
65,400,
65,401,
65,402,
65,403,
65,404,10.0
65,405,
66,1,
66,2,
66,3,
66,4,
66,5,
66,6,
66,7,
66,8,
66,9,
66,10,
66,11,
66,12,
66,13,
66,14,
66,15,
66,16,
66,17,
66,18,
66,19,
66,20,
66,21,
66,22,
66,23,
66,24,
66,25,
66,26,
66,27,
66,28,
66,29,
66,30,
66,31,
66,32,
66,33,
66,34,
66,35,
66,36,
66,37,
66,38,
66,39,
66,40,
66,41,
66,42,
66,43,
66,44,
66,45,
66,46,
66,47,
66,48,
66,49,
66,50,
66,51,
66,52,
66,53,
66,54,
66,55,
66,56,
66,57,
66,58,
66,59,
66,60,
66,61,
66,62,
66,63,
66,64,
66,65,
66,66,
66,67,
66,68,
66,69,
66,70,
66,71,
66,72,
66,73,
66,74,
66,75,
66,76,
66,77,
66,78,
66,79,
66,80,
66,81,
66,82,
66,83,
66,84,
66,85,
66,86,
66,87,
66,88,
66,89,
66,90,
66,91,
66,92,
66,93,
66,94,
66,95,
66,96,
66,97,
66,98,
66,99,
66,100,
66,101,
66,102,
66,103,
66,104,
66,105,
66,106,
66,107,
66,108,
66,109,
66,110,
66,111,
66,112,
66,113,
66,114,
66,115,
66,116,
66,117,
66,118,
66,119,
66,120,
66,121,
66,122,
66,123,
66,124,
66,125,
66,126,
66,127,
66,128,
66,129,
66,130,
66,131,
66,132,
66,133,
66,134,
66,135,
66,136,
66,137,
66,138,
66,139,
66,140,
66,141,
66,142,
66,143,
66,144,
66,145,
66,146,
66,147,
66,148,
66,149,
66,150,
66,151,
66,152,
66,153,
66,154,
66,155,
66,156,
66,157,
66,158,
66,159,
66,160,
66,161,
66,162,
66,163,
66,164,
66,165,
66,166,
66,167,
66,168,
66,169,
66,170,
66,171,
66,172,
66,173,
66,174,
66,175,
66,176,
66,177,
66,178,
66,179,
66,180,
66,181,
66,182,
66,183,
66,184,
66,185,
66,186,
66,187,
66,188,
66,189,
66,190,
66,191,
66,192,
66,193,
66,194,
66,195,
66,196,
66,197,
66,198,
66,199,
66,200,
66,201,
66,202,
66,203,
66,204,
66,205,
66,206,
66,207,
66,208,
66,209,
66,210,
66,211,
66,212,
66,213,
66,214,
66,215,
66,216,
66,217,
66,218,
66,219,
66,220,
66,221,
66,222,
66,223,
66,224,
66,225,
66,226,
66,227,
66,228,
66,229,
66,230,
66,231,
66,232,
66,233,
66,234,
66,235,
66,236,
66,237,
66,238,
66,239,
66,240,
66,241,
66,242,
66,243,
66,244,
66,245,
66,246,
66,247,
66,248,
66,249,
66,250,
66,251,
66,252,
66,253,
66,254,
66,255,
66,256,
66,257,
66,258,
66,259,
66,260,
66,261,
66,262,
66,263,
66,264,
66,265,
66,266,
66,267,
66,268,
66,269,
66,270,
66,271,
66,272,
66,273,
66,274,
66,275,
66,276,
66,277,
66,278,
66,279,
66,280,
66,281,
66,282,
66,283,
66,284,
66,285,
66,286,
66,287,
66,288,
66,289,
66,290,
66,291,
66,292,
66,293,
66,294,
66,295,
66,296,
66,297,
66,298,
66,299,
66,300,
66,301,
66,302,
66,303,
66,304,
66,305,
66,306,
66,307,
66,308,
66,309,
66,310,
66,311,
66,312,
66,313,
66,314,
66,315,
66,316,
66,317,
66,318,
66,319,
66,320,
66,321,
66,322,
66,323,
66,324,
66,325,
66,326,
66,327,
66,328,
66,329,
66,330,
66,331,
66,332,
66,333,
66,334,
66,335,
66,336,
66,337,
66,338,
66,339,
66,340,
66,341,
66,342,
66,343,
66,344,
66,345,
66,346,
66,347,
66,348,
66,349,
66,350,
66,351,
66,352,
66,353,
66,354,
66,355,
66,356,
66,357,
66,358,
66,359,
66,360,
66,361,
66,362,
66,363,
66,364,
66,365,
66,366,
66,367,
66,368,
66,369,
66,370,
66,371,
66,372,
66,373,
66,374,
66,375,
66,376,
66,377,
66,378,
66,379,
66,380,
66,381,
66,382,
66,383,
66,384,
66,385,
66,386,
66,387,
66,388,
66,389,
66,390,
66,391,
66,392,
66,393,
66,394,
66,395,
66,396,
66,397,
66,398,
66,399,
66,400,
66,401,
66,402,
66,403,
66,404,
66,405,
67,1,5.12461
67,2,8.86167
67,3,9.03305
67,4,2.0294
67,5,8.0
67,6,9.0
67,7,9.03939
67,8,8.16805
67,9,8.02762
67,10,8.1372
67,11,7.81591
67,12,3.09048
67,13,9.0
67,14,4.87387
67,15,8.13323
67,16,4.95598
67,17,4.92084
67,18,1.83028
67,19,0.862745
67,20,5.98941
67,21,8.0
67,22,8.0
67,23,5.95994
67,24,4.03105
67,25,9.82998
67,26,1.17905
67,27,9.94023
67,28,5.89207
67,29,7.0
67,30,9.12177
67,31,5.98031
67,32,5.80867
67,33,6.13024
67,34,3.10008
67,35,9.02767
67,36,5.89475
67,37,8.13682
67,38,6.10578
67,39,6.05749
67,40,6.12085
67,41,6.0
67,42,5.95062
67,43,8.90727
67,44,5.06154
67,45,8.02148
67,46,9.97133
67,47,9.0
67,48,7.80386
67,49,5.09915
67,50,6.10012
67,51,3.14398
67,52,9.07323
67,53,8.13367
67,54,6.0
67,55,4.97938
67,56,9.88293
67,57,9.9313
67,58,6.0
67,59,5.89501
67,60,9.87671
67,61,3.12118
67,62,7.87777
67,63,8.92486
67,64,5.91153
67,65,5.84987
67,66,8.9542
67,67,3.00597
67,68,5.92223
67,69,3.84928
67,70,9.86167
67,71,9.82473
67,72,6.0643
67,73,6.07359
67,74,2.86648
67,75,5.05264
67,76,5.92564
67,77,9.0
67,78,6.81643
67,79,4.8487
67,80,3.1422
67,81,6.15275
67,82,0.928101
67,83,5.0
67,84,6.00771
67,85,4.91146
67,86,4.0
67,87,5.18322
67,88,8.99683
67,89,6.0173
67,90,8.94134
67,91,9.0
67,92,8.01078
67,93,9.15036
67,94,7.81203
67,95,3.05938
67,96,5.0
67,97,9.9919
67,98,2.0
67,99,2.11303
67,100,9.80862
67,101,5.97361
67,102,7.0
67,103,7.17901
67,104,7.13707
67,105,7.0822
67,106,2.13502
67,107,5.80882
67,108,9.89195
67,109,9.87891
67,110,9.90583
67,111,9.92938
67,112,5.14438
67,113,5.0
67,114,2.00457
67,115,5.04578
67,116,2.91209
67,117,2.17253
67,118,1.94764
67,119,6.15681
67,120,5.0002
67,121,8.0
67,122,7.96122
67,123,8.19652
67,124,6.02271
67,125,10.0
67,126,6.09759
67,127,7.90114
67,128,5.92838
67,129,5.18317
67,130,4.94082
67,131,5.06102
67,132,8.0
67,133,6.0
67,134,9.9774
67,135,5.19655
67,136,6.17298
67,137,5.81435
67,138,6.16275
67,139,9.0
67,140,6.12237
67,141,5.0
67,142,5.01443
67,143,5.99515
67,144,5.94711
67,145,6.05883
67,146,5.83608
67,147,4.87736
67,148,2.18526
67,149,2.07523
67,150,9.86156
67,151,9.84203
67,152,9.82366
67,153,2.03422
67,154,5.84679
67,155,4.84371
67,156,4.9845
67,157,5.80554
67,158,2.0
67,159,1.99004
67,160,1.0
67,161,9.83464
67,162,9.85218
67,163,6.07963
67,164,5.8274
67,165,4.82573
67,166,6.07286
67,167,6.16032
67,168,6.06931
67,169,6.0
67,170,5.89296
67,171,6.0
67,172,9.97322
67,173,5.0
67,174,10.0
67,175,8.0
67,176,6.0
67,177,6.99158
67,178,9.09919
67,179,8.88895
67,180,8.0
67,181,8.1096
67,182,6.93818
67,183,9.16572
67,184,5.0
67,185,10.0
67,186,5.8792
67,187,5.95206
67,188,9.86149
67,189,7.17549
67,190,9.98317
67,191,4.15725
67,192,5.95922
67,193,6.93202
67,194,7.09554
67,195,7.0
67,196,6.81167
67,197,8.13653
67,198,6.0
67,199,5.83154
67,200,4.85595
67,201,8.03069
67,202,4.90943
67,203,2.94889
67,204,1.99182
67,205,6.02189
67,206,3.0
67,207,7.0
67,208,5.98172
67,209,5.10178
67,210,5.13356
67,211,6.14372
67,212,9.94912
67,213,0.98473
67,214,6.19334
67,215,2.08462
67,216,9.84209
67,217,7.96136
67,218,5.85037
67,219,5.8609
67,220,6.06916
67,221,6.15135
67,222,5.80266
67,223,5.89124
67,224,6.15297
67,225,5.80893
67,226,7.07064
67,227,1.89707
67,228,7.05355
67,229,7.02498
67,230,6.1769
67,231,6.91112
67,232,5.99343
67,233,2.12772
67,234,5.95417
67,235,5.19358
67,236,1.84923
67,237,3.99584
67,238,1.90963
67,239,4.99293
67,240,7.13278
67,241,6.95793
67,242,6.99689
67,243,6.85796
67,244,6.0
67,245,4.91777
67,246,9.0
67,247,3.89949
67,248,8.0
67,249,9.98736
67,250,1.91198
67,251,1.80384
67,252,6.12504
67,253,5.0
67,254,5.16784
67,255,5.19124
67,256,9.91065
67,257,5.89231
67,258,6.89719
67,259,8.97243
67,260,9.0
67,261,7.0
67,262,5.95781
67,263,6.10576
67,264,1.81763
67,265,2.19698
67,266,4.88396
67,267,6.0632
67,268,2.08504
67,269,3.09232
67,270,8.10918
67,271,9.85264
67,272,9.85793
67,273,6.04795
67,274,9.9158
67,275,9.84574
67,276,9.89243
67,277,4.93854
67,278,6.14444
67,279,5.95425
67,280,4.88647
67,281,5.84676
67,282,7.81304
67,283,9.91473
67,284,9.89799
67,285,2.1307
67,286,1.80819
67,287,2.09988
67,288,2.0698
67,289,5.95819
67,290,7.03855
67,291,9.81488
67,292,2.14821
67,293,5.93801
67,294,1.80286
67,295,9.05463
67,296,7.81985
67,297,4.94244
67,298,5.0
67,299,5.95455
67,300,5.83338
67,301,1.88657
67,302,1.88596
67,303,5.9564
67,304,8.02345
67,305,2.0981
67,306,5.98849
67,307,6.1146
67,308,5.88143
67,309,5.03609
67,310,5.98174
67,311,5.97888
67,312,9.99232
67,313,10.0
67,314,9.8082
67,315,1.89871
67,316,4.05878
67,317,8.94157
67,318,9.96073
67,319,9.99025
67,320,6.14362
67,321,5.88841
67,322,2.00994
67,323,1.83958
67,324,2.10856
67,325,1.9634
67,326,5.86176
67,327,2.0
67,328,5.90791
67,329,6.18448
67,330,5.87919
67,331,6.0
67,332,4.95782
67,333,4.98221
67,334,10.0
67,335,5.0
67,336,5.17859
67,337,6.86957
67,338,9.94897
67,339,4.80697
67,340,1.8884
67,341,8.06715
67,342,6.01964
67,343,10.0
67,344,7.87274
67,345,6.01793
67,346,5.1693
67,347,1.80466
67,348,5.86795
67,349,5.01062
67,350,9.80239
67,351,1.92317
67,352,1.814
67,353,5.19866
67,354,9.91387
67,355,4.0
67,356,1.87122
67,357,6.02613
67,358,2.96344
67,359,3.17429
67,360,4.19428
67,361,6.0
67,362,0.811396
67,363,5.81529
67,364,2.15588
67,365,2.04779
67,366,5.05995
67,367,5.02169
67,368,6.17953
67,369,10.0
67,370,9.94282
67,371,5.17169
67,372,5.85656
67,373,5.86061
67,374,6.07261
67,375,5.14796
67,376,6.15873
67,377,6.0
67,378,6.13372
67,379,5.15915
67,380,9.88793
67,381,8.04498
67,382,4.98809
67,383,5.83505
67,384,5.0
67,385,9.99675
67,386,5.99354
67,387,5.94313
67,388,6.82006
67,389,7.00044
67,390,9.17898
67,391,4.9542
67,392,4.94011
67,393,3.87446
67,394,6.09804
67,395,8.12327
67,396,5.14953
67,397,9.0
67,398,7.84464
67,399,6.09998
67,400,6.96053
67,401,8.95874
67,402,9.8204
67,403,6.81815
67,404,5.80458
67,405,7.06894
68,1,9.1685
68,2,8.99085
68,3,8.94235
68,4,9.90907
68,5,6.0
68,6,7.0
68,7,9.09411
68,8,2.97905
68,9,7.8411
68,10,6.08678
68,11,8.15541
68,12,9.09371
68,13,9.0
68,14,6.90413
68,15,5.87709
68,16,7.10146
68,17,7.86843
68,18,9.99723
68,19,5.95006
68,20,9.00978
68,21,5.0
68,22,7.88076
68,23,7.09566
68,24,5.81622
68,25,9.9062
68,26,6.0262
68,27,9.83462
68,28,4.07943
68,29,9.0
68,30,8.86257
68,31,5.91923
68,32,6.15805
68,33,4.88773
68,34,5.18267
68,35,5.0561
68,36,6.92247
68,37,5.85784
68,38,9.0076
68,39,8.82087
68,40,9.17222
68,41,10.0
68,42,7.99675
68,43,7.89621
68,44,7.81099
68,45,5.88146
68,46,7.01393
68,47,7.0
68,48,4.99362
68,49,8.93087
68,50,6.8399
68,51,7.8691
68,52,6.97303
68,53,5.81277
68,54,9.0
68,55,8.10054
68,56,6.89009
68,57,7.15891
68,58,6.0
68,59,5.84358
68,60,7.19788
68,61,9.15213
68,62,5.929
68,63,7.06932
68,64,5.87905
68,65,6.04656
68,66,6.8384
68,67,6.89641
68,68,6.85093
68,69,6.05431
68,70,4.86063
68,71,9.98145
68,72,5.84309
68,73,5.8504
68,74,5.15528
68,75,7.16287
68,76,9.97579
68,77,8.0
68,78,9.06357
68,79,7.89585
68,80,8.978
68,81,7.83219
68,82,6.19539
68,83,4.0
68,84,9.13212
68,85,8.14301
68,86,6.0
68,87,8.82674
68,88,8.90931
68,89,7.14969
68,90,7.85755
68,91,8.0
68,92,6.09855
68,93,7.83291
68,94,8.04392
68,95,8.86811
68,96,9.0
68,97,3.99822
68,98,10.0
68,99,6.04051
68,100,3.84237
68,101,8.80624
68,102,5.0
68,103,4.8061
68,104,4.95956
68,105,4.80922
68,106,9.89172
68,107,8.91734
68,108,3.90848
68,109,6.95256
68,110,6.87007
68,111,6.93073
68,112,7.19435
68,113,7.0
68,114,9.92435
68,115,7.04996
68,116,8.83234
68,117,5.84406
68,118,9.82168
68,119,9.19371
68,120,8.10663
68,121,4.0
68,122,3.86753
68,123,3.84956
68,124,7.89403
68,125,7.0
68,126,8.90294
68,127,2.84765
68,128,8.92123
68,129,4.06782
68,130,4.03507
68,131,6.92583
68,132,8.0
68,133,4.0
68,134,6.85561
68,135,6.92099
68,136,3.95354
68,137,3.87589
68,138,3.94502
68,139,8.0
68,140,9.11537
68,141,7.0
68,142,8.02509
68,143,9.08735
68,144,9.16413
68,145,8.95978
68,146,8.88957
68,147,7.17461
68,148,9.88684
68,149,9.9532
68,150,7.07822
68,151,6.93574
68,152,6.98927
68,153,6.0585
68,154,8.97807
68,155,8.03297
68,156,7.84958
68,157,9.10441
68,158,10.0
68,159,9.91231
68,160,6.0
68,161,7.19159
68,162,6.85381
68,163,9.06373
68,164,8.86515
68,165,8.15088
68,166,9.09026
68,167,8.04271
68,168,8.97045
68,169,4.0
68,170,4.04432
68,171,7.0
68,172,4.1483
68,173,8.0
68,174,8.0
68,175,3.0
68,176,5.0
68,177,9.97264
68,178,7.1004
68,179,6.89174
68,180,10.0
68,181,5.03151
68,182,9.87312
68,183,7.04478
68,184,8.0
68,185,6.0
68,186,8.06691
68,187,8.03735
68,188,3.9486
68,189,6.04399
68,190,7.13125
68,191,4.08853
68,192,5.18406
68,193,9.93207
68,194,9.91824
68,195,6.0
68,196,6.09144
68,197,4.9351
68,198,8.0
68,199,8.19026
68,200,6.88442
68,201,3.89452
68,202,8.13658
68,203,9.108
68,204,9.80797
68,205,9.19511
68,206,8.92528
68,207,9.90582
68,208,7.14338
68,209,7.88759
68,210,7.87345
68,211,8.15931
68,212,9.82147
68,213,6.02769
68,214,7.97758
68,215,6.15722
68,216,9.97677
68,217,8.02226
68,218,3.91151
68,219,4.10631
68,220,4.18966
68,221,4.07737
68,222,3.9679
68,223,3.87027
68,224,4.05198
68,225,4.00163
68,226,5.96194
68,227,9.89595
68,228,5.91056
68,229,6.11915
68,230,8.8701
68,231,5.80493
68,232,8.91942
68,233,9.89363
68,234,7.87526
68,235,8.02795
68,236,6.16908
68,237,4.06028
68,238,9.93119
68,239,7.96298
68,240,9.94355
68,241,9.84935
68,242,9.98622
68,243,9.95281
68,244,9.0
68,245,7.14401
68,246,5.0
68,247,3.83639
68,248,10.0
68,249,7.11367
68,250,9.83252
68,251,9.8849
68,252,7.15784
68,253,7.0
68,254,4.14429
68,255,7.99266
68,256,7.82283
68,257,5.1645
68,258,9.84601
68,259,6.94895
68,260,9.0
68,261,10.0
68,262,3.82652
68,263,8.82614
68,264,9.97639
68,265,9.92192
68,266,7.10787
68,267,6.0
68,268,9.80716
68,269,6.91601
68,270,3.01996
68,271,3.835
68,272,7.02337
68,273,5.17704
68,274,4.03527
68,275,7.19512
68,276,6.99503
68,277,8.00105
68,278,9.11091
68,279,8.82772
68,280,8.04684
68,281,9.04358
68,282,5.11795
68,283,6.91014
68,284,6.89032
68,285,9.99671
68,286,9.83854
68,287,9.82732
68,288,9.80426
68,289,9.00118
68,290,5.98624
68,291,6.95239
68,292,9.96784
68,293,5.83051
68,294,5.95711
68,295,7.0503
68,296,4.98283
68,297,9.0074
68,298,4.0
68,299,6.91753
68,300,7.88633
68,301,5.8785
68,302,9.93147
68,303,7.83405
68,304,7.91113
68,305,6.16024
68,306,9.19704
68,307,8.97263
68,308,4.11284
68,309,8.05826
68,310,8.0759
68,311,8.97051
68,312,6.91994
68,313,7.0
68,314,7.11677
68,315,9.98831
68,316,3.80544
68,317,6.8023
68,318,6.82104
68,319,5.99694
68,320,6.02294
68,321,6.16432
68,322,9.80007
68,323,9.83004
68,324,9.94246
68,325,9.96725
68,326,5.99904
68,327,6.0
68,328,7.87716
68,329,7.97992
68,330,7.0121
68,331,7.0
68,332,7.11119
68,333,7.05624
68,334,5.0
68,335,8.0
68,336,8.98383
68,337,5.86849
68,338,7.14033
68,339,6.9136
68,340,9.92907
68,341,5.19162
68,342,7.84422
68,343,10.0
68,344,9.9281
68,345,5.84656
68,346,4.19469
68,347,9.91285
68,348,9.16352
68,349,7.98597
68,350,7.03359
68,351,9.96864
68,352,5.87239
68,353,7.15917
68,354,7.05809
68,355,4.0
68,356,9.81985
68,357,8.01547
68,358,9.10213
68,359,8.96487
68,360,4.13036
68,361,8.0
68,362,6.14085
68,363,8.88082
68,364,9.84205
68,365,5.83936
68,366,7.04532
68,367,8.10686
68,368,8.87708
68,369,4.0
68,370,4.0124
68,371,7.86598
68,372,7.87135
68,373,9.09098
68,374,8.1757
68,375,8.93295
68,376,7.0508
68,377,8.0
68,378,7.90459
68,379,7.07837
68,380,7.14152
68,381,7.85295
68,382,6.99721
68,383,7.84728
68,384,6.0
68,385,9.80289
68,386,4.82386
68,387,8.90692
68,388,9.87339
68,389,9.80701
68,390,5.01503
68,391,7.93146
68,392,6.00761
68,393,3.92875
68,394,8.16961
68,395,6.80023
68,396,8.0758
68,397,10.0
68,398,3.12273
68,399,4.85726
68,400,9.87706
68,401,5.12683
68,402,5.84428
68,403,9.88932
68,404,7.0
68,405,5.93771
69,1,
69,2,
69,3,
69,4,
69,5,
69,6,
69,7,
69,8,
69,9,
69,10,
69,11,
69,12,
69,13,6.0
69,14,
69,15,
69,16,
69,17,
69,18,
69,19,
69,20,
69,21,5.0
69,22,8.0
69,23,
69,24,
69,25,
69,26,
69,27,
69,28,
69,29,3.0
69,30,
69,31,
69,32,
69,33,
69,34,
69,35,
69,36,
69,37,
69,38,
69,39,
69,40,
69,41,
69,42,
69,43,
69,44,
69,45,
69,46,
69,47,10.0
69,48,
69,49,
69,50,
69,51,
69,52,
69,53,
69,54,10.0
69,55,
69,56,
69,57,
69,58,
69,59,
69,60,
69,61,
69,62,
69,63,
69,64,
69,65,
69,66,
69,67,
69,68,
69,69,
69,70,
69,71,
69,72,
69,73,
69,74,
69,75,
69,76,
69,77,10.0
69,78,
69,79,
69,80,
69,81,
69,82,
69,83,3.0
69,84,
69,85,
69,86,8.0
69,87,
69,88,
69,89,
69,90,
69,91,10.0
69,92,
69,93,
69,94,
69,95,
69,96,10.0
69,97,
69,98,9.0
69,99,
69,100,
69,101,
69,102,10.0
69,103,
69,104,
69,105,
69,106,
69,107,
69,108,
69,109,
69,110,
69,111,
69,112,
69,113,3.0
69,114,
69,115,
69,116,
69,117,
69,118,
69,119,
69,120,
69,121,10.0
69,122,
69,123,
69,124,
69,125,10.0
69,126,
69,127,
69,128,
69,129,
69,130,
69,131,
69,132,10.0
69,133,10.0
69,134,
69,135,
69,136,
69,137,
69,138,
69,139,10.0
69,140,
69,141,10.0
69,142,
69,143,
69,144,
69,145,
69,146,
69,147,
69,148,
69,149,
69,150,
69,151,
69,152,
69,153,
69,154,
69,155,
69,156,
69,157,
69,158,10.0
69,159,
69,160,10.0
69,161,
69,162,
69,163,
69,164,
69,165,
69,166,
69,167,
69,168,
69,169,
69,170,
69,171,
69,172,
69,173,9.0
69,174,9.0
69,175,9.0
69,176,9.0
69,177,
69,178,
69,179,
69,180,9.0
69,181,
69,182,
69,183,
69,184,9.0
69,185,9.0
69,186,
69,187,
69,188,
69,189,
69,190,
69,191,
69,192,
69,193,
69,194,
69,195,9.0
69,196,
69,197,
69,198,9.0
69,199,
69,200,
69,201,
69,202,
69,203,
69,204,
69,205,
69,206,9.0
69,207,9.0
69,208,
69,209,
69,210,
69,211,
69,212,
69,213,
69,214,
69,215,
69,216,
69,217,
69,218,
69,219,
69,220,
69,221,
69,222,
69,223,
69,224,
69,225,
69,226,
69,227,
69,228,
69,229,
69,230,
69,231,
69,232,
69,233,
69,234,
69,235,
69,236,
69,237,
69,238,
69,239,
69,240,
69,241,
69,242,
69,243,
69,244,9.0
69,245,
69,246,9.0
69,247,
69,248,9.0
69,249,
69,250,
69,251,
69,252,
69,253,9.0
69,254,
69,255,
69,256,
69,257,
69,258,
69,259,
69,260,9.0
69,261,9.0
69,262,
69,263,
69,264,
69,265,
69,266,
69,267,9.0
69,268,
69,269,
69,270,
69,271,
69,272,
69,273,
69,274,
69,275,
69,276,
69,277,
69,278,
69,279,
69,280,
69,281,
69,282,
69,283,
69,284,
69,285,
69,286,
69,287,
69,288,
69,289,
69,290,
69,291,
69,292,
69,293,
69,294,
69,295,
69,296,
69,297,
69,298,9.0
69,299,
69,300,
69,301,
69,302,
69,303,
69,304,
69,305,
69,306,
69,307,
69,308,
69,309,
69,310,
69,311,
69,312,
69,313,9.0
69,314,
69,315,
69,316,
69,317,
69,318,
69,319,
69,320,
69,321,
69,322,
69,323,
69,324,
69,325,
69,326,
69,327,
69,328,
69,329,
69,330,
69,331,9.0
69,332,
69,333,
69,334,9.0
69,335,9.0
69,336,
69,337,
69,338,
69,339,
69,340,
69,341,
69,342,
69,343,9.0
69,344,
69,345,
69,346,
69,347,
69,348,
69,349,
69,350,
69,351,
69,352,
69,353,
69,354,
69,355,2.0
69,356,
69,357,
69,358,
69,359,
69,360,
69,361,9.0
69,362,
69,363,
69,364,
69,365,
69,366,
69,367,
69,368,
69,369,9.0
69,370,
69,371,
69,372,
69,373,
69,374,
69,375,
69,376,
69,377,9.0
69,378,
69,379,
69,380,
69,381,
69,382,
69,383,
69,384,9.0
69,385,
69,386,
69,387,
69,388,
69,389,
69,390,
69,391,
69,392,
69,393,
69,394,
69,395,
69,396,
69,397,9.0
69,398,
69,399,
69,400,
69,401,
69,402,
69,403,
69,404,9.0
69,405,
70,1,
70,2,
70,3,
70,4,
70,5,
70,6,10.0
70,7,
70,8,
70,9,
70,10,
70,11,
70,12,
70,13,10.0
70,14,
70,15,
70,16,
70,17,
70,18,
70,19,
70,20,
70,21,10.0
70,22,10.0
70,23,
70,24,
70,25,
70,26,
70,27,
70,28,
70,29,10.0
70,30,
70,31,
70,32,
70,33,
70,34,
70,35,
70,36,
70,37,
70,38,
70,39,
70,40,
70,41,10.0
70,42,
70,43,
70,44,
70,45,
70,46,
70,47,10.0
70,48,
70,49,
70,50,
70,51,
70,52,
70,53,
70,54,10.0
70,55,
70,56,
70,57,
70,58,10.0
70,59,
70,60,
70,61,
70,62,
70,63,
70,64,
70,65,
70,66,
70,67,
70,68,
70,69,
70,70,
70,71,
70,72,
70,73,
70,74,
70,75,
70,76,
70,77,10.0
70,78,
70,79,
70,80,
70,81,
70,82,
70,83,10.0
70,84,
70,85,
70,86,10.0
70,87,
70,88,
70,89,
70,90,
70,91,10.0
70,92,
70,93,
70,94,
70,95,
70,96,10.0
70,97,
70,98,10.0
70,99,
70,100,
70,101,
70,102,10.0
70,103,
70,104,
70,105,
70,106,
70,107,
70,108,
70,109,
70,110,
70,111,
70,112,
70,113,10.0
70,114,
70,115,
70,116,
70,117,
70,118,
70,119,
70,120,
70,121,10.0
70,122,
70,123,
70,124,
70,125,10.0
70,126,
70,127,
70,128,
70,129,
70,130,
70,131,
70,132,10.0
70,133,10.0
70,134,
70,135,
70,136,
70,137,
70,138,
70,139,10.0
70,140,
70,141,10.0
70,142,
70,143,
70,144,
70,145,
70,146,
70,147,
70,148,
70,149,
70,150,
70,151,
70,152,
70,153,
70,154,
70,155,
70,156,
70,157,
70,158,10.0
70,159,
70,160,10.0
70,161,
70,162,
70,163,
70,164,
70,165,
70,166,
70,167,
70,168,
70,169,10.0
70,170,
70,171,10.0
70,172,
70,173,10.0
70,174,10.0
70,175,10.0
70,176,10.0
70,177,
70,178,
70,179,
70,180,10.0
70,181,
70,182,
70,183,
70,184,10.0
70,185,10.0
70,186,
70,187,
70,188,
70,189,
70,190,
70,191,
70,192,
70,193,
70,194,
70,195,10.0
70,196,
70,197,
70,198,10.0
70,199,
70,200,
70,201,
70,202,
70,203,
70,204,
70,205,
70,206,10.0
70,207,10.0
70,208,
70,209,
70,210,
70,211,
70,212,
70,213,
70,214,
70,215,
70,216,
70,217,
70,218,
70,219,
70,220,
70,221,
70,222,
70,223,
70,224,
70,225,
70,226,
70,227,
70,228,
70,229,
70,230,
70,231,
70,232,
70,233,
70,234,
70,235,
70,236,
70,237,
70,238,
70,239,
70,240,
70,241,
70,242,
70,243,
70,244,10.0
70,245,
70,246,10.0
70,247,
70,248,10.0
70,249,
70,250,
70,251,
70,252,
70,253,10.0
70,254,
70,255,
70,256,
70,257,
70,258,
70,259,
70,260,10.0
70,261,10.0
70,262,
70,263,
70,264,
70,265,
70,266,
70,267,10.0
70,268,
70,269,
70,270,
70,271,
70,272,
70,273,
70,274,
70,275,
70,276,
70,277,
70,278,
70,279,
70,280,
70,281,
70,282,
70,283,
70,284,
70,285,
70,286,
70,287,
70,288,
70,289,
70,290,
70,291,
70,292,
70,293,
70,294,
70,295,
70,296,
70,297,
70,298,10.0
70,299,
70,300,
70,301,
70,302,
70,303,
70,304,
70,305,
70,306,
70,307,
70,308,
70,309,
70,310,
70,311,
70,312,
70,313,10.0
70,314,
70,315,
70,316,
70,317,
70,318,
70,319,
70,320,
70,321,
70,322,
70,323,
70,324,
70,325,
70,326,
70,327,10.0
70,328,
70,329,
70,330,
70,331,10.0
70,332,
70,333,
70,334,10.0
70,335,10.0
70,336,
70,337,
70,338,
70,339,
70,340,
70,341,
70,342,
70,343,10.0
70,344,
70,345,
70,346,
70,347,
70,348,
70,349,
70,350,
70,351,
70,352,
70,353,
70,354,
70,355,10.0
70,356,
70,357,
70,358,
70,359,
70,360,
70,361,10.0
70,362,
70,363,
70,364,
70,365,
70,366,
70,367,
70,368,
70,369,10.0
70,370,
70,371,
70,372,
70,373,
70,374,
70,375,
70,376,
70,377,10.0
70,378,
70,379,
70,380,
70,381,
70,382,
70,383,
70,384,10.0
70,385,
70,386,
70,387,
70,388,
70,389,
70,390,
70,391,
70,392,
70,393,
70,394,
70,395,
70,396,
70,397,10.0
70,398,
70,399,
70,400,
70,401,
70,402,
70,403,
70,404,10.0
70,405,
71,1,
71,2,
71,3,
71,4,
71,5,
71,6,
71,7,
71,8,
71,9,
71,10,
71,11,
71,12,
71,13,
71,14,
71,15,
71,16,
71,17,
71,18,
71,19,
71,20,
71,21,
71,22,
71,23,
71,24,
71,25,
71,26,
71,27,
71,28,
71,29,
71,30,
71,31,
71,32,
71,33,
71,34,
71,35,
71,36,
71,37,
71,38,
71,39,
71,40,
71,41,
71,42,
71,43,
71,44,
71,45,
71,46,
71,47,
71,48,
71,49,
71,50,
71,51,
71,52,
71,53,
71,54,
71,55,
71,56,
71,57,
71,58,
71,59,
71,60,
71,61,
71,62,
71,63,
71,64,
71,65,
71,66,
71,67,
71,68,
71,69,
71,70,
71,71,
71,72,
71,73,
71,74,
71,75,
71,76,
71,77,
71,78,
71,79,
71,80,
71,81,
71,82,
71,83,
71,84,
71,85,
71,86,
71,87,
71,88,
71,89,
71,90,
71,91,
71,92,
71,93,
71,94,
71,95,
71,96,
71,97,
71,98,
71,99,
71,100,
71,101,
71,102,
71,103,
71,104,
71,105,
71,106,
71,107,
71,108,
71,109,
71,110,
71,111,
71,112,
71,113,
71,114,
71,115,
71,116,
71,117,
71,118,
71,119,
71,120,
71,121,
71,122,
71,123,
71,124,
71,125,
71,126,
71,127,
71,128,
71,129,
71,130,
71,131,
71,132,
71,133,
71,134,
71,135,
71,136,
71,137,
71,138,
71,139,
71,140,
71,141,
71,142,
71,143,
71,144,
71,145,
71,146,
71,147,
71,148,
71,149,
71,150,
71,151,
71,152,
71,153,
71,154,
71,155,
71,156,
71,157,
71,158,
71,159,
71,160,
71,161,
71,162,
71,163,
71,164,
71,165,
71,166,
71,167,
71,168,
71,169,
71,170,
71,171,
71,172,
71,173,
71,174,
71,175,
71,176,
71,177,
71,178,
71,179,
71,180,
71,181,
71,182,
71,183,
71,184,
71,185,
71,186,
71,187,
71,188,
71,189,
71,190,
71,191,
71,192,
71,193,
71,194,
71,195,
71,196,
71,197,
71,198,
71,199,
71,200,
71,201,
71,202,
71,203,
71,204,
71,205,
71,206,
71,207,
71,208,
71,209,
71,210,
71,211,
71,212,
71,213,
71,214,
71,215,
71,216,
71,217,
71,218,
71,219,
71,220,
71,221,
71,222,
71,223,
71,224,
71,225,
71,226,
71,227,
71,228,
71,229,
71,230,
71,231,
71,232,
71,233,
71,234,
71,235,
71,236,
71,237,
71,238,
71,239,
71,240,
71,241,
71,242,
71,243,
71,244,
71,245,
71,246,
71,247,
71,248,
71,249,
71,250,
71,251,
71,252,
71,253,
71,254,
71,255,
71,256,
71,257,
71,258,
71,259,
71,260,
71,261,
71,262,
71,263,
71,264,
71,265,
71,266,
71,267,
71,268,
71,269,
71,270,
71,271,
71,272,
71,273,
71,274,
71,275,
71,276,
71,277,
71,278,
71,279,
71,280,
71,281,
71,282,
71,283,
71,284,
71,285,
71,286,
71,287,
71,288,
71,289,
71,290,
71,291,
71,292,
71,293,
71,294,
71,295,
71,296,
71,297,
71,298,
71,299,
71,300,
71,301,
71,302,
71,303,
71,304,
71,305,
71,306,
71,307,
71,308,
71,309,
71,310,
71,311,
71,312,
71,313,
71,314,
71,315,
71,316,
71,317,
71,318,
71,319,
71,320,
71,321,
71,322,
71,323,
71,324,
71,325,
71,326,
71,327,
71,328,
71,329,
71,330,
71,331,
71,332,
71,333,
71,334,
71,335,
71,336,
71,337,
71,338,
71,339,
71,340,
71,341,
71,342,
71,343,
71,344,
71,345,
71,346,
71,347,
71,348,
71,349,
71,350,
71,351,
71,352,
71,353,
71,354,
71,355,
71,356,
71,357,
71,358,
71,359,
71,360,
71,361,
71,362,
71,363,
71,364,
71,365,
71,366,
71,367,
71,368,
71,369,
71,370,
71,371,
71,372,
71,373,
71,374,
71,375,
71,376,
71,377,
71,378,
71,379,
71,380,
71,381,
71,382,
71,383,
71,384,
71,385,
71,386,
71,387,
71,388,
71,389,
71,390,
71,391,
71,392,
71,393,
71,394,
71,395,
71,396,
71,397,
71,398,
71,399,
71,400,
71,401,
71,402,
71,403,
71,404,
71,405,
72,1,9.08331
72,2,3.08665
72,3,3.07534
72,4,9.10717
72,5,7.0
72,6,9.0
72,7,2.83249
72,8,-0.814089
72,9,8.1871
72,10,6.81984
72,11,8.06425
72,12,5.84424
72,13,3.0
72,14,9.16978
72,15,7.04048
72,16,8.97952
72,17,6.87086
72,18,8.85227
72,19,3.86223
72,20,6.94652
72,21,6.0
72,22,-1.0
72,23,3.0865
72,24,8.99877
72,25,-0.936693
72,26,3.82684
72,27,-0.910691
72,28,4.98826
72,29,4.0
72,30,3.00911
72,31,4.82882
72,32,4.80158
72,33,-0.871362
72,34,5.976
72,35,-0.990833
72,36,3.01447
72,37,7.13452
72,38,6.90262
72,39,7.12558
72,40,2.00276
72,41,3.0
72,42,7.11852
72,43,-0.965767
72,44,8.19187
72,45,6.91624
72,46,7.07576
72,47,5.0
72,48,5.93958
72,49,9.07977
72,50,3.02567
72,51,6.17529
72,52,8.87757
72,53,7.12295
72,54,2.0
72,55,7.94457
72,56,5.93484
72,57,5.84939
72,58,5.0
72,59,5.10977
72,60,6.01878
72,61,5.85128
72,62,7.16625
72,63,8.81168
72,64,4.99459
72,65,5.0308
72,66,8.90119
72,67,5.8669
72,68,2.84708
72,69,8.88127
72,70,-0.812703
72,71,-0.981993
72,72,4.94888
72,73,4.904
72,74,5.99382
72,75,-0.927433
72,76,2.94913
72,77,-1.0
72,78,4.1147
72,79,6.80216
72,80,6.13053
72,81,6.8721
72,82,4.17559
72,83,7.0
72,84,7.12557
72,85,7.00677
72,86,9.0
72,87,8.95563
72,88,3.18457
72,89,2.95922
72,90,-0.863873
72,91,-1.0
72,92,6.98405
72,93,-0.993239
72,94,8.10112
72,95,6.10562
72,96,9.0
72,97,6.0175
72,98,-1.0
72,99,8.18301
72,100,6.04233
72,101,6.97188
72,102,6.0
72,103,6.11311
72,104,6.02865
72,105,6.07739
72,106,8.84938
72,107,7.19514
72,108,5.97781
72,109,6.94679
72,110,7.08277
72,111,6.90804
72,112,5.19417
72,113,8.0
72,114,8.99001
72,115,4.88461
72,116,5.95682
72,117,7.85536
72,118,9.06686
72,119,6.86962
72,120,6.94882
72,121,3.0
72,122,3.14279
72,123,2.86567
72,124,7.06533
72,125,7.0
72,126,6.83093
72,127,-0.801117
72,128,2.12767
72,129,7.04423
72,130,6.818
72,131,5.06116
72,132,8.0
72,133,5.0
72,134,7.14385
72,135,5.07866
72,136,4.92617
72,137,4.88882
72,138,5.18399
72,139,2.0
72,140,7.09004
72,141,9.0
72,142,6.90808
72,143,7.04947
72,144,6.83785
72,145,7.16733
72,146,7.06695
72,147,8.81626
72,148,-0.824731
72,149,-0.938334
72,150,7.08386
72,151,6.97814
72,152,7.18782
72,153,8.03717
72,154,6.80486
72,155,7.07387
72,156,6.86133
72,157,6.81817
72,158,9.0
72,159,8.99585
72,160,4.0
72,161,5.98182
72,162,6.83857
72,163,6.91077
72,164,7.09774
72,165,8.08372
72,166,7.15166
72,167,6.84085
72,168,7.07717
72,169,7.0
72,170,6.83709
72,171,-1.0
72,172,6.08226
72,173,8.0
72,174,7.0
72,175,-1.0
72,176,-1.0
72,177,-0.937722
72,178,9.19019
72,179,8.8307
72,180,7.0
72,181,5.85842
72,182,-0.980617
72,183,9.19951
72,184,-1.0
72,185,-1.0
72,186,6.80504
72,187,6.91628
72,188,6.01131
72,189,7.082
72,190,6.05545
72,191,5.90098
72,192,-0.905887
72,193,-0.849664
72,194,7.03266
72,195,7.0
72,196,6.87282
72,197,5.96569
72,198,7.0
72,199,7.02689
72,200,4.97657
72,201,3.17224
72,202,7.18112
72,203,6.01265
72,204,-0.95269
72,205,6.87718
72,206,6.0
72,207,-1.0
72,208,2.86298
72,209,6.87089
72,210,6.82919
72,211,4.1979
72,212,-0.969525
72,213,4.19596
72,214,3.89494
72,215,7.98457
72,216,-0.866544
72,217,8.07494
72,218,5.0424
72,219,5.13191
72,220,4.88657
72,221,5.10419
72,222,4.93694
72,223,5.13211
72,224,5.04606
72,225,4.84557
72,226,7.14885
72,227,-0.806165
72,228,6.86471
72,229,6.97663
72,230,6.87194
72,231,7.18484
72,232,7.17129
72,233,-0.964153
72,234,3.97826
72,235,7.0007
72,236,8.06772
72,237,5.89127
72,238,-0.927243
72,239,7.01525
72,240,-0.902665
72,241,-0.831294
72,242,-0.811382
72,243,-0.919345
72,244,7.0
72,245,9.13855
72,246,-1.0
72,247,6.07183
72,248,2.0
72,249,7.19046
72,250,8.99692
72,251,9.18849
72,252,2.95296
72,253,5.0
72,254,6.88773
72,255,7.80108
72,256,6.93827
72,257,-0.824927
72,258,-0.844886
72,259,8.9085
72,260,-1.0
72,261,7.0
72,262,6.97499
72,263,6.92704
72,264,9.10759
72,265,9.08883
72,266,8.93752
72,267,7.0
72,268,-0.831343
72,269,5.89352
72,270,-0.938069
72,271,6.17703
72,272,7.11573
72,273,-0.840719
72,274,6.02889
72,275,6.99837
72,276,5.81273
72,277,7.0761
72,278,7.08054
72,279,7.04264
72,280,8.14539
72,281,6.93813
72,282,5.84019
72,283,6.83737
72,284,6.83367
72,285,8.93655
72,286,8.9382
72,287,-0.865057
72,288,-0.842388
72,289,7.02071
72,290,7.16864
72,291,6.8622
72,292,-0.802702
72,293,7.06492
72,294,7.84254
72,295,4.93986
72,296,5.99225
72,297,8.90945
72,298,7.0
72,299,3.05975
72,300,4.1843
72,301,7.80287
72,302,9.04902
72,303,3.83747
72,304,7.97561
72,305,8.13134
72,306,7.07079
72,307,7.08978
72,308,4.96179
72,309,8.15014
72,310,3.92728
72,311,7.00893
72,312,5.94455
72,313,6.0
72,314,5.95566
72,315,-0.91022
72,316,6.18697
72,317,8.83955
72,318,7.00689
72,319,7.13757
72,320,7.08037
72,321,6.95572
72,322,-0.984761
72,323,-0.862784
72,324,-0.878975
72,325,-0.9321
72,326,7.05795
72,327,8.0
72,328,4.04493
72,329,4.03674
72,330,2.99966
72,331,3.0
72,332,5.02898
72,333,4.87279
72,334,-1.0
72,335,7.0
72,336,9.05195
72,337,7.12757
72,338,6.98398
72,339,5.14511
72,340,-0.854503
72,341,5.81805
72,342,4.15803
72,343,-1.0
72,344,7.07068
72,345,7.09662
72,346,7.0146
72,347,-0.99244
72,348,7.15245
72,349,6.92255
72,350,7.14254
72,351,-0.848221
72,352,7.8983
72,353,-0.946239
72,354,6.92356
72,355,6.0
72,356,-0.894909
72,357,6.90217
72,358,6.19142
72,359,6.05338
72,360,6.1698
72,361,7.0
72,362,3.92186
72,363,6.87446
72,364,-0.951396
72,365,7.86949
72,366,5.18385
72,367,7.18815
72,368,6.92547
72,369,6.0
72,370,5.93021
72,371,6.84906
72,372,4.18421
72,373,6.87843
72,374,3.83916
72,375,9.00944
72,376,2.9182
72,377,4.0
72,378,6.91383
72,379,5.10707
72,380,6.90766
72,381,7.92622
72,382,4.9639
72,383,3.87079
72,384,7.0
72,385,-0.877464
72,386,-0.955349
72,387,6.98157
72,388,-0.803904
72,389,-0.937768
72,390,-0.843277
72,391,-0.918332
72,392,6.86071
72,393,6.04381
72,394,4.0773
72,395,-0.926809
72,396,8.18043
72,397,6.0
72,398,-0.954719
72,399,-0.954883
72,400,-0.873846
72,401,-0.890696
72,402,-0.904323
72,403,6.89818
72,404,-1.0
72,405,7.06685
73,1,9.88842
73,2,9.80057
73,3,9.81137
73,4,0.138945
73,5,0.0
73,6,10.0
73,7,9.84938
73,8,-0.81501
73,9,9.82589
73,10,0.137529
73,11,9.80949
73,12,-0.950322
73,13,10.0
73,14,-0.896338
73,15,0.164413
73,16,-0.885579
73,17,9.97354
73,18,0.0652383
73,19,0.101544
73,20,9.81672
73,21,-0.814528
73,22,10.0
73,23,5.02769
73,24,9.99066
73,25,9.93908
73,26,9.95562
73,27,9.84232
73,28,9.97672
73,29,0.0
73,30,9.96856
73,31,9.88409
73,32,9.97345
73,33,-0.808383
73,34,-0.990795
73,35,-0.961099
73,36,5.0185
73,37,0.0178492
73,38,9.97779
73,39,9.88716
73,40,-0.851943
73,41,0.0
73,42,-0.880045
73,43,-0.903328
73,44,0.19649
73,45,0.0842248
73,46,9.96769
73,47,10.0
73,48,-0.977888
73,49,9.99329
73,50,4.86385
73,51,-0.818712
73,52,9.90245
73,53,0.194057
73,54,-0.905011
73,55,0.0714306
73,56,9.99214
73,57,9.88262
73,58,10.0
73,59,9.85692
73,60,9.88881
73,61,-0.973934
73,62,0.0591424
73,63,9.96084
73,64,9.85183
73,65,9.83699
73,66,9.82384
73,67,-0.874505
73,68,5.3359
73,69,9.80848
73,70,9.94606
73,71,9.89075
73,72,9.92325
73,73,9.82504
73,74,-0.858593
73,75,-0.987972
73,76,0.0784756
73,77,10.0
73,78,0.00927129
73,79,9.93876
73,80,-0.960638
73,81,-0.851989
73,82,-0.989073
73,83,-1.0
73,84,9.86864
73,85,9.85117
73,86,9.95051
73,87,9.9838
73,88,9.87779
73,89,5.26713
73,90,-0.937373
73,91,-1.0
73,92,0.199079
73,93,9.92958
73,94,9.80998
73,95,-0.926201
73,96,10.0
73,97,-0.846461
73,98,10.0
73,99,9.8927
73,100,-0.800597
73,101,9.97048
73,102,10.0
73,103,9.80476
73,104,9.82044
73,105,9.95271
73,106,0.165926
73,107,9.99994
73,108,-0.880825
73,109,9.85883
73,110,9.83277
73,111,9.94975
73,112,-0.825404
73,113,5.02297
73,114,0.135505
73,115,-0.86359
73,116,-0.97554
73,117,9.82377
73,118,0.187128
73,119,9.94605
73,120,9.93492
73,121,9.0
73,122,8.80262
73,123,8.90632
73,124,-0.921135
73,125,10.0
73,126,9.82722
73,127,-0.899284
73,128,-0.888954
73,129,9.88989
73,130,9.95847
73,131,-0.915829
73,132,10.0
73,133,10.0
73,134,9.9982
73,135,-0.879838
73,136,9.91949
73,137,9.89753
73,138,9.89083
73,139,9.0
73,140,9.9547
73,141,-1.0
73,142,9.82747
73,143,9.9064
73,144,9.87199
73,145,9.83661
73,146,9.92047
73,147,-0.825024
73,148,9.97178
73,149,9.94364
73,150,9.89598
73,151,9.80131
73,152,9.89876
73,153,9.94942
73,154,9.84604
73,155,9.83347
73,156,9.90601
73,157,9.92134
73,158,0.0
73,159,0.0711037
73,160,0.196861
73,161,9.82865
73,162,9.84966
73,163,9.91524
73,164,9.86197
73,165,0.0765373
73,166,9.93468
73,167,-0.864529
73,168,9.84836
73,169,-0.967895
73,170,-0.807082
73,171,0.0
73,172,-0.941738
73,173,0.0
73,174,9.97368
73,175,-1.0
73,176,-1.0
73,177,9.86677
73,178,9.94218
73,179,9.92467
73,180,-1.0
73,181,-0.844116
73,182,9.86258
73,183,9.853
73,184,-1.0
73,185,-1.0
73,186,-0.968844
73,187,-0.876106
73,188,-0.827366
73,189,-0.910775
73,190,9.85916
73,191,-0.88401
73,192,-0.898333
73,193,9.93192
73,194,-0.8481
73,195,-1.0
73,196,-0.865788
73,197,-0.885158
73,198,-1.0
73,199,-0.994759
73,200,-0.860145
73,201,9.03914
73,202,9.87301
73,203,-0.956794
73,204,9.94589
73,205,9.96388
73,206,-1.0
73,207,10.0
73,208,5.2116
73,209,9.85471
73,210,9.98135
73,211,9.92416
73,212,9.84814
73,213,9.80925
73,214,9.88938
73,215,9.99124
73,216,9.95733
73,217,9.8615
73,218,9.99524
73,219,9.82504
73,220,9.88596
73,221,9.95773
73,222,9.91925
73,223,9.85553
73,224,9.93211
73,225,9.98159
73,226,9.89723
73,227,9.89094
73,228,9.95303
73,229,9.90533
73,230,9.8299
73,231,9.98829
73,232,9.89734
73,233,9.98603
73,234,9.86402
73,235,9.89679
73,236,9.99503
73,237,-0.861416
73,238,9.92451
73,239,9.91986
73,240,9.88677
73,241,9.90314
73,242,9.89278
73,243,9.90786
73,244,10.0
73,245,-0.983918
73,246,-1.0
73,247,-0.842523
73,248,-1.0
73,249,9.86701
73,250,0.0520147
73,251,0.0766579
73,252,4.61639
73,253,-1.0
73,254,9.90439
73,255,0.165087
73,256,9.99815
73,257,-0.803332
73,258,9.8798
73,259,9.89039
73,260,-1.0
73,261,-1.0
73,262,-0.852862
73,263,9.8057
73,264,0.0561707
73,265,0.0214756
73,266,-0.862184
73,267,10.0
73,268,9.94904
73,269,-0.996772
73,270,-0.938626
73,271,-0.991203
73,272,9.83806
73,273,-0.911616
73,274,-0.805469
73,275,9.97742
73,276,9.90692
73,277,9.81017
73,278,9.80281
73,279,9.81539
73,280,0.126477
73,281,9.95828
73,282,-0.8259
73,283,9.98773
73,284,9.94968
73,285,0.0630031
73,286,0.120524
73,287,9.99603
73,288,9.82872
73,289,9.90249
73,290,9.94307
73,291,9.82259
73,292,9.95049
73,293,9.8291
73,294,9.96
73,295,9.97313
73,296,-0.858434
73,297,9.83512
73,298,10.0
73,299,5.016
73,300,9.80849
73,301,9.88876
73,302,0.0161947
73,303,9.90005
73,304,9.92076
73,305,9.90198
73,306,9.85911
73,307,9.98005
73,308,9.90776
73,309,0.157847
73,310,9.94401
73,311,9.94743
73,312,9.80597
73,313,10.0
73,314,9.91654
73,315,9.82672
73,316,-0.922712
73,317,9.94541
73,318,9.85431
73,319,9.94897
73,320,9.85427
73,321,9.95827
73,322,9.92968
73,323,9.93884
73,324,9.80285
73,325,9.86523
73,326,9.94537
73,327,10.0
73,328,9.85268
73,329,9.95258
73,330,0.051469
73,331,5.12313
73,332,-0.979661
73,333,-0.939261
73,334,10.0
73,335,10.0
73,336,9.81095
73,337,9.92667
73,338,9.95925
73,339,-0.826315
73,340,9.95587
73,341,-0.947667
73,342,9.92106
73,343,10.0
73,344,-0.93554
73,345,9.81934
73,346,9.81255
73,347,9.83134
73,348,9.95435
73,349,9.9455
73,350,9.84096
73,351,9.83176
73,352,9.89265
73,353,-0.927932
73,354,9.90661
73,355,-1.0
73,356,9.88504
73,357,-0.814921
73,358,-0.941637
73,359,-0.919011
73,360,-0.856761
73,361,-1.0
73,362,-0.87748
73,363,9.83805
73,364,9.94522
73,365,9.83288
73,366,-0.854604
73,367,9.85946
73,368,9.91592
73,369,-1.0
73,370,-0.853111
73,371,9.90531
73,372,9.9217
73,373,9.93352
73,374,9.93229
73,375,9.86572
73,376,4.72656
73,377,10.0
73,378,-0.812242
73,379,-0.865469
73,380,9.89824
73,381,9.81356
73,382,-0.809613
73,383,9.96809
73,384,10.0
73,385,9.84503
73,386,-0.983303
73,387,9.92496
73,388,9.99281
73,389,9.95051
73,390,-0.992101
73,391,-0.921139
73,392,9.88393
73,393,-0.912544
73,394,9.92086
73,395,9.89345
73,396,0.0677019
73,397,10.0
73,398,-0.89867
73,399,-0.935142
73,400,9.8498
73,401,-0.805501
73,402,-0.898339
73,403,-0.945114
73,404,-0.922742
73,405,-0.807458
74,1,7.85541
74,2,6.12171
74,3,5.92311
74,4,9.82822
74,5,10.0
74,6,10.0
74,7,6.0849
74,8,0.863091
74,9,9.97742
74,10,9.98873
74,11,9.89635
74,12,3.89057
74,13,6.0
74,14,9.97844
74,15,9.96196
74,16,9.85496
74,17,0.0202473
74,18,9.91714
74,19,0.0919568
74,20,4.02783
74,21,7.0
74,22,2.0
74,23,1.8949
74,24,9.87625
74,25,0.19855
74,26,0.0694873
74,27,0.16251
74,28,3.88595
74,29,0.0
74,30,5.98118
74,31,0.0443438
74,32,0.0397847
74,33,0.131982
74,34,4.17238
74,35,0.0514823
74,36,2.07709
74,37,9.85232
74,38,3.81612
74,39,4.13073
74,40,0.0334353
74,41,0.0
74,42,0.178094
74,43,0.0970384
74,44,0.00676334
74,45,9.91171
74,46,0.140677
74,47,10.0
74,48,7.10486
74,49,7.85839
74,50,2.08145
74,51,3.8356
74,52,9.89211
74,53,9.93238
74,54,0.0
74,55,0.00980579
74,56,9.83763
74,57,9.91791
74,58,0.0
74,59,0.150309
74,60,9.85806
74,61,3.80726
74,62,9.98183
74,63,9.95326
74,64,0.131541
74,65,0.131897
74,66,9.97948
74,67,3.92177
74,68,2.05004
74,69,9.97328
74,70,7.03532
74,71,0.188017
74,72,0.194618
74,73,0.0577284
74,74,4.05315
74,75,0.0470743
74,76,0.131786
74,77,10.0
74,78,0.105146
74,79,0.082594
74,80,4.10506
74,81,9.82345
74,82,0.0395566
74,83,10.0
74,84,3.95268
74,85,0.0678762
74,86,10.0
74,87,7.96765
74,88,5.85347
74,89,1.85574
74,90,0.136028
74,91,0.0
74,92,9.8672
74,93,9.94703
74,94,9.91892
74,95,3.95926
74,96,8.0
74,97,9.81113
74,98,1.0
74,99,3.06444
74,100,9.85326
74,101,3.95793
74,102,10.0
74,103,9.9942
74,104,9.99508
74,105,9.89573
74,106,9.93441
74,107,3.9695
74,108,9.90736
74,109,0.0824033
74,110,0.119986
74,111,0.140896
74,112,1.90175
74,113,10.0
74,114,9.85893
74,115,2.06587
74,116,4.05967
74,117,2.81884
74,118,9.83907
74,119,3.92582
74,120,0.0721174
74,121,4.0
74,122,3.93706
74,123,4.11615
74,124,0.178755
74,125,0.0
74,126,4.01876
74,127,1.02997
74,128,0.152569
74,129,9.81341
74,130,9.8581
74,131,1.8905
74,132,10.0
74,133,4.0
74,134,0.0377564
74,135,1.94306
74,136,4.16978
74,137,4.03357
74,138,4.05634
74,139,5.0
74,140,4.12237
74,141,10.0
74,142,0.168995
74,143,3.98485
74,144,3.86258
74,145,3.98281
74,146,3.89946
74,147,9.80853
74,148,0.905666
74,149,0.969734
74,150,0.166111
74,151,0.152478
74,152,0.113177
74,153,3.07279
74,154,3.89482
74,155,0.0174146
74,156,0.0568502
74,157,3.83953
74,158,10.0
74,159,9.80754
74,160,0.0
74,161,9.91963
74,162,0.186199
74,163,4.07559
74,164,4.18593
74,165,9.87277
74,166,4.02762
74,167,0.161887
74,168,3.9057
74,169,10.0
74,170,9.98836
74,171,9.0
74,172,9.91518
74,173,0.196037
74,174,10.0
74,175,1.0
74,176,0.0
74,177,0.0554122
74,178,9.82913
74,179,9.87838
74,180,3.0
74,181,7.09121
74,182,0.111781
74,183,9.91455
74,184,2.0
74,185,0.0
74,186,0.0270388
74,187,0.0831735
74,188,9.94699
74,189,5.83803
74,190,9.87367
74,191,0.915976
74,192,0.0683097
74,193,0.115831
74,194,9.98956
74,195,6.0
74,196,6.0367
74,197,7.03913
74,198,0.0
74,199,0.0482493
74,200,2.02355
74,201,3.92015
74,202,0.179091
74,203,4.17906
74,204,1.08425
74,205,3.88268
74,206,4.0
74,207,0.0
74,208,1.82245
74,209,0.0808033
74,210,0.0519919
74,211,9.82721
74,212,0.114117
74,213,0.0813143
74,214,9.9682
74,215,2.85965
74,216,0.0706769
74,217,9.93458
74,218,4.04233
74,219,4.10688
74,220,4.16646
74,221,3.9165
74,222,3.96541
74,223,3.88124
74,224,4.18924
74,225,3.92287
74,226,-0.890779
74,227,1.12203
74,228,-0.967573
74,229,-0.937883
74,230,3.90065
74,231,-0.813475
74,232,3.80497
74,233,0.949608
74,234,9.87216
74,235,0.017702
74,236,2.88736
74,237,1.05954
74,238,0.820491
74,239,0.103796
74,240,0.104836
74,241,0.0137608
74,242,0.129932
74,243,0.0489569
74,244,4.0
74,245,9.88119
74,246,0.0
74,247,0.888356
74,248,10.0
74,249,0.182611
74,250,9.96611
74,251,9.91338
74,252,1.84701
74,253,2.0
74,254,9.91622
74,255,9.89029
74,256,9.85543
74,257,0.00693744
74,258,0.0753065
74,259,9.84645
74,260,10.0
74,261,10.0
74,262,9.98606
74,263,4.19044
74,264,9.94413
74,265,9.99122
74,266,9.87836
74,267,-1.0
74,268,1.09205
74,269,3.89888
74,270,0.945684
74,271,9.8797
74,272,0.127844
74,273,0.0764252
74,274,9.94779
74,275,0.131096
74,276,9.96467
74,277,0.198206
74,278,3.82126
74,279,3.90552
74,280,0.109613
74,281,3.84708
74,282,7.10524
74,283,0.110949
74,284,0.0659176
74,285,9.95912
74,286,9.84856
74,287,0.873318
74,288,0.825038
74,289,3.81206
74,290,-0.896426
74,291,0.0818823
74,292,0.970754
74,293,-0.950151
74,294,2.80518
74,295,9.95956
74,296,7.04649
74,297,8.09856
74,298,10.0
74,299,2.03734
74,300,9.96571
74,301,3.12162
74,302,9.86735
74,303,9.8793
74,304,9.89885
74,305,2.86221
74,306,4.19545
74,307,3.92602
74,308,3.85936
74,309,0.144688
74,310,9.82121
74,311,3.92558
74,312,9.86629
74,313,10.0
74,314,9.92539
74,315,0.822462
74,316,1.0506
74,317,9.88966
74,318,0.138162
74,319,-0.942534
74,320,-0.89695
74,321,-0.920587
74,322,0.877082
74,323,1.13576
74,324,1.18912
74,325,0.923869
74,326,-0.87177
74,327,3.0
74,328,9.85098
74,329,9.93336
74,330,2.0262
74,331,2.0
74,332,2.14864
74,333,1.97965
74,334,7.0
74,335,0.0
74,336,7.99847
74,337,-0.972939
74,338,0.00108471
74,339,1.91995
74,340,1.09427
74,341,7.08581
74,342,9.99496
74,343,0.0
74,344,2.95729
74,345,-0.938402
74,346,9.93283
74,347,1.05272
74,348,4.0753
74,349,0.0772115
74,350,0.141719
74,351,0.929731
74,352,3.10312
74,353,0.0578616
74,354,0.131075
74,355,1.0
74,356,0.960665
74,357,0.0539494
74,358,3.95108
74,359,3.90965
74,360,1.0491
74,361,10.0
74,362,0.0583772
74,363,3.89596
74,364,0.923391
74,365,2.92725
74,366,2.05684
74,367,0.198933
74,368,3.932
74,369,10.0
74,370,9.87033
74,371,0.012514
74,372,9.99789
74,373,4.00565
74,374,9.91696
74,375,7.80979
74,376,2.05216
74,377,10.0
74,378,0.0113567
74,379,2.00361
74,380,0.189286
74,381,9.90603
74,382,2.032
74,383,9.88274
74,384,7.0
74,385,0.0374308
74,386,0.115905
74,387,3.84449
74,388,0.177648
74,389,0.151614
74,390,0.0732086
74,391,1.83162
74,392,7.18139
74,393,1.17229
74,394,9.82591
74,395,0.18884
74,396,0.0549258
74,397,10.0
74,398,1.02688
74,399,0.103686
74,400,0.0586725
74,401,0.0873493
74,402,0.0642411
74,403,9.98763
74,404,0.0
74,405,6.16367
75,1,
75,2,
75,3,
75,4,
75,5,
75,6,
75,7,
75,8,
75,9,
75,10,
75,11,
75,12,
75,13,
75,14,
75,15,
75,16,
75,17,
75,18,
75,19,
75,20,
75,21,
75,22,
75,23,
75,24,
75,25,
75,26,
75,27,
75,28,
75,29,
75,30,
75,31,
75,32,
75,33,
75,34,
75,35,
75,36,
75,37,
75,38,
75,39,
75,40,
75,41,
75,42,
75,43,
75,44,
75,45,
75,46,
75,47,
75,48,
75,49,
75,50,
75,51,
75,52,
75,53,
75,54,
75,55,
75,56,
75,57,
75,58,
75,59,
75,60,
75,61,
75,62,
75,63,
75,64,
75,65,
75,66,
75,67,
75,68,
75,69,
75,70,
75,71,
75,72,
75,73,
75,74,
75,75,
75,76,
75,77,
75,78,
75,79,
75,80,
75,81,
75,82,
75,83,
75,84,
75,85,
75,86,
75,87,
75,88,
75,89,
75,90,
75,91,
75,92,
75,93,
75,94,
75,95,
75,96,
75,97,
75,98,
75,99,
75,100,
75,101,
75,102,
75,103,
75,104,
75,105,
75,106,
75,107,
75,108,
75,109,
75,110,
75,111,
75,112,
75,113,
75,114,
75,115,
75,116,
75,117,
75,118,
75,119,
75,120,
75,121,
75,122,
75,123,
75,124,
75,125,
75,126,
75,127,
75,128,
75,129,
75,130,
75,131,
75,132,
75,133,
75,134,
75,135,
75,136,
75,137,
75,138,
75,139,
75,140,
75,141,
75,142,
75,143,
75,144,
75,145,
75,146,
75,147,
75,148,
75,149,
75,150,
75,151,
75,152,
75,153,
75,154,
75,155,
75,156,
75,157,
75,158,
75,159,
75,160,
75,161,
75,162,
75,163,
75,164,
75,165,
75,166,
75,167,
75,168,
75,169,
75,170,
75,171,
75,172,
75,173,
75,174,
75,175,
75,176,
75,177,
75,178,
75,179,
75,180,
75,181,
75,182,
75,183,
75,184,
75,185,
75,186,
75,187,
75,188,
75,189,
75,190,
75,191,
75,192,
75,193,
75,194,
75,195,
75,196,
75,197,
75,198,
75,199,
75,200,
75,201,
75,202,
75,203,
75,204,
75,205,
75,206,
75,207,
75,208,
75,209,
75,210,
75,211,
75,212,
75,213,
75,214,
75,215,
75,216,
75,217,
75,218,
75,219,
75,220,
75,221,
75,222,
75,223,
75,224,
75,225,
75,226,
75,227,
75,228,
75,229,
75,230,
75,231,
75,232,
75,233,
75,234,
75,235,
75,236,
75,237,
75,238,
75,239,
75,240,
75,241,
75,242,
75,243,
75,244,
75,245,
75,246,
75,247,
75,248,
75,249,
75,250,
75,251,
75,252,
75,253,
75,254,
75,255,
75,256,
75,257,
75,258,
75,259,
75,260,
75,261,
75,262,
75,263,
75,264,
75,265,
75,266,
75,267,
75,268,
75,269,
75,270,
75,271,
75,272,
75,273,
75,274,
75,275,
75,276,
75,277,
75,278,
75,279,
75,280,
75,281,
75,282,
75,283,
75,284,
75,285,
75,286,
75,287,
75,288,
75,289,
75,290,
75,291,
75,292,
75,293,
75,294,
75,295,
75,296,
75,297,
75,298,
75,299,
75,300,
75,301,
75,302,
75,303,
75,304,
75,305,
75,306,
75,307,
75,308,
75,309,
75,310,
75,311,
75,312,
75,313,
75,314,
75,315,
75,316,
75,317,
75,318,
75,319,
75,320,
75,321,
75,322,
75,323,
75,324,
75,325,
75,326,
75,327,
75,328,
75,329,
75,330,
75,331,
75,332,
75,333,
75,334,
75,335,
75,336,
75,337,
75,338,
75,339,
75,340,
75,341,
75,342,
75,343,
75,344,
75,345,
75,346,
75,347,
75,348,
75,349,
75,350,
75,351,
75,352,
75,353,
75,354,
75,355,
75,356,
75,357,
75,358,
75,359,
75,360,
75,361,
75,362,
75,363,
75,364,
75,365,
75,366,
75,367,
75,368,
75,369,
75,370,
75,371,
75,372,
75,373,
75,374,
75,375,
75,376,
75,377,
75,378,
75,379,
75,380,
75,381,
75,382,
75,383,
75,384,
75,385,
75,386,
75,387,
75,388,
75,389,
75,390,
75,391,
75,392,
75,393,
75,394,
75,395,
75,396,
75,397,
75,398,
75,399,
75,400,
75,401,
75,402,
75,403,
75,404,
75,405,
76,1,
76,2,
76,3,
76,4,
76,5,10.0
76,6,10.0
76,7,
76,8,
76,9,
76,10,
76,11,
76,12,
76,13,6.0
76,14,
76,15,
76,16,
76,17,
76,18,
76,19,
76,20,
76,21,5.0
76,22,
76,23,
76,24,
76,25,
76,26,
76,27,
76,28,
76,29,
76,30,
76,31,
76,32,
76,33,
76,34,
76,35,
76,36,
76,37,
76,38,
76,39,
76,40,
76,41,7.0
76,42,
76,43,
76,44,
76,45,
76,46,
76,47,
76,48,
76,49,
76,50,
76,51,
76,52,
76,53,
76,54,7.0
76,55,
76,56,
76,57,
76,58,7.0
76,59,
76,60,
76,61,
76,62,
76,63,
76,64,
76,65,
76,66,
76,67,
76,68,
76,69,
76,70,
76,71,
76,72,
76,73,
76,74,
76,75,
76,76,
76,77,7.0
76,78,
76,79,
76,80,
76,81,
76,82,
76,83,10.0
76,84,
76,85,
76,86,10.0
76,87,
76,88,
76,89,
76,90,
76,91,10.0
76,92,
76,93,
76,94,
76,95,
76,96,10.0
76,97,
76,98,10.0
76,99,
76,100,
76,101,
76,102,10.0
76,103,
76,104,
76,105,
76,106,
76,107,
76,108,
76,109,
76,110,
76,111,
76,112,
76,113,10.0
76,114,
76,115,
76,116,
76,117,
76,118,
76,119,
76,120,
76,121,10.0
76,122,
76,123,
76,124,
76,125,9.0
76,126,
76,127,
76,128,
76,129,
76,130,
76,131,
76,132,6.0
76,133,4.0
76,134,
76,135,
76,136,
76,137,
76,138,
76,139,6.0
76,140,
76,141,7.0
76,142,
76,143,
76,144,
76,145,
76,146,
76,147,
76,148,
76,149,
76,150,
76,151,
76,152,
76,153,
76,154,
76,155,
76,156,
76,157,
76,158,
76,159,
76,160,
76,161,
76,162,
76,163,
76,164,
76,165,
76,166,
76,167,
76,168,
76,169,7.0
76,170,
76,171,7.0
76,172,
76,173,7.0
76,174,7.0
76,175,7.0
76,176,7.0
76,177,
76,178,
76,179,
76,180,7.0
76,181,
76,182,
76,183,
76,184,7.0
76,185,7.0
76,186,
76,187,
76,188,
76,189,
76,190,
76,191,
76,192,
76,193,
76,194,
76,195,7.0
76,196,
76,197,
76,198,7.0
76,199,
76,200,
76,201,
76,202,
76,203,
76,204,
76,205,
76,206,7.0
76,207,7.0
76,208,
76,209,
76,210,
76,211,
76,212,
76,213,
76,214,
76,215,
76,216,
76,217,
76,218,
76,219,
76,220,
76,221,
76,222,
76,223,
76,224,
76,225,
76,226,
76,227,
76,228,
76,229,
76,230,
76,231,
76,232,
76,233,
76,234,
76,235,
76,236,
76,237,
76,238,
76,239,
76,240,
76,241,
76,242,
76,243,
76,244,7.0
76,245,
76,246,7.0
76,247,
76,248,7.0
76,249,
76,250,
76,251,
76,252,
76,253,7.0
76,254,
76,255,
76,256,
76,257,
76,258,
76,259,
76,260,7.0
76,261,
76,262,
76,263,
76,264,
76,265,
76,266,
76,267,7.0
76,268,
76,269,
76,270,
76,271,
76,272,
76,273,
76,274,
76,275,
76,276,
76,277,
76,278,
76,279,
76,280,
76,281,
76,282,
76,283,
76,284,
76,285,
76,286,
76,287,
76,288,
76,289,
76,290,
76,291,
76,292,
76,293,
76,294,
76,295,
76,296,
76,297,
76,298,7.0
76,299,
76,300,
76,301,
76,302,
76,303,
76,304,
76,305,
76,306,
76,307,
76,308,
76,309,
76,310,
76,311,
76,312,
76,313,7.0
76,314,
76,315,
76,316,
76,317,
76,318,
76,319,
76,320,
76,321,
76,322,
76,323,
76,324,
76,325,
76,326,
76,327,7.0
76,328,
76,329,
76,330,
76,331,6.0
76,332,
76,333,
76,334,6.0
76,335,6.0
76,336,
76,337,
76,338,
76,339,
76,340,
76,341,
76,342,
76,343,6.0
76,344,
76,345,
76,346,
76,347,
76,348,
76,349,
76,350,
76,351,
76,352,
76,353,
76,354,
76,355,6.0
76,356,
76,357,
76,358,
76,359,
76,360,
76,361,6.0
76,362,
76,363,
76,364,
76,365,
76,366,
76,367,
76,368,
76,369,6.0
76,370,
76,371,
76,372,
76,373,
76,374,
76,375,
76,376,
76,377,6.0
76,378,
76,379,
76,380,
76,381,
76,382,
76,383,
76,384,6.0
76,385,
76,386,
76,387,
76,388,
76,389,
76,390,
76,391,
76,392,
76,393,
76,394,
76,395,
76,396,
76,397,5.0
76,398,
76,399,
76,400,
76,401,
76,402,
76,403,
76,404,6.0
76,405,
77,1,9.09752
77,2,6.12595
77,3,5.878
77,4,4.17513
77,5,8.0
77,6,1.0
77,7,6.09153
77,8,5.10467
77,9,4.84054
77,10,7.86714
77,11,4.92439
77,12,6.92402
77,13,6.0
77,14,6.92161
77,15,8.12186
77,16,6.84759
77,17,4.19562
77,18,4.12742
77,19,5.8478
77,20,3.07005
77,21,4.0
77,22,5.0
77,23,2.94421
77,24,4.84944
77,25,0.0599825
77,26,6.05875
77,27,0.128935
77,28,8.89026
77,29,9.0
77,30,5.85946
77,31,6.07414
77,32,6.01561
77,33,0.977291
77,34,6.93748
77,35,0.903946
77,36,3.01698
77,37,7.89237
77,38,2.8901
77,39,3.00332
77,40,3.13081
77,41,5.98575
77,42,5.11015
77,43,5.932
77,44,9.82684
77,45,7.87028
77,46,4.04615
77,47,2.0
77,48,3.97263
77,49,9.05372
77,50,2.92788
77,51,6.80426
77,52,1.0619
77,53,7.8068
77,54,3.0
77,55,9.97651
77,56,0.959913
77,57,1.19094
77,58,6.0
77,59,5.80135
77,60,1.15048
77,61,7.04172
77,62,7.97531
77,63,0.865677
77,64,6.08101
77,65,6.0847
77,66,0.993303
77,67,6.98977
77,68,3.08309
77,69,5.11625
77,70,4.86619
77,71,0.10026
77,72,6.15625
77,73,5.85775
77,74,7.17677
77,75,7.88553
77,76,5.95131
77,77,1.0
77,78,8.96644
77,79,3.83053
77,80,6.94701
77,81,5.85313
77,82,6.12349
77,83,4.0
77,84,3.02112
77,85,4.14344
77,86,5.0
77,87,8.83715
77,88,5.88998
77,89,2.98966
77,90,5.96303
77,91,6.0
77,92,7.98651
77,93,1.13009
77,94,4.86639
77,95,6.91909
77,96,9.0
77,97,9.81816
77,98,4.0
77,99,5.92779
77,100,9.85079
77,101,2.98785
77,102,1.0
77,103,1.07589
77,104,1.07697
77,105,1.15406
77,106,3.94357
77,107,2.951
77,108,9.99952
77,109,4.14308
77,110,3.87015
77,111,3.95171
77,112,7.01624
77,113,2.0
77,114,3.81525
77,115,6.87773
77,116,7.18049
77,117,6.0381
77,118,4.05476
77,119,2.95845
77,120,4.16375
77,121,6.0
77,122,6.15342
77,123,6.076
77,124,4.96355
77,125,4.0
77,126,3.03053
77,127,4.95305
77,128,2.9909
77,129,5.83987
77,130,6.17777
77,131,7.11785
77,132,5.0
77,133,9.0
77,134,3.85694
77,135,7.11846
77,136,9.01285
77,137,8.80827
77,138,8.94426
77,139,1.0
77,140,2.97309
77,141,7.0
77,142,4.01224
77,143,3.07484
77,144,3.07703
77,145,2.94468
77,146,3.08659
77,147,6.98992
77,148,4.06178
77,149,3.88739
77,150,3.96311
77,151,3.89424
77,152,4.02779
77,153,6.19266
77,154,3.1566
77,155,3.90906
77,156,3.94224
77,157,2.82444
77,158,4.0
77,159,4.09897
77,160,6.0
77,161,1.15289
77,162,4.03478
77,163,3.08825
77,164,3.07132
77,165,9.86482
77,166,3.1687
77,167,5.19199
77,168,2.85377
77,169,9.0
77,170,9.0059
77,171,8.0
77,172,9.8378
77,173,10.0
77,174,7.0
77,175,5.0
77,176,1.0
77,177,7.00629
77,178,0.861003
77,179,1.12301
77,180,10.0
77,181,3.94383
77,182,6.90001
77,183,0.862057
77,184,0.0
77,185,7.0
77,186,4.94978
77,187,4.93623
77,188,9.81662
77,189,2.83713
77,190,0.841382
77,191,9.05304
77,192,1.02214
77,193,7.04698
77,194,5.91771
77,195,3.0
77,196,2.95604
77,197,3.89066
77,198,5.0
77,199,5.01658
77,200,6.9437
77,201,5.99463
77,202,4.07898
77,203,6.97904
77,204,4.13167
77,205,2.89888
77,206,7.0
77,207,7.0
77,208,2.87945
77,209,4.16664
77,210,3.84358
77,211,2.05136
77,212,0.0952952
77,213,5.93702
77,214,1.99689
77,215,5.97191
77,216,0.0863343
77,217,5.08288
77,218,9.1131
77,219,8.89942
77,220,9.1891
77,221,8.91251
77,222,9.17833
77,223,9.19017
77,224,8.93302
77,225,8.96373
77,226,4.13105
77,227,4.05319
77,228,3.99808
77,229,4.01525
77,230,2.92753
77,231,3.87925
77,232,3.05598
77,233,3.96268
77,234,2.06207
77,235,4.0519
77,236,6.14558
77,237,9.15846
77,238,4.18049
77,239,3.94816
77,240,6.90082
77,241,7.11703
77,242,7.0875
77,243,7.02301
77,244,3.0
77,245,7.01378
77,246,1.0
77,247,8.88028
77,248,9.0
77,249,3.96118
77,250,4.04101
77,251,3.96406
77,252,2.88091
77,253,7.0
77,254,5.93965
77,255,9.82355
77,256,7.11787
77,257,0.816982
77,258,7.01684
77,259,0.911309
77,260,3.0
77,261,6.0
77,262,8.89345
77,263,2.82099
77,264,4.08524
77,265,3.84124
77,266,6.82055
77,267,4.0
77,268,3.94548
77,269,7.13337
77,270,4.95436
77,271,9.88849
77,272,3.89857
77,273,0.87174
77,274,9.93896
77,275,4.07468
77,276,1.10545
77,277,4.08961
77,278,2.81605
77,279,3.01992
77,280,9.92723
77,281,3.15077
77,282,3.86182
77,283,4.17829
77,284,3.83534
77,285,3.87115
77,286,4.02195
77,287,3.80659
77,288,4.17937
77,289,2.96829
77,290,3.83797
77,291,4.16582
77,292,3.99564
77,293,4.12686
77,294,6.16712
77,295,1.92009
77,296,4.19992
77,297,9.05937
77,298,6.0
77,299,3.04382
77,300,1.87883
77,301,6.05957
77,302,3.88525
77,303,1.96251
77,304,5.11972
77,305,6.11631
77,306,3.17516
77,307,3.08539
77,308,8.86307
77,309,9.87336
77,310,1.92342
77,311,3.03205
77,312,1.04733
77,313,1.0
77,314,1.19677
77,315,4.1066
77,316,9.11248
77,317,0.934512
77,318,4.08493
77,319,3.82109
77,320,3.8787
77,321,3.88377
77,322,4.04823
77,323,3.84773
77,324,3.91939
77,325,4.08995
77,326,4.00198
77,327,6.0
77,328,1.91212
77,329,2.16471
77,330,3.04146
77,331,3.0
77,332,6.9032
77,333,7.10967
77,334,5.0
77,335,4.0
77,336,9.00463
77,337,4.13686
77,338,3.95052
77,339,6.98353
77,340,3.96851
77,341,3.83879
77,342,1.84235
77,343,0.0
77,344,9.85233
77,345,4.09633
77,346,6.01465
77,347,3.9934
77,348,3.03753
77,349,4.03253
77,350,3.94288
77,351,4.1788
77,352,5.96757
77,353,7.85607
77,354,4.17899
77,355,9.0
77,356,3.8777
77,357,4.80442
77,358,6.93464
77,359,6.98308
77,360,9.13355
77,361,6.0
77,362,6.19507
77,363,2.91058
77,364,4.12191
77,365,5.82679
77,366,7.06275
77,367,3.93005
77,368,3.19197
77,369,10.0
77,370,9.94258
77,371,3.98931
77,372,2.04999
77,373,2.99488
77,374,2.0455
77,375,9.09111
77,376,2.81655
77,377,2.0
77,378,4.81768
77,379,7.07008
77,380,4.14085
77,381,5.03794
77,382,6.82236
77,383,2.15671
77,384,7.0
77,385,0.101992
77,386,1.00099
77,387,2.97002
77,388,7.19157
77,389,6.93324
77,390,0.92823
77,391,0.0696112
77,392,7.10969
77,393,8.9805
77,394,1.89641
77,395,7.92196
77,396,9.95244
77,397,10.0
77,398,5.19167
77,399,1.19179
77,400,6.86995
77,401,0.819206
77,402,6.84687
77,403,6.12581
77,404,8.0
77,405,2.88639
78,1,8.07781
78,2,4.85501
78,3,4.92982
78,4,4.84553
78,5,5.0
78,6,-1.0
78,7,4.97689
78,8,8.06433
78,9,9.90804
78,10,4.88045
78,11,9.92985
78,12,5.87227
78,13,5.0
78,14,9.93704
78,15,4.91205
78,16,9.81852
78,17,7.86623
78,18,4.94282
78,19,4.82967
78,20,7.89483
78,21,7.0
78,22,7.0
78,23,9.81843
78,24,-0.910421
78,25,7.9514
78,26,5.02379
78,27,7.8926
78,28,6.04072
78,29,6.0
78,30,4.97879
78,31,9.07654
78,32,9.16919
78,33,8.14892
78,34,5.98802
78,35,5.05728
78,36,9.83904
78,37,5.17782
78,38,7.89773
78,39,7.94521
78,40,7.82593
78,41,9.0
78,42,7.93879
78,43,4.86101
78,44,5.92173
78,45,4.89242
78,46,9.95739
78,47,8.0
78,48,6.86514
78,49,7.92244
78,50,9.9175
78,51,6.02049
78,52,-0.846505
78,53,4.81957
78,54,8.0
78,55,6.09975
78,56,9.91609
78,57,9.88713
78,58,9.0
78,59,8.88535
78,60,9.91794
78,61,5.85669
78,62,5.01749
78,63,-0.98926
78,64,9.12798
78,65,8.85008
78,66,-0.927904
78,67,6.13806
78,68,9.83669
78,69,-0.868022
78,70,9.96977
78,71,7.94985
78,72,9.03798
78,73,9.10453
78,74,5.98527
78,75,9.08023
78,76,9.13298
78,77,9.0
78,78,5.8086
78,79,7.92041
78,80,5.96391
78,81,9.85745
78,82,4.91311
78,83,9.0
78,84,8.12909
78,85,8.04912
78,86,-1.0
78,87,7.99126
78,88,5.14496
78,89,9.90558
78,90,4.86822
78,91,5.0
78,92,5.15491
78,93,8.93885
78,94,9.96844
78,95,5.92936
78,96,8.0
78,97,9.84576
78,98,8.0
78,99,9.9726
78,100,9.90884
78,101,8.19217
78,102,8.0
78,103,7.97472
78,104,7.84118
78,105,8.14684
78,106,4.97966
78,107,7.97321
78,108,9.86136
78,109,9.94648
78,110,9.93899
78,111,9.82897
78,112,4.01817
78,113,10.0
78,114,5.10945
78,115,4.11274
78,116,5.88805
78,117,9.92059
78,118,4.85813
78,119,7.9031
78,120,8.19887
78,121,10.0
78,122,9.87342
78,123,9.92748
78,124,7.83288
78,125,10.0
78,126,7.93065
78,127,7.93184
78,128,7.99227
78,129,9.88523
78,130,9.87803
78,131,3.95414
78,132,10.0
78,133,6.0
78,134,9.80415
78,135,4.04042
78,136,5.97356
78,137,5.85876
78,138,6.02294
78,139,9.0
78,140,8.13643
78,141,10.0
78,142,7.91577
78,143,8.04241
78,144,7.84036
78,145,7.99337
78,146,8.05031
78,147,9.97619
78,148,7.84644
78,149,7.82608
78,150,9.89895
78,151,9.86928
78,152,9.80838
78,153,9.84692
78,154,7.8564
78,155,7.8261
78,156,7.92364
78,157,7.96499
78,158,5.0
78,159,5.06111
78,160,5.0
78,161,9.97804
78,162,9.97261
78,163,8.03883
78,164,7.95486
78,165,5.98783
78,166,7.94625
78,167,7.83051
78,168,7.89038
78,169,-1.0
78,170,-0.870186
78,171,-1.0
78,172,9.99162
78,173,6.0
78,174,8.0
78,175,8.0
78,176,8.0
78,177,7.93543
78,178,-0.852444
78,179,-0.875508
78,180,8.0
78,181,6.94043
78,182,7.89524
78,183,-0.979095
78,184,6.0
78,185,6.0
78,186,8.1908
78,187,8.00469
78,188,9.96274
78,189,8.1831
78,190,9.86536
78,191,9.98847
78,192,8.00872
78,193,8.00484
78,194,-0.813063
78,195,8.0
78,196,8.16555
78,197,7.17542
78,198,8.0
78,199,7.8822
78,200,4.17446
78,201,9.82396
78,202,7.80988
78,203,6.04513
78,204,8.01383
78,205,8.17914
78,206,6.0
78,207,8.0
78,208,9.93465
78,209,7.90545
78,210,7.86075
78,211,8.15369
78,212,7.88341
78,213,4.80797
78,214,7.83434
78,215,9.99213
78,216,7.81194
78,217,9.9287
78,218,5.99373
78,219,6.1675
78,220,5.82623
78,221,5.97192
78,222,5.81864
78,223,6.157
78,224,5.99953
78,225,5.97895
78,226,9.10688
78,227,7.95817
78,228,8.92703
78,229,8.98644
78,230,8.02227
78,231,8.98664
78,232,7.9121
78,233,8.18253
78,234,7.81402
78,235,7.96041
78,236,9.83961
78,237,9.84658
78,238,7.81056
78,239,7.9787
78,240,8.07911
78,241,7.81203
78,242,8.12175
78,243,8.14071
78,244,8.0
78,245,9.88113
78,246,5.0
78,247,9.9872
78,248,6.0
78,249,9.95965
78,250,5.14912
78,251,4.84867
78,252,9.84983
78,253,4.0
78,254,9.87594
78,255,6.03813
78,256,7.82114
78,257,8.10224
78,258,7.81374
78,259,-0.955767
78,260,-1.0
78,261,-1.0
78,262,-0.979566
78,263,8.08527
78,264,5.03477
78,265,4.93227
78,266,9.875
78,267,9.0
78,268,7.80407
78,269,6.05758
78,270,8.0079
78,271,9.85694
78,272,9.86216
78,273,7.83571
78,274,9.944
78,275,9.89612
78,276,9.90421
78,277,7.9072
78,278,7.90243
78,279,7.95607
78,280,5.83251
78,281,8.11903
78,282,6.95126
78,283,9.96699
78,284,9.93113
78,285,5.11194
78,286,5.15019
78,287,7.91434
78,288,7.80678
78,289,7.85888
78,290,9.17491
78,291,9.8541
78,292,8.02601
78,293,9.15117
78,294,9.95605
78,295,8.17692
78,296,6.88788
78,297,7.85802
78,298,10.0
78,299,9.93812
78,300,8.08085
78,301,9.86479
78,302,5.08617
78,303,8.14884
78,304,9.89719
78,305,9.84752
78,306,7.90226
78,307,7.95802
78,308,5.95539
78,309,6.0533
78,310,7.95126
78,311,7.86398
78,312,9.90775
78,313,10.0
78,314,9.91433
78,315,7.81672
78,316,9.98336
78,317,-0.872659
78,318,9.95131
78,319,9.19811
78,320,8.91293
78,321,9.03192
78,322,8.0104
78,323,7.85444
78,324,7.84046
78,325,7.81093
78,326,9.07374
78,327,10.0
78,328,8.06076
78,329,7.86353
78,330,9.87926
78,331,10.0
78,332,3.98062
78,333,4.15427
78,334,10.0
78,335,8.0
78,336,7.95709
78,337,9.15541
78,338,9.90389
78,339,3.87653
78,340,7.94219
78,341,7.1887
78,342,8.11797
78,343,8.0
78,344,8.17788
78,345,8.88862
78,346,9.83407
78,347,7.95047
78,348,7.81041
78,349,8.02354
78,350,9.87727
78,351,8.02397
78,352,9.98511
78,353,8.89443
78,354,9.8662
78,355,10.0
78,356,8.1188
78,357,8.07662
78,358,6.05902
78,359,5.87441
78,360,9.80257
78,361,10.0
78,362,4.87895
78,363,7.90916
78,364,8.1976
78,365,9.98173
78,366,3.95187
78,367,8.13447
78,368,8.11255
78,369,10.0
78,370,9.81139
78,371,7.95604
78,372,8.05112
78,373,7.953
78,374,7.80569
78,375,8.1965
78,376,9.82869
78,377,8.0
78,378,7.97196
78,379,3.86013
78,380,9.8196
78,381,9.90269
78,382,4.02832
78,383,8.14234
78,384,10.0
78,385,7.97254
78,386,7.98723
78,387,7.82284
78,388,7.83354
78,389,7.93555
78,390,4.82132
78,391,5.95335
78,392,9.89137
78,393,9.82123
78,394,7.80765
78,395,9.1584
78,396,6.12155
78,397,8.0
78,398,8.03355
78,399,7.96939
78,400,7.92948
78,401,4.83727
78,402,6.00858
78,403,-0.945241
78,404,9.0
78,405,7.95086
79,1,9.89152
79,2,2.80207
79,3,3.08466
79,4,2.82713
79,5,9.0
79,6,9.0
79,7,3.02515
79,8,6.83685
79,9,4.87963
79,10,8.96819
79,11,4.93492
79,12,9.98153
79,13,3.0
79,14,9.92089
79,15,9.18645
79,16,9.87412
79,17,6.85546
79,18,2.93877
79,19,2.06392
79,20,7.13023
79,21,7.0
79,22,9.0
79,23,7.88161
79,24,9.82137
79,25,9.97653
79,26,2.19993
79,27,9.88254
79,28,9.16666
79,29,2.0
79,30,2.99007
79,31,9.17321
79,32,8.8731
79,33,7.94281
79,34,9.8321
79,35,9.83227
79,36,8.15627
79,37,9.01222
79,38,6.83527
79,39,7.13154
79,40,6.92928
79,41,3.0
79,42,7.83491
79,43,1.84801
79,44,4.83318
79,45,8.92887
79,46,6.98106
79,47,1.0
79,48,7.15973
79,49,9.93015
79,50,7.88459
79,51,9.83423
79,52,9.01152
79,53,8.84276
79,54,7.0
79,55,4.9758
79,56,9.82517
79,57,9.83871
79,58,9.0
79,59,9.06237
79,60,9.96851
79,61,9.89515
79,62,9.1713
79,63,8.9374
79,64,9.11588
79,65,9.05026
79,66,8.81436
79,67,9.88196
79,68,7.92245
79,69,9.85967
79,70,9.9546
79,71,9.87768
79,72,9.17333
79,73,9.14628
79,74,9.92684
79,75,9.0883
79,76,2.97239
79,77,3.0
79,78,2.0059
79,79,6.86698
79,80,9.85969
79,81,3.06075
79,82,1.85647
79,83,1.0
79,84,6.83697
79,85,6.84859
79,86,10.0
79,87,9.81131
79,88,3.17321
79,89,7.82044
79,90,2.07348
79,91,2.0
79,92,9.19292
79,93,3.0978
79,94,5.10481
79,95,9.94822
79,96,10.0
79,97,7.09915
79,98,9.0
79,99,5.86622
79,100,6.98645
79,101,6.81231
79,102,8.0
79,103,7.97776
79,104,7.98596
79,105,7.98581
79,106,3.16008
79,107,7.06842
79,108,7.13258
79,109,6.96668
79,110,7.11198
79,111,7.10529
79,112,8.01389
79,113,7.0
79,114,2.97224
79,115,8.03796
79,116,9.90688
79,117,6.05119
79,118,3.19627
79,119,6.93503
79,120,7.12296
79,121,1.0
79,122,1.13269
79,123,0.857794
79,124,7.83711
79,125,7.0
79,126,7.08908
79,127,6.81403
79,128,7.01375
79,129,9.95173
79,130,9.93974
79,131,7.83197
79,132,5.0
79,133,9.0
79,134,6.80632
79,135,7.96342
79,136,9.14852
79,137,9.0725
79,138,9.19757
79,139,3.0
79,140,7.04546
79,141,10.0
79,142,6.8792
79,143,7.0092
79,144,7.13506
79,145,6.84199
79,146,6.81993
79,147,9.87467
79,148,8.87032
79,149,9.18008
79,150,7.03149
79,151,6.97828
79,152,6.98953
79,153,6.11701
79,154,7.00352
79,155,7.16358
79,156,6.97568
79,157,7.15729
79,158,3.0
79,159,2.87513
79,160,2.0
79,161,9.83715
79,162,7.19013
79,163,7.14775
79,164,6.83088
79,165,5.05235
79,166,7.08622
79,167,7.88932
79,168,6.91057
79,169,4.0
79,170,3.83267
79,171,5.0
79,172,6.80073
79,173,5.0
79,174,8.0
79,175,7.0
79,176,8.0
79,177,8.08994
79,178,8.91773
79,179,8.95323
79,180,7.0
79,181,6.87689
79,182,8.15559
79,183,9.19692
79,184,7.0
79,185,3.0
79,186,8.00388
79,187,8.02639
79,188,6.82317
79,189,9.96408
79,190,9.82964
79,191,7.88603
79,192,7.97311
79,193,7.8479
79,194,5.81929
79,195,10.0
79,196,9.89903
79,197,7.06134
79,198,8.0
79,199,8.07766
79,200,7.82508
79,201,0.823961
79,202,7.0018
79,203,9.87959
79,204,9.0638
79,205,6.96856
79,206,10.0
79,207,8.0
79,208,8.07821
79,209,6.82565
79,210,7.08488
79,211,6.86195
79,212,9.88024
79,213,2.12156
79,214,7.02466
79,215,6.19193
79,216,9.95166
79,217,5.07751
79,218,9.12394
79,219,8.92908
79,220,9.19572
79,221,8.8563
79,222,8.94195
79,223,9.04388
79,224,9.18155
79,225,9.03607
79,226,3.01372
79,227,8.87625
79,228,2.97737
79,229,3.18676
79,230,7.04639
79,231,2.91757
79,232,6.86227
79,233,9.00831
79,234,6.8298
79,235,6.93577
79,236,6.14308
79,237,8.0055
79,238,8.84733
79,239,7.01271
79,240,8.19349
79,241,7.991
79,242,7.93839
79,243,7.95249
79,244,7.0
79,245,9.93822
79,246,10.0
79,247,8.17449
79,248,3.0
79,249,7.1179
79,250,3.14397
79,251,2.85654
79,252,7.83668
79,253,8.0
79,254,9.95445
79,255,5.14238
79,256,7.85061
79,257,7.84047
79,258,7.92382
79,259,8.94053
79,260,7.0
79,261,6.0
79,262,3.96129
79,263,6.82017
79,264,3.08075
79,265,2.90708
79,266,9.87904
79,267,3.0
79,268,8.95346
79,269,9.93344
79,270,6.87187
79,271,6.98444
79,272,6.92697
79,273,7.93833
79,274,7.02175
79,275,6.95675
79,276,9.88507
79,277,6.82921
79,278,6.82116
79,279,7.18736
79,280,4.94863
79,281,6.89939
79,282,7.14203
79,283,6.9498
79,284,6.93238
79,285,3.14334
79,286,3.02994
79,287,9.0465
79,288,8.84728
79,289,7.06353
79,290,2.88072
79,291,7.08342
79,292,9.09346
79,293,3.13154
79,294,5.89932
79,295,1.14343
79,296,7.07129
79,297,9.88962
79,298,10.0
79,299,7.95354
79,300,7.12638
79,301,6.04341
79,302,2.9215
79,303,6.81631
79,304,5.06011
79,305,6.17214
79,306,7.11961
79,307,7.09383
79,308,9.0841
79,309,4.96477
79,310,6.96236
79,311,6.88818
79,312,9.88917
79,313,10.0
79,314,9.84488
79,315,9.15226
79,316,7.92838
79,317,9.04553
79,318,7.01755
79,319,3.01204
79,320,2.95737
79,321,2.96795
79,322,8.87931
79,323,9.07834
79,324,9.07082
79,325,9.16203
79,326,2.82259
79,327,6.0
79,328,7.09703
79,329,7.05099
79,330,8.02885
79,331,8.0
79,332,8.00303
79,333,7.95095
79,334,10.0
79,335,7.0
79,336,9.90764
79,337,3.08676
79,338,6.88521
79,339,7.87864
79,340,9.1857
79,341,6.8594
79,342,7.1861
79,343,10.0
79,344,6.90694
79,345,3.18751
79,346,9.98884
79,347,8.83157
79,348,7.06708
79,349,7.18156
79,350,7.16029
79,351,8.95448
79,352,6.09245
79,353,8.92499
79,354,6.99339
79,355,8.0
79,356,9.14217
79,357,7.98104
79,358,9.87559
79,359,9.9726
79,360,8.0102
79,361,3.0
79,362,2.1863
79,363,7.10061
79,364,9.00037
79,365,6.01978
79,366,8.18514
79,367,7.16269
79,368,6.83494
79,369,7.0
79,370,7.17367
79,371,6.94651
79,372,6.97644
79,373,6.9511
79,374,7.1072
79,375,9.88212
79,376,7.83491
79,377,7.0
79,378,8.01769
79,379,7.8334
79,380,7.02386
79,381,5.07013
79,382,8.19765
79,383,7.19257
79,384,7.0
79,385,9.99618
79,386,7.91081
79,387,6.95776
79,388,7.9581
79,389,7.9437
79,390,9.87783
79,391,6.89799
79,392,6.97646
79,393,8.16563
79,394,7.13257
79,395,9.03166
79,396,4.84579
79,397,8.0
79,398,7.11531
79,399,8.15438
79,400,7.89031
79,401,9.93124
79,402,3.01655
79,403,5.97279
79,404,9.0
79,405,9.81079
80,1,
80,2,
80,3,
80,4,
80,5,
80,6,
80,7,
80,8,
80,9,
80,10,
80,11,
80,12,
80,13,
80,14,
80,15,
80,16,
80,17,
80,18,
80,19,
80,20,
80,21,
80,22,
80,23,
80,24,
80,25,
80,26,
80,27,
80,28,
80,29,
80,30,
80,31,
80,32,
80,33,
80,34,
80,35,
80,36,
80,37,
80,38,
80,39,
80,40,
80,41,
80,42,
80,43,
80,44,
80,45,
80,46,
80,47,
80,48,
80,49,
80,50,
80,51,
80,52,
80,53,
80,54,
80,55,
80,56,
80,57,
80,58,
80,59,
80,60,
80,61,
80,62,
80,63,
80,64,
80,65,
80,66,
80,67,
80,68,
80,69,
80,70,
80,71,
80,72,
80,73,
80,74,
80,75,
80,76,
80,77,
80,78,
80,79,
80,80,
80,81,
80,82,
80,83,
80,84,
80,85,
80,86,
80,87,
80,88,
80,89,
80,90,
80,91,
80,92,
80,93,
80,94,
80,95,
80,96,
80,97,
80,98,
80,99,
80,100,
80,101,
80,102,
80,103,
80,104,
80,105,
80,106,
80,107,
80,108,
80,109,
80,110,
80,111,
80,112,
80,113,
80,114,
80,115,
80,116,
80,117,
80,118,
80,119,
80,120,
80,121,
80,122,
80,123,
80,124,
80,125,
80,126,
80,127,
80,128,
80,129,
80,130,
80,131,
80,132,
80,133,
80,134,
80,135,
80,136,
80,137,
80,138,
80,139,
80,140,
80,141,
80,142,
80,143,
80,144,
80,145,
80,146,
80,147,
80,148,
80,149,
80,150,
80,151,
80,152,
80,153,
80,154,
80,155,
80,156,
80,157,
80,158,
80,159,
80,160,
80,161,
80,162,
80,163,
80,164,
80,165,
80,166,
80,167,
80,168,
80,169,
80,170,
80,171,
80,172,
80,173,
80,174,
80,175,
80,176,
80,177,
80,178,
80,179,
80,180,
80,181,
80,182,
80,183,
80,184,
80,185,
80,186,
80,187,
80,188,
80,189,
80,190,
80,191,
80,192,
80,193,
80,194,
80,195,
80,196,
80,197,
80,198,
80,199,
80,200,
80,201,
80,202,
80,203,
80,204,
80,205,
80,206,7.0
80,207,
80,208,
80,209,
80,210,
80,211,
80,212,
80,213,
80,214,
80,215,
80,216,
80,217,
80,218,
80,219,
80,220,
80,221,
80,222,
80,223,
80,224,
80,225,
80,226,
80,227,
80,228,
80,229,
80,230,
80,231,
80,232,
80,233,
80,234,
80,235,
80,236,
80,237,
80,238,
80,239,
80,240,
80,241,
80,242,
80,243,
80,244,
80,245,
80,246,
80,247,
80,248,
80,249,
80,250,
80,251,
80,252,
80,253,
80,254,
80,255,
80,256,
80,257,
80,258,
80,259,
80,260,
80,261,
80,262,
80,263,
80,264,
80,265,
80,266,
80,267,
80,268,
80,269,
80,270,
80,271,
80,272,
80,273,
80,274,
80,275,
80,276,
80,277,
80,278,
80,279,
80,280,
80,281,
80,282,
80,283,
80,284,
80,285,
80,286,
80,287,
80,288,
80,289,
80,290,
80,291,
80,292,
80,293,
80,294,
80,295,
80,296,
80,297,
80,298,
80,299,
80,300,
80,301,
80,302,
80,303,
80,304,
80,305,
80,306,
80,307,
80,308,
80,309,
80,310,
80,311,
80,312,
80,313,
80,314,
80,315,
80,316,
80,317,
80,318,
80,319,
80,320,
80,321,
80,322,
80,323,
80,324,
80,325,
80,326,
80,327,
80,328,
80,329,
80,330,
80,331,
80,332,
80,333,
80,334,
80,335,
80,336,
80,337,
80,338,
80,339,
80,340,
80,341,
80,342,
80,343,
80,344,
80,345,
80,346,
80,347,
80,348,
80,349,
80,350,
80,351,
80,352,
80,353,
80,354,
80,355,
80,356,
80,357,
80,358,
80,359,
80,360,
80,361,
80,362,
80,363,
80,364,
80,365,
80,366,
80,367,
80,368,
80,369,
80,370,
80,371,
80,372,
80,373,
80,374,
80,375,
80,376,
80,377,
80,378,
80,379,
80,380,
80,381,
80,382,
80,383,
80,384,
80,385,
80,386,
80,387,
80,388,
80,389,
80,390,
80,391,
80,392,
80,393,
80,394,
80,395,
80,396,
80,397,
80,398,
80,399,
80,400,
80,401,
80,402,
80,403,
80,404,7.0
80,405,
81,1,2.04153
81,2,9.98583
81,3,9.93098
81,4,8.02409
81,5,10.0
81,6,10.0
81,7,9.89012
81,8,9.0471
81,9,9.81228
81,10,9.89316
81,11,9.95488
81,12,0.156613
81,13,10.0
81,14,7.8725
81,15,9.81114
81,16,8.088
81,17,9.15392
81,18,8.19872
81,19,2.02888
81,20,9.81975
81,21,10.0
81,22,10.0
81,23,7.06746
81,24,9.98841
81,25,7.13996
81,26,1.98303
81,27,7.08965
81,28,9.88374
81,29,7.0
81,30,9.81409
81,31,5.98969
81,32,5.85839
81,33,7.81118
81,34,0.133316
81,35,9.84715
81,36,7.10894
81,37,9.93464
81,38,9.8996
81,39,9.96351
81,40,2.93481
81,41,7.0
81,42,5.95443
81,43,9.07206
81,44,9.89073
81,45,9.96611
81,46,9.96382
81,47,7.0
81,48,9.94017
81,49,1.80714
81,50,6.94792
81,51,0.124428
81,52,9.91834
81,53,9.88413
81,54,3.0
81,55,9.89709
81,56,7.13604
81,57,6.8408
81,58,6.0
81,59,6.19376
81,60,7.11709
81,61,0.0504929
81,62,9.90461
81,63,9.95603
81,64,5.83407
81,65,6.13794
81,66,9.85834
81,67,0.0878607
81,68,6.97563
81,69,9.92697
81,70,8.19828
81,71,6.83524
81,72,5.84982
81,73,6.1585
81,74,0.143298
81,75,9.89663
81,76,6.89694
81,77,7.0
81,78,7.13948
81,79,9.07446
81,80,0.132932
81,81,8.18744
81,82,2.1932
81,83,8.0
81,84,9.92376
81,85,8.87617
81,86,10.0
81,87,1.81154
81,88,9.98733
81,89,7.02142
81,90,9.02964
81,91,9.0
81,92,9.87005
81,93,7.18944
81,94,9.81285
81,95,0.113367
81,96,2.0
81,97,8.05672
81,98,3.0
81,99,7.01045
81,100,8.17259
81,101,9.96985
81,102,2.0
81,103,2.12484
81,104,2.06028
81,105,2.05731
81,106,8.0763
81,107,9.82187
81,108,7.87151
81,109,9.8045
81,110,9.91996
81,111,9.83273
81,112,9.88551
81,113,10.0
81,114,7.8973
81,115,9.82961
81,116,0.0771552
81,117,6.83497
81,118,7.9212
81,119,9.84661
81,120,8.85129
81,121,10.0
81,122,9.81153
81,123,9.80912
81,124,6.01942
81,125,10.0
81,126,9.89046
81,127,8.9682
81,128,3.19196
81,129,1.04522
81,130,0.810186
81,131,9.88907
81,132,10.0
81,133,10.0
81,134,9.81009
81,135,9.95073
81,136,9.81079
81,137,9.81682
81,138,9.88375
81,139,8.0
81,140,9.83801
81,141,8.0
81,142,9.05755
81,143,9.88723
81,144,9.93369
81,145,9.99297
81,146,9.91037
81,147,8.10103
81,148,2.81817
81,149,3.17799
81,150,9.97006
81,151,9.92709
81,152,9.97117
81,153,6.85916
81,154,9.92957
81,155,9.04151
81,156,8.81627
81,157,9.93115
81,158,8.0
81,159,8.16624
81,160,2.0
81,161,7.15306
81,162,9.91319
81,163,9.94606
81,164,9.94839
81,165,9.82394
81,166,9.9662
81,167,5.88124
81,168,9.83369
81,169,2.0
81,170,1.85779
81,171,10.0
81,172,7.88731
81,173,10.0
81,174,2.0
81,175,9.0
81,176,8.0
81,177,9.00672
81,178,9.85246
81,179,9.90618
81,180,7.0
81,181,9.9436
81,182,9.17436
81,183,9.82169
81,184,3.0
81,185,10.0
81,186,6.00458
81,187,5.97224
81,188,7.80253
81,189,5.04993
81,190,6.95689
81,191,8.83855
81,192,8.16232
81,193,9.04715
81,194,3.1025
81,195,5.0
81,196,5.16355
81,197,9.81686
81,198,6.0
81,199,5.95655
81,200,9.94056
81,201,9.90819
81,202,9.08406
81,203,0.0046151
81,204,2.80947
81,205,9.89001
81,206,0.0
81,207,9.0
81,208,6.80704
81,209,9.15365
81,210,8.90771
81,211,3.13254
81,212,6.87553
81,213,2.01878
81,214,2.93539
81,215,7.01521
81,216,7.04808
81,217,9.80686
81,218,9.89383
81,219,9.86057
81,220,9.98578
81,221,9.9926
81,222,9.98643
81,223,9.80226
81,224,9.99777
81,225,9.97772
81,226,2.94169
81,227,2.90107
81,228,2.86945
81,229,2.82436
81,230,9.91029
81,231,2.90078
81,232,9.85034
81,233,2.85063
81,234,3.12099
81,235,8.90548
81,236,6.80559
81,237,9.02068
81,238,2.98303
81,239,9.17643
81,240,8.88904
81,241,8.86247
81,242,9.15033
81,243,9.19296
81,244,10.0
81,245,8.19503
81,246,10.0
81,247,9.04253
81,248,10.0
81,249,9.92774
81,250,8.15609
81,251,7.98622
81,252,6.82106
81,253,10.0
81,254,0.91962
81,255,9.9655
81,256,2.09573
81,257,7.98524
81,258,8.89668
81,259,9.91156
81,260,3.0
81,261,3.0
81,262,2.14002
81,263,9.92602
81,264,8.06339
81,265,8.17527
81,266,8.13974
81,267,3.0
81,268,2.83416
81,269,0.0327091
81,270,9.04802
81,271,7.81485
81,272,9.87568
81,273,7.85263
81,274,8.14909
81,275,9.84374
81,276,6.98324
81,277,8.95279
81,278,9.82867
81,279,9.80519
81,280,9.93016
81,281,9.90627
81,282,9.90854
81,283,9.85502
81,284,9.99617
81,285,8.0836
81,286,7.96804
81,287,3.06326
81,288,2.90808
81,289,9.85107
81,290,3.17263
81,291,9.85016
81,292,3.19691
81,293,2.94504
81,294,6.841
81,295,6.85046
81,296,9.81731
81,297,1.82345
81,298,1.0
81,299,7.18624
81,300,3.10868
81,301,6.8633
81,302,7.80805
81,303,3.14608
81,304,9.84956
81,305,6.94076
81,306,9.87633
81,307,9.96853
81,308,9.91686
81,309,9.86663
81,310,3.14569
81,311,9.88473
81,312,6.94585
81,313,7.0
81,314,7.17483
81,315,3.01681
81,316,8.84595
81,317,9.82906
81,318,9.99745
81,319,2.96056
81,320,3.14726
81,321,2.94043
81,322,3.10629
81,323,2.9972
81,324,3.0291
81,325,3.19112
81,326,2.81005
81,327,7.0
81,328,3.1659
81,329,3.02776
81,330,6.98274
81,331,7.0
81,332,9.97253
81,333,9.91464
81,334,8.0
81,335,9.0
81,336,1.87073
81,337,2.98169
81,338,9.83656
81,339,9.97643
81,340,2.81452
81,341,9.94629
81,342,2.85028
81,343,7.0
81,344,6.81728
81,345,3.18987
81,346,0.882412
81,347,2.87054
81,348,9.83772
81,349,8.90247
81,350,9.93922
81,351,2.91381
81,352,6.88875
81,353,9.88747
81,354,9.92314
81,355,9.0
81,356,3.09291
81,357,5.89767
81,358,0.0677571
81,359,0.169698
81,360,8.91588
81,361,8.0
81,362,1.90248
81,363,9.91742
81,364,2.84984
81,365,7.18949
81,366,9.961
81,367,8.94717
81,368,9.97975
81,369,8.0
81,370,8.11575
81,371,9.13358
81,372,2.9229
81,373,9.81596
81,374,2.80005
81,375,2.06923
81,376,7.0135
81,377,3.0
81,378,5.98723
81,379,9.88864
81,380,9.83744
81,381,9.95902
81,382,9.96976
81,383,2.92839
81,384,10.0
81,385,6.93817
81,386,8.01303
81,387,9.96619
81,388,8.87391
81,389,9.07249
81,390,9.84885
81,391,2.98511
81,392,9.97973
81,393,8.89556
81,394,3.04798
81,395,9.91313
81,396,9.92759
81,397,10.0
81,398,8.9727
81,399,7.95335
81,400,9.12801
81,401,9.94752
81,402,9.97972
81,403,3.08258
81,404,10.0
81,405,4.81209
82,1,
82,2,
82,3,
82,4,
82,5,3.0
82,6,10.0
82,7,
82,8,
82,9,
82,10,
82,11,
82,12,
82,13,4.0
82,14,
82,15,
82,16,
82,17,
82,18,
82,19,
82,20,
82,21,8.0
82,22,6.0
82,23,
82,24,
82,25,
82,26,
82,27,
82,28,
82,29,1.0
82,30,
82,31,
82,32,
82,33,
82,34,
82,35,
82,36,
82,37,
82,38,
82,39,
82,40,
82,41,4.0
82,42,
82,43,
82,44,
82,45,
82,46,
82,47,10.0
82,48,
82,49,
82,50,
82,51,
82,52,
82,53,
82,54,9.0
82,55,
82,56,
82,57,
82,58,6.0
82,59,
82,60,
82,61,
82,62,
82,63,
82,64,
82,65,
82,66,
82,67,
82,68,
82,69,
82,70,
82,71,
82,72,
82,73,
82,74,
82,75,
82,76,
82,77,10.0
82,78,
82,79,
82,80,
82,81,
82,82,
82,83,8.0
82,84,
82,85,
82,86,7.0
82,87,
82,88,
82,89,
82,90,
82,91,7.0
82,92,
82,93,
82,94,
82,95,
82,96,10.0
82,97,
82,98,9.0
82,99,
82,100,
82,101,
82,102,10.0
82,103,
82,104,
82,105,
82,106,
82,107,
82,108,
82,109,
82,110,
82,111,
82,112,
82,113,10.0
82,114,
82,115,
82,116,
82,117,
82,118,
82,119,
82,120,
82,121,7.0
82,122,
82,123,
82,124,
82,125,5.0
82,126,
82,127,
82,128,
82,129,
82,130,
82,131,
82,132,10.0
82,133,8.0
82,134,
82,135,
82,136,
82,137,
82,138,
82,139,10.0
82,140,
82,141,9.0
82,142,
82,143,
82,144,
82,145,
82,146,
82,147,
82,148,
82,149,
82,150,
82,151,
82,152,
82,153,
82,154,
82,155,
82,156,
82,157,
82,158,4.0
82,159,
82,160,-1.0
82,161,
82,162,
82,163,
82,164,
82,165,
82,166,
82,167,
82,168,
82,169,7.0
82,170,
82,171,10.0
82,172,
82,173,9.0
82,174,10.0
82,175,8.0
82,176,8.0
82,177,
82,178,
82,179,
82,180,8.0
82,181,
82,182,
82,183,
82,184,7.0
82,185,10.0
82,186,
82,187,
82,188,
82,189,
82,190,
82,191,
82,192,
82,193,
82,194,
82,195,10.0
82,196,
82,197,
82,198,8.0
82,199,
82,200,
82,201,
82,202,
82,203,
82,204,
82,205,
82,206,7.0
82,207,7.0
82,208,
82,209,
82,210,
82,211,
82,212,
82,213,
82,214,
82,215,
82,216,
82,217,
82,218,
82,219,
82,220,
82,221,
82,222,
82,223,
82,224,
82,225,
82,226,
82,227,
82,228,
82,229,
82,230,
82,231,
82,232,
82,233,
82,234,
82,235,
82,236,
82,237,
82,238,
82,239,
82,240,
82,241,
82,242,
82,243,
82,244,6.0
82,245,
82,246,5.0
82,247,
82,248,10.0
82,249,
82,250,
82,251,
82,252,
82,253,8.0
82,254,
82,255,
82,256,
82,257,
82,258,
82,259,
82,260,8.0
82,261,7.0
82,262,
82,263,
82,264,
82,265,
82,266,
82,267,8.0
82,268,
82,269,
82,270,
82,271,
82,272,
82,273,
82,274,
82,275,
82,276,
82,277,
82,278,
82,279,
82,280,
82,281,
82,282,
82,283,
82,284,
82,285,
82,286,
82,287,
82,288,
82,289,
82,290,
82,291,
82,292,
82,293,
82,294,
82,295,
82,296,
82,297,
82,298,9.0
82,299,
82,300,
82,301,
82,302,
82,303,
82,304,
82,305,
82,306,
82,307,
82,308,
82,309,
82,310,
82,311,
82,312,
82,313,10.0
82,314,
82,315,
82,316,
82,317,
82,318,
82,319,
82,320,
82,321,
82,322,
82,323,
82,324,
82,325,
82,326,
82,327,9.0
82,328,
82,329,
82,330,
82,331,5.0
82,332,
82,333,
82,334,10.0
82,335,6.0
82,336,
82,337,
82,338,
82,339,
82,340,
82,341,
82,342,
82,343,2.0
82,344,
82,345,
82,346,
82,347,
82,348,
82,349,
82,350,
82,351,
82,352,
82,353,
82,354,
82,355,9.0
82,356,
82,357,
82,358,
82,359,
82,360,
82,361,10.0
82,362,
82,363,
82,364,
82,365,
82,366,
82,367,
82,368,
82,369,7.0
82,370,
82,371,
82,372,
82,373,
82,374,
82,375,
82,376,
82,377,7.0
82,378,
82,379,
82,380,
82,381,
82,382,
82,383,
82,384,10.0
82,385,
82,386,
82,387,
82,388,
82,389,
82,390,
82,391,
82,392,
82,393,
82,394,
82,395,
82,396,
82,397,10.0
82,398,
82,399,
82,400,
82,401,
82,402,
82,403,
82,404,9.0
82,405,
83,1,3.85158
83,2,9.81044
83,3,9.87978
83,4,0.936369
83,5,10.0
83,6,10.0
83,7,9.94111
83,8,5.88439
83,9,0.199339
83,10,9.90766
83,11,0.0782101
83,12,9.99142
83,13,10.0
83,14,6.87711
83,15,9.97086
83,16,6.89334
83,17,8.18138
83,18,1.17812
83,19,0.0429416
83,20,7.98079
83,21,0.0
83,22,10.0
83,23,9.86834
83,24,6.01821
83,25,6.10423
83,26,0.108636
83,27,6.11757
83,28,4.18828
83,29,10.0
83,30,9.82643
83,31,9.06405
83,32,8.93794
83,33,9.17797
83,34,9.9137
83,35,7.0311
83,36,9.86029
83,37,9.8679
83,38,7.98381
83,39,8.1986
83,40,7.82063
83,41,10.0
83,42,1.82095
83,43,6.90154
83,44,0.0468244
83,45,9.93913
83,46,7.98104
83,47,5.0
83,48,0.0436613
83,49,3.80235
83,50,9.8821
83,51,9.84744
83,52,9.94331
83,53,9.9904
83,54,8.0
83,55,0.156667
83,56,2.05922
83,57,1.88933
83,58,9.0
83,59,8.88239
83,60,2.05244
83,61,9.93817
83,62,9.90811
83,63,9.98998
83,64,8.81616
83,65,8.9378
83,66,9.98387
83,67,9.94326
83,68,9.86608
83,69,5.82901
83,70,0.169456
83,71,6.11596
83,72,8.95434
83,73,9.03067
83,74,9.81256
83,75,9.94755
83,76,9.83575
83,77,1.0
83,78,9.94307
83,79,7.98918
83,80,9.86253
83,81,9.92385
83,82,0.0923522
83,83,9.0
83,84,8.04114
83,85,7.92579
83,86,6.0
83,87,4.194
83,88,9.87242
83,89,9.95819
83,90,6.97624
83,91,7.0
83,92,9.85417
83,93,0.987786
83,94,0.0981515
83,95,9.99115
83,96,4.0
83,97,0.101415
83,98,5.0
83,99,1.10548
83,100,0.146387
83,101,7.84094
83,102,7.0
83,103,7.0331
83,104,6.88606
83,105,7.05991
83,106,0.928214
83,107,7.95877
83,108,0.0407105
83,109,8.16248
83,110,7.84514
83,111,7.82839
83,112,9.92418
83,113,0.0
83,114,1.05686
83,115,9.98387
83,116,9.82425
83,117,1.17997
83,118,1.14078
83,119,7.90024
83,120,8.15233
83,121,2.0
83,122,1.93717
83,123,2.1018
83,124,2.00884
83,125,8.0
83,126,7.86676
83,127,5.80566
83,128,7.83455
83,129,6.02258
83,130,5.80625
83,131,9.93467
83,132,0.0
83,133,4.0
83,134,7.85259
83,135,9.94669
83,136,3.9767
83,137,4.07197
83,138,4.19406
83,139,3.0
83,140,7.81174
83,141,7.0
83,142,7.80105
83,143,8.01689
83,144,7.88273
83,145,7.89362
83,146,8.13693
83,147,6.9236
83,148,4.92235
83,149,4.88463
83,150,7.8498
83,151,8.11772
83,152,7.86136
83,153,0.89552
83,154,7.94207
83,155,7.94425
83,156,7.92216
83,157,8.06173
83,158,1.0
83,159,1.19682
83,160,0.0
83,161,2.01228
83,162,7.91926
83,163,8.05722
83,164,7.89556
83,165,0.151921
83,166,8.17006
83,167,2.18047
83,168,8.05884
83,169,0.0
83,170,0.164054
83,171,0.0
83,172,0.0210727
83,173,0.0
83,174,9.0
83,175,6.0
83,176,9.0
83,177,8.97371
83,178,9.97455
83,179,9.83365
83,180,8.0
83,181,0.00902539
83,182,8.95018
83,183,9.90798
83,184,4.0
83,185,7.0
83,186,2.01227
83,187,1.95263
83,188,0.0812958
83,189,4.94046
83,190,2.04243
83,191,-0.872142
83,192,9.109
83,193,8.92189
83,194,8.10852
83,195,5.0
83,196,5.11139
83,197,0.00539164
83,198,2.0
83,199,2.1674
83,200,9.96723
83,201,2.05633
83,202,8.04563
83,203,9.85322
83,204,5.10088
83,205,7.81772
83,206,10.0
83,207,9.0
83,208,9.96863
83,209,8.14897
83,210,8.19242
83,211,-0.966794
83,212,6.15073
83,213,0.0705423
83,214,-0.831528
83,215,1.10835
83,216,5.91659
83,217,0.117779
83,218,4.17393
83,219,3.94081
83,220,3.90926
83,221,4.13888
83,222,3.91563
83,223,4.12141
83,224,4.08199
83,225,3.99058
83,226,6.96623
83,227,5.13423
83,228,7.12939
83,229,6.91425
83,230,7.95158
83,231,7.03506
83,232,8.07077
83,233,5.17416
83,234,-0.905001
83,235,8.00011
83,236,1.1064
83,237,-0.980792
83,238,5.08826
83,239,7.98585
83,240,9.06131
83,241,8.99963
83,242,9.09396
83,243,9.13279
83,244,8.0
83,245,7.15496
83,246,7.0
83,247,-0.985774
83,248,10.0
83,249,8.06476
83,250,0.89879
83,251,1.16738
83,252,9.96144
83,253,10.0
83,254,6.15504
83,255,0.0316184
83,256,9.17888
83,257,8.88254
83,258,8.89543
83,259,9.81277
83,260,1.0
83,261,8.0
83,262,0.0377875
83,263,7.97339
83,264,0.989904
83,265,1.06779
83,266,7.06065
83,267,7.0
83,268,5.02366
83,269,9.97797
83,270,5.9064
83,271,0.0280977
83,272,8.03949
83,273,8.88528
83,274,0.049787
83,275,8.11096
83,276,2.00447
83,277,7.85909
83,278,8.05127
83,279,7.92841
83,280,0.0969191
83,281,8.15392
83,282,0.0794428
83,283,8.10984
83,284,7.84552
83,285,1.13033
83,286,1.08338
83,287,5.17332
83,288,5.06859
83,289,7.88623
83,290,6.92612
83,291,7.95932
83,292,4.96816
83,293,6.96272
83,294,0.808885
83,295,4.84057
83,296,0.159965
83,297,3.87562
83,298,6.0
83,299,9.93229
83,300,-0.939397
83,301,1.00627
83,302,1.0244
83,303,-0.889178
83,304,0.0891561
83,305,0.993336
83,306,8.00071
83,307,7.83496
83,308,4.01216
83,309,0.00660823
83,310,-0.827644
83,311,8.15782
83,312,1.87861
83,313,2.0
83,314,2.00178
83,315,4.8724
83,316,-0.945106
83,317,9.96782
83,318,7.81821
83,319,6.88458
83,320,7.09561
83,321,7.02636
83,322,4.85213
83,323,4.9404
83,324,5.16904
83,325,4.93718
83,326,7.11683
83,327,1.0
83,328,-0.851184
83,329,-0.829342
83,330,9.93272
83,331,10.0
83,332,9.89851
83,333,9.94426
83,334,0.0
83,335,8.0
83,336,4.17945
83,337,7.11048
83,338,7.87285
83,339,9.891
83,340,4.95947
83,341,0.163505
83,342,-0.977973
83,343,6.0
83,344,7.86627
83,345,7.09227
83,346,5.94207
83,347,5.06455
83,348,8.17499
83,349,7.90623
83,350,8.16247
83,351,5.14995
83,352,1.00751
83,353,9.80127
83,354,7.85782
83,355,-1.0
83,356,4.93944
83,357,1.84095
83,358,9.95192
83,359,9.82862
83,360,-0.87587
83,361,10.0
83,362,0.196993
83,363,7.80117
83,364,4.89094
83,365,0.804102
83,366,9.87483
83,367,7.86301
83,368,7.9888
83,369,0.0
83,370,0.165864
83,371,8.12915
83,372,-0.835459
83,373,7.84698
83,374,-0.869889
83,375,4.18287
83,376,9.85768
83,377,-1.0
83,378,2.18044
83,379,9.81195
83,380,8.01061
83,381,0.0822875
83,382,9.9189
83,383,-0.972049
83,384,10.0
83,385,5.93326
83,386,8.97127
83,387,8.01037
83,388,9.07036
83,389,9.12188
83,390,7.18191
83,391,4.1948
83,392,9.91438
83,393,-0.895496
83,394,-0.854472
83,395,9.86445
83,396,0.0263714
83,397,10.0
83,398,5.82192
83,399,9.16104
83,400,8.94448
83,401,6.85221
83,402,7.05183
83,403,8.11459
83,404,10.0
83,405,4.95369
84,1,4.02405
84,2,1.10828
84,3,0.848438
84,4,5.094
84,5,7.0
84,6,1.0
84,7,1.15526
84,8,-0.849043
84,9,-0.96684
84,10,7.03512
84,11,-0.921036
84,12,9.83499
84,13,1.0
84,14,4.91785
84,15,6.99546
84,16,4.97254
84,17,2.02616
84,18,5.14649
84,19,-0.859196
84,20,0.936784
84,21,7.0
84,22,3.0
84,23,0.839073
84,24,-0.904031
84,25,-0.82538
84,26,-0.934188
84,27,-0.815577
84,28,1.17987
84,29,1.0
84,30,1.15517
84,31,1.06112
84,32,1.14186
84,33,-0.89472
84,34,9.92525
84,35,-0.874648
84,36,0.928264
84,37,6.87089
84,38,0.80938
84,39,0.932236
84,40,-0.913185
84,41,-1.0
84,42,-0.891529
84,43,-0.83429
84,44,0.962984
84,45,7.18729
84,46,0.823206
84,47,0.0
84,48,6.85422
84,49,4.05183
84,50,0.945834
84,51,9.9681
84,52,0.806917
84,53,7.08416
84,54,-1.0
84,55,0.816306
84,56,-0.838447
84,57,-0.930088
84,58,1.0
84,59,0.973622
84,60,-0.865055
84,61,9.91415
84,62,6.95504
84,63,0.899781
84,64,0.809465
84,65,1.16658
84,66,1.05217
84,67,9.85048
84,68,0.829364
84,69,-0.904347
84,70,1.03471
84,71,-0.956063
84,72,0.977787
84,73,1.01446
84,74,9.89446
84,75,-0.823277
84,76,-0.888948
84,77,1.0
84,78,0.870283
84,79,1.91353
84,80,9.80957
84,81,0.995836
84,82,-0.84924
84,83,-1.0
84,84,1.16578
84,85,1.81495
84,86,-1.0
84,87,4.1356
84,88,0.929901
84,89,1.02419
84,90,-0.858445
84,91,-1.0
84,92,7.03866
84,93,0.916271
84,94,-0.929743
84,95,9.80408
84,96,4.0
84,97,2.8849
84,98,-1.0
84,99,4.85228
84,100,3.15373
84,101,0.87092
84,102,1.0
84,103,1.17224
84,104,1.01522
84,105,0.929368
84,106,5.11706
84,107,0.806331
84,108,3.08207
84,109,1.11539
84,110,0.905355
84,111,0.913033
84,112,0.982511
84,113,1.0
84,114,5.17348
84,115,0.99443
84,116,9.84028
84,117,4.98021
84,118,4.85678
84,119,0.935661
84,120,1.85202
84,121,-1.0
84,122,-0.814939
84,123,-0.904634
84,124,-0.923996
84,125,1.0
84,126,1.05792
84,127,-0.803437
84,128,-0.865915
84,129,-0.897206
84,130,-0.868382
84,131,1.01144
84,132,-1.0
84,133,1.0
84,134,0.881347
84,135,0.918588
84,136,0.861162
84,137,0.869488
84,138,1.05642
84,139,-1.0
84,140,1.04275
84,141,5.0
84,142,2.10031
84,143,0.976608
84,144,1.12531
84,145,0.899676
84,146,1.18949
84,147,5.19401
84,148,-0.897747
84,149,-0.829496
84,150,1.01592
84,151,0.831597
84,152,1.1757
84,153,5.15967
84,154,0.894031
84,155,1.89122
84,156,2.16432
84,157,0.926925
84,158,5.0
84,159,4.91736
84,160,-1.0
84,161,-0.86219
84,162,0.862839
84,163,1.07156
84,164,1.09419
84,165,0.990935
84,166,1.03465
84,167,-0.819283
84,168,0.887056
84,169,2.0
84,170,1.8074
84,171,-1.0
84,172,3.10278
84,173,1.0
84,174,1.0
84,175,-1.0
84,176,-1.0
84,177,-0.85569
84,178,1.14337
84,179,0.804
84,180,-1.0
84,181,7.04534
84,182,-0.959656
84,183,0.839705
84,184,-1.0
84,185,-1.0
84,186,-0.802352
84,187,-0.879201
84,188,3.10481
84,189,1.97731
84,190,-0.948135
84,191,-0.97459
84,192,-0.827128
84,193,-0.970482
84,194,-0.992934
84,195,2.09075
84,196,2.17375
84,197,6.87467
84,198,-1.0
84,199,-0.840243
84,200,1.07456
84,201,-0.853583
84,202,2.10591
84,203,9.95623
84,204,-0.938086
84,205,0.991903
84,206,10.0
84,207,-0.931566
84,208,0.823848
84,209,2.18107
84,210,2.12119
84,211,2.93316
84,212,-0.956486
84,213,-0.973626
84,214,2.84455
84,215,4.95238
84,216,-0.886977
84,217,-0.993559
84,218,1.14438
84,219,1.17476
84,220,1.10959
84,221,0.920366
84,222,1.0627
84,223,0.993592
84,224,1.13319
84,225,0.927485
84,226,7.02227
84,227,-0.816444
84,228,6.94642
84,229,7.04764
84,230,0.878568
84,231,7.16402
84,232,1.07694
84,233,-0.805816
84,234,2.85395
84,235,2.0741
84,236,5.17768
84,237,-0.879266
84,238,-0.857065
84,239,1.91856
84,240,-0.894743
84,241,-0.966516
84,242,-0.820089
84,243,-0.984844
84,244,1.0
84,245,4.92137
84,246,-1.0
84,247,-0.864908
84,248,2.0
84,249,0.886226
84,250,4.96379
84,251,5.07755
84,252,0.993699
84,253,1.0
84,254,-0.943186
84,255,1.04689
84,256,1.03357
84,257,-0.826063
84,258,-0.818259
84,259,1.13698
84,260,-1.0
84,261,-1.0
84,262,1.92705
84,263,0.895338
84,264,4.86198
84,265,4.93535
84,266,5.00601
84,267,7.0
84,268,-0.986442
84,269,9.81176
84,270,-0.861235
84,271,3.06578
84,272,0.839042
84,273,-0.820965
84,274,3.16753
84,275,0.830818
84,276,-0.888626
84,277,2.1354
84,278,0.894817
84,279,1.17758
84,280,0.936539
84,281,0.962576
84,282,6.97619
84,283,0.925761
84,284,0.820779
84,285,5.13472
84,286,5.02521
84,287,-0.855563
84,288,-0.916009
84,289,0.879383
84,290,6.99775
84,291,1.03507
84,292,-0.949028
84,293,6.99649
84,294,5.18808
84,295,0.15035
84,296,7.09213
84,297,3.82523
84,298,-1.0
84,299,1.13824
84,300,3.07279
84,301,4.84354
84,302,5.16806
84,303,3.16738
84,304,-0.986375
84,305,4.80483
84,306,1.19437
84,307,0.898926
84,308,0.827209
84,309,1.01881
84,310,3.07246
84,311,1.04879
84,312,-0.81707
84,313,-1.0
84,314,-0.881255
84,315,-0.922779
84,316,-0.858704
84,317,0.90281
84,318,0.864981
84,319,7.16837
84,320,6.96966
84,321,6.96026
84,322,-0.956638
84,323,-0.852851
84,324,-0.866567
84,325,-0.974258
84,326,6.95036
84,327,5.0
84,328,3.07021
84,329,3.16789
84,330,1.06801
84,331,1.0
84,332,1.07336
84,333,1.05766
84,334,1.0
84,335,2.0
84,336,4.00183
84,337,6.98116
84,338,0.913122
84,339,1.14759
84,340,-0.967564
84,341,6.90646
84,342,3.14234
84,343,-1.0
84,344,-0.952698
84,345,7.19833
84,346,-0.900669
84,347,-0.882755
84,348,0.851895
84,349,2.1825
84,350,0.999322
84,351,-0.977563
84,352,4.91109
84,353,-0.913885
84,354,1.09803
84,355,-1.0
84,356,-0.803054
84,357,-0.967239
84,358,9.89865
84,359,9.94265
84,360,-0.974443
84,361,1.0
84,362,-0.918854
84,363,0.943313
84,364,-0.94392
84,365,4.86965
84,366,1.031
84,367,1.80179
84,368,0.854696
84,369,3.0
84,370,2.96216
84,371,2.09609
84,372,2.84585
84,373,1.03623
84,374,2.84944
84,375,3.83192
84,376,1.07797
84,377,3.0
84,378,-0.905559
84,379,1.1335
84,380,1.02153
84,381,-0.878254
84,382,1.19525
84,383,2.94352
84,384,6.0
84,385,-0.967477
84,386,-0.887161
84,387,1.19821
84,388,-0.946947
84,389,-0.996972
84,390,-0.851093
84,391,-0.907676
84,392,6.10487
84,393,-0.989879
84,394,2.83547
84,395,-0.894465
84,396,1.15122
84,397,2.0
84,398,-0.844649
84,399,-0.861042
84,400,-0.960581
84,401,-0.992655
84,402,-0.970926
84,403,-0.805107
84,404,-1.0
84,405,2.03768
85,1,
85,2,
85,3,
85,4,
85,5,7.0
85,6,1.0
85,7,
85,8,
85,9,
85,10,
85,11,
85,12,
85,13,
85,14,
85,15,
85,16,
85,17,
85,18,
85,19,
85,20,
85,21,
85,22,
85,23,
85,24,
85,25,
85,26,
85,27,
85,28,
85,29,
85,30,
85,31,
85,32,
85,33,
85,34,
85,35,
85,36,
85,37,
85,38,
85,39,
85,40,
85,41,
85,42,
85,43,
85,44,
85,45,
85,46,
85,47,5.0
85,48,
85,49,
85,50,
85,51,
85,52,
85,53,
85,54,
85,55,
85,56,
85,57,
85,58,
85,59,
85,60,
85,61,
85,62,
85,63,
85,64,
85,65,
85,66,
85,67,
85,68,
85,69,
85,70,
85,71,
85,72,
85,73,
85,74,
85,75,
85,76,
85,77,
85,78,
85,79,
85,80,
85,81,
85,82,
85,83,
85,84,
85,85,
85,86,
85,87,
85,88,
85,89,
85,90,
85,91,3.0
85,92,
85,93,
85,94,
85,95,
85,96,
85,97,
85,98,8.0
85,99,
85,100,
85,101,
85,102,7.0
85,103,
85,104,
85,105,
85,106,
85,107,
85,108,
85,109,
85,110,
85,111,
85,112,
85,113,7.0
85,114,
85,115,
85,116,
85,117,
85,118,
85,119,
85,120,
85,121,3.0
85,122,
85,123,
85,124,
85,125,
85,126,
85,127,
85,128,
85,129,
85,130,
85,131,
85,132,
85,133,
85,134,
85,135,
85,136,
85,137,
85,138,
85,139,
85,140,
85,141,
85,142,
85,143,
85,144,
85,145,
85,146,
85,147,
85,148,
85,149,
85,150,
85,151,
85,152,
85,153,
85,154,
85,155,
85,156,
85,157,
85,158,
85,159,
85,160,
85,161,
85,162,
85,163,
85,164,
85,165,
85,166,
85,167,
85,168,
85,169,
85,170,
85,171,
85,172,
85,173,
85,174,
85,175,
85,176,
85,177,
85,178,
85,179,
85,180,
85,181,
85,182,
85,183,
85,184,
85,185,
85,186,
85,187,
85,188,
85,189,
85,190,
85,191,
85,192,
85,193,
85,194,
85,195,
85,196,
85,197,
85,198,
85,199,
85,200,
85,201,
85,202,
85,203,
85,204,
85,205,
85,206,
85,207,
85,208,
85,209,
85,210,
85,211,
85,212,
85,213,
85,214,
85,215,
85,216,
85,217,
85,218,
85,219,
85,220,
85,221,
85,222,
85,223,
85,224,
85,225,
85,226,
85,227,
85,228,
85,229,
85,230,
85,231,
85,232,
85,233,
85,234,
85,235,
85,236,
85,237,
85,238,
85,239,
85,240,
85,241,
85,242,
85,243,
85,244,
85,245,
85,246,
85,247,
85,248,
85,249,
85,250,
85,251,
85,252,
85,253,
85,254,
85,255,
85,256,
85,257,
85,258,
85,259,
85,260,
85,261,
85,262,
85,263,
85,264,
85,265,
85,266,
85,267,
85,268,
85,269,
85,270,
85,271,
85,272,
85,273,
85,274,
85,275,
85,276,
85,277,
85,278,
85,279,
85,280,
85,281,
85,282,
85,283,
85,284,
85,285,
85,286,
85,287,
85,288,
85,289,
85,290,
85,291,
85,292,
85,293,
85,294,
85,295,
85,296,
85,297,
85,298,
85,299,
85,300,
85,301,
85,302,
85,303,
85,304,
85,305,
85,306,
85,307,
85,308,
85,309,
85,310,
85,311,
85,312,
85,313,
85,314,
85,315,
85,316,
85,317,
85,318,
85,319,
85,320,
85,321,
85,322,
85,323,
85,324,
85,325,
85,326,
85,327,8.0
85,328,
85,329,
85,330,
85,331,9.0
85,332,
85,333,
85,334,6.0
85,335,3.0
85,336,
85,337,
85,338,
85,339,
85,340,
85,341,
85,342,
85,343,10.0
85,344,
85,345,
85,346,
85,347,
85,348,
85,349,
85,350,
85,351,
85,352,
85,353,
85,354,
85,355,7.0
85,356,
85,357,
85,358,
85,359,
85,360,
85,361,1.0
85,362,
85,363,
85,364,
85,365,
85,366,
85,367,
85,368,
85,369,8.0
85,370,
85,371,
85,372,
85,373,
85,374,
85,375,
85,376,
85,377,4.0
85,378,
85,379,
85,380,
85,381,
85,382,
85,383,
85,384,6.0
85,385,
85,386,
85,387,
85,388,
85,389,
85,390,
85,391,
85,392,
85,393,
85,394,
85,395,
85,396,
85,397,1.0
85,398,
85,399,
85,400,
85,401,
85,402,
85,403,
85,404,7.0
85,405,
86,1,8.95357
86,2,6.06552
86,3,5.86715
86,4,3.13319
86,5,2.0
86,6,7.0
86,7,5.83803
86,8,0.192991
86,9,9.85898
86,10,1.87449
86,11,9.96749
86,12,9.80593
86,13,6.0
86,14,4.95316
86,15,1.99807
86,16,5.02279
86,17,9.99127
86,18,2.95539
86,19,5.87376
86,20,5.97233
86,21,6.0
86,22,7.0
86,23,3.0875
86,24,5.02605
86,25,0.900307
86,26,6.15371
86,27,0.855249
86,28,9.95456
86,29,7.0
86,30,5.91596
86,31,1.03345
86,32,0.914425
86,33,4.91827
86,34,9.97531
86,35,7.80356
86,36,2.85719
86,37,1.87211
86,38,6.06033
86,39,6.03783
86,40,4.83567
86,41,6.0
86,42,2.06304
86,43,0.904087
86,44,7.93612
86,45,1.98117
86,46,1.01909
86,47,4.0
86,48,6.18267
86,49,8.965
86,50,2.81766
86,51,9.91218
86,52,6.89991
86,53,1.84748
86,54,5.0
86,55,8.18318
86,56,9.97124
86,57,9.98086
86,58,1.0
86,59,1.03543
86,60,9.95221
86,61,9.81698
86,62,1.85521
86,63,7.06249
86,64,0.87276
86,65,0.818003
86,66,6.87688
86,67,9.9758
86,68,2.81648
86,69,4.87128
86,70,5.17899
86,71,0.957149
86,72,1.01357
86,73,0.848405
86,74,9.86963
86,75,3.0664
86,76,5.8038
86,77,6.0
86,78,6.98336
86,79,9.92674
86,80,9.88358
86,81,9.81736
86,82,5.9895
86,83,9.0
86,84,6.07779
86,85,9.88648
86,86,5.0
86,87,8.8136
86,88,6.08127
86,89,3.12759
86,90,0.98713
86,91,1.0
86,92,1.80476
86,93,5.874
86,94,9.93745
86,95,9.91031
86,96,9.0
86,97,9.86184
86,98,6.0
86,99,6.12655
86,100,9.9909
86,101,5.82117
86,102,3.0
86,103,3.15834
86,104,2.81808
86,105,2.86653
86,106,2.89569
86,107,6.13318
86,108,9.96204
86,109,1.16078
86,110,0.871173
86,111,0.816079
86,112,9.99152
86,113,10.0
86,114,3.05625
86,115,9.85431
86,116,9.93835
86,117,5.83099
86,118,2.99895
86,119,6.13463
86,120,9.85703
86,121,6.0
86,122,6.091
86,123,6.04486
86,124,1.90335
86,125,1.0
86,126,5.9718
86,127,0.017199
86,128,4.95952
86,129,7.96282
86,130,7.89165
86,131,9.91436
86,132,10.0
86,133,10.0
86,134,0.89999
86,135,9.93868
86,136,9.86936
86,137,9.99124
86,138,9.95066
86,139,5.0
86,140,5.81586
86,141,5.0
86,142,9.8057
86,143,5.8986
86,144,6.11113
86,145,6.16762
86,146,6.19192
86,147,5.1644
86,148,6.07489
86,149,6.09516
86,150,0.991772
86,151,0.850863
86,152,1.00987
86,153,6.05739
86,154,5.86936
86,155,9.85909
86,156,9.98204
86,157,5.98656
86,158,3.0
86,159,3.03503
86,160,6.0
86,161,9.83261
86,162,0.847
86,163,5.852
86,164,6.02343
86,165,7.96683
86,166,5.92792
86,167,1.80063
86,168,6.14176
86,169,8.0
86,170,7.91133
86,171,10.0
86,172,9.91628
86,173,8.0
86,174,10.0
86,175,0.0
86,176,5.0
86,177,-0.857882
86,178,7.1482
86,179,7.02852
86,180,3.0
86,181,5.95269
86,182,-0.879767
86,183,7.02926
86,184,0.0
86,185,10.0
86,186,2.17038
86,187,2.11272
86,188,9.94324
86,189,5.13847
86,190,9.87068
86,191,9.88154
86,192,5.17655
86,193,-0.950837
86,194,8.1603
86,195,5.0
86,196,4.85553
86,197,5.87836
86,198,2.0
86,199,1.92288
86,200,9.91995
86,201,6.0264
86,202,9.83804
86,203,9.84348
86,204,6.05405
86,205,6.1903
86,206,10.0
86,207,-1.0
86,208,3.15496
86,209,9.84916
86,210,9.8605
86,211,9.82363
86,212,1.16723
86,213,5.89093
86,214,9.93975
86,215,5.80334
86,216,1.07424
86,217,9.83959
86,218,9.93689
86,219,9.89495
86,220,9.98643
86,221,9.96504
86,222,9.85797
86,223,9.87956
86,224,9.87377
86,225,9.88993
86,226,9.84421
86,227,5.99532
86,228,9.9078
86,229,9.9994
86,230,6.04438
86,231,9.98287
86,232,6.19625
86,233,5.87467
86,234,9.84816
86,235,9.85686
86,236,5.95064
86,237,9.81858
86,238,6.16171
86,239,9.89454
86,240,-0.857668
86,241,-0.930337
86,242,-0.813988
86,243,-0.986834
86,244,6.0
86,245,4.8005
86,246,8.0
86,247,9.93159
86,248,9.0
86,249,0.988067
86,250,2.8614
86,251,3.16919
86,252,3.02711
86,253,10.0
86,254,7.91965
86,255,8.04204
86,256,9.9381
86,257,5.16746
86,258,-0.927257
86,259,7.16624
86,260,6.0
86,261,8.0
86,262,7.91171
86,263,5.93738
86,264,3.07564
86,265,3.10914
86,266,5.05703
86,267,10.0
86,268,6.10745
86,269,9.80525
86,270,0.181528
86,271,9.82885
86,272,0.931203
86,273,4.90155
86,274,9.98273
86,275,0.915814
86,276,9.83049
86,277,9.92153
86,278,6.03778
86,279,5.92516
86,280,8.09941
86,281,5.9175
86,282,5.97272
86,283,0.992537
86,284,0.942951
86,285,2.92014
86,286,3.07404
86,287,5.95319
86,288,6.13035
86,289,5.8888
86,290,9.97013
86,291,0.813956
86,292,6.17706
86,293,9.9284
86,294,5.93179
86,295,3.8263
86,296,6.07754
86,297,9.0586
86,298,8.0
86,299,2.88676
86,300,9.81132
86,301,5.85853
86,302,3.06505
86,303,9.96327
86,304,9.89569
86,305,5.83565
86,306,6.00758
86,307,6.191
86,308,9.93573
86,309,7.99088
86,310,9.95702
86,311,6.18112
86,312,9.85458
86,313,10.0
86,314,9.98133
86,315,6.05047
86,316,9.92314
86,317,6.8757
86,318,1.17352
86,319,9.97514
86,320,9.98059
86,321,9.94438
86,322,6.07867
86,323,5.95222
86,324,6.13392
86,325,5.93316
86,326,9.85848
86,327,6.0
86,328,9.91533
86,329,9.8694
86,330,3.18162
86,331,3.0
86,332,9.84589
86,333,9.83307
86,334,5.0
86,335,10.0
86,336,9.16755
86,337,9.94309
86,338,0.870502
86,339,9.93917
86,340,6.0973
86,341,5.89007
86,342,9.95229
86,343,1.0
86,344,2.98569
86,345,9.81811
86,346,8.083
86,347,5.88848
86,348,6.02167
86,349,9.96255
86,350,0.877198
86,351,6.13035
86,352,6.12197
86,353,2.8079
86,354,1.14507
86,355,10.0
86,356,5.90808
86,357,1.95979
86,358,9.81591
86,359,9.91574
86,360,9.92318
86,361,10.0
86,362,6.04648
86,363,5.92675
86,364,5.90506
86,365,5.83635
86,366,9.9685
86,367,9.8034
86,368,5.86861
86,369,10.0
86,370,9.91338
86,371,9.9334
86,372,9.84852
86,373,6.12763
86,374,9.8475
86,375,8.87527
86,376,3.02197
86,377,10.0
86,378,1.86006
86,379,9.93085
86,380,1.08374
86,381,9.83409
86,382,9.99711
86,383,9.98166
86,384,6.0
86,385,1.07535
86,386,4.8118
86,387,5.95642
86,388,-0.912339
86,389,-0.96985
86,390,7.91061
86,391,0.15417
86,392,5.91428
86,393,9.82011
86,394,9.80749
86,395,3.04078
86,396,8.089
86,397,10.0
86,398,0.116261
86,399,4.93862
86,400,-0.851277
86,401,8.10714
86,402,9.91376
86,403,7.8172
86,404,3.0
86,405,5.19577
87,1,
87,2,
87,3,
87,4,
87,5,
87,6,
87,7,
87,8,
87,9,
87,10,
87,11,
87,12,
87,13,
87,14,
87,15,
87,16,
87,17,
87,18,
87,19,
87,20,
87,21,
87,22,
87,23,
87,24,
87,25,
87,26,
87,27,
87,28,
87,29,
87,30,
87,31,
87,32,
87,33,
87,34,
87,35,
87,36,
87,37,
87,38,
87,39,
87,40,
87,41,
87,42,
87,43,
87,44,
87,45,
87,46,
87,47,
87,48,
87,49,
87,50,
87,51,
87,52,
87,53,
87,54,
87,55,
87,56,
87,57,
87,58,
87,59,
87,60,
87,61,
87,62,
87,63,
87,64,
87,65,
87,66,
87,67,
87,68,
87,69,
87,70,
87,71,
87,72,
87,73,
87,74,
87,75,
87,76,
87,77,
87,78,
87,79,
87,80,
87,81,
87,82,
87,83,
87,84,
87,85,
87,86,
87,87,
87,88,
87,89,
87,90,
87,91,
87,92,
87,93,
87,94,
87,95,
87,96,
87,97,
87,98,
87,99,
87,100,
87,101,
87,102,
87,103,
87,104,
87,105,
87,106,
87,107,
87,108,
87,109,
87,110,
87,111,
87,112,
87,113,
87,114,
87,115,
87,116,
87,117,
87,118,
87,119,
87,120,
87,121,
87,122,
87,123,
87,124,
87,125,
87,126,
87,127,
87,128,
87,129,
87,130,
87,131,
87,132,
87,133,
87,134,
87,135,
87,136,
87,137,
87,138,
87,139,
87,140,
87,141,
87,142,
87,143,
87,144,
87,145,
87,146,
87,147,
87,148,
87,149,
87,150,
87,151,
87,152,
87,153,
87,154,
87,155,
87,156,
87,157,
87,158,
87,159,
87,160,
87,161,
87,162,
87,163,
87,164,
87,165,
87,166,
87,167,
87,168,
87,169,
87,170,
87,171,
87,172,
87,173,
87,174,
87,175,
87,176,
87,177,
87,178,
87,179,
87,180,
87,181,
87,182,
87,183,
87,184,
87,185,
87,186,
87,187,
87,188,
87,189,
87,190,
87,191,
87,192,
87,193,
87,194,
87,195,
87,196,
87,197,
87,198,
87,199,
87,200,
87,201,
87,202,
87,203,
87,204,
87,205,
87,206,
87,207,
87,208,
87,209,
87,210,
87,211,
87,212,
87,213,
87,214,
87,215,
87,216,
87,217,
87,218,
87,219,
87,220,
87,221,
87,222,
87,223,
87,224,
87,225,
87,226,
87,227,
87,228,
87,229,
87,230,
87,231,
87,232,
87,233,
87,234,
87,235,
87,236,
87,237,
87,238,
87,239,
87,240,
87,241,
87,242,
87,243,
87,244,
87,245,
87,246,
87,247,
87,248,
87,249,
87,250,
87,251,
87,252,
87,253,
87,254,
87,255,
87,256,
87,257,
87,258,
87,259,
87,260,
87,261,
87,262,
87,263,
87,264,
87,265,
87,266,
87,267,
87,268,
87,269,
87,270,
87,271,
87,272,
87,273,
87,274,
87,275,
87,276,
87,277,
87,278,
87,279,
87,280,
87,281,
87,282,
87,283,
87,284,
87,285,
87,286,
87,287,
87,288,
87,289,
87,290,
87,291,
87,292,
87,293,
87,294,
87,295,
87,296,
87,297,
87,298,
87,299,
87,300,
87,301,
87,302,
87,303,
87,304,
87,305,
87,306,
87,307,
87,308,
87,309,
87,310,
87,311,
87,312,
87,313,
87,314,
87,315,
87,316,
87,317,
87,318,
87,319,
87,320,
87,321,
87,322,
87,323,
87,324,
87,325,
87,326,
87,327,
87,328,
87,329,
87,330,
87,331,
87,332,
87,333,
87,334,
87,335,
87,336,
87,337,
87,338,
87,339,
87,340,
87,341,
87,342,
87,343,
87,344,
87,345,
87,346,
87,347,
87,348,
87,349,
87,350,
87,351,
87,352,
87,353,
87,354,
87,355,
87,356,
87,357,
87,358,
87,359,
87,360,
87,361,
87,362,
87,363,
87,364,
87,365,
87,366,
87,367,
87,368,
87,369,
87,370,
87,371,
87,372,
87,373,
87,374,
87,375,
87,376,
87,377,
87,378,
87,379,
87,380,
87,381,
87,382,
87,383,
87,384,
87,385,
87,386,
87,387,
87,388,
87,389,
87,390,
87,391,
87,392,
87,393,
87,394,
87,395,
87,396,
87,397,
87,398,
87,399,
87,400,
87,401,
87,402,
87,403,
87,404,
87,405,
88,1,
88,2,
88,3,
88,4,
88,5,10.0
88,6,9.0
88,7,
88,8,
88,9,
88,10,
88,11,
88,12,
88,13,6.0
88,14,
88,15,
88,16,
88,17,
88,18,
88,19,
88,20,
88,21,3.0
88,22,6.0
88,23,
88,24,
88,25,
88,26,
88,27,
88,28,
88,29,1.0
88,30,
88,31,
88,32,
88,33,
88,34,
88,35,
88,36,
88,37,
88,38,
88,39,
88,40,
88,41,8.0
88,42,
88,43,
88,44,
88,45,
88,46,
88,47,9.0
88,48,
88,49,
88,50,
88,51,
88,52,
88,53,
88,54,3.0
88,55,
88,56,
88,57,
88,58,8.0
88,59,
88,60,
88,61,
88,62,
88,63,
88,64,
88,65,
88,66,
88,67,
88,68,
88,69,
88,70,
88,71,
88,72,
88,73,
88,74,
88,75,
88,76,
88,77,10.0
88,78,
88,79,
88,80,
88,81,
88,82,
88,83,7.0
88,84,
88,85,
88,86,8.0
88,87,
88,88,
88,89,
88,90,
88,91,10.0
88,92,
88,93,
88,94,
88,95,
88,96,10.0
88,97,
88,98,7.0
88,99,
88,100,
88,101,
88,102,10.0
88,103,
88,104,
88,105,
88,106,
88,107,
88,108,
88,109,
88,110,
88,111,
88,112,
88,113,10.0
88,114,
88,115,
88,116,
88,117,
88,118,
88,119,
88,120,
88,121,9.0
88,122,
88,123,
88,124,
88,125,8.0
88,126,
88,127,
88,128,
88,129,
88,130,
88,131,
88,132,10.0
88,133,10.0
88,134,
88,135,
88,136,
88,137,
88,138,
88,139,7.0
88,140,
88,141,10.0
88,142,
88,143,
88,144,
88,145,
88,146,
88,147,
88,148,
88,149,
88,150,
88,151,
88,152,
88,153,
88,154,
88,155,
88,156,
88,157,
88,158,8.0
88,159,
88,160,6.0
88,161,
88,162,
88,163,
88,164,
88,165,
88,166,
88,167,
88,168,
88,169,9.0
88,170,
88,171,9.0
88,172,
88,173,7.0
88,174,6.0
88,175,8.0
88,176,6.0
88,177,
88,178,
88,179,
88,180,7.0
88,181,
88,182,
88,183,
88,184,5.0
88,185,0.0
88,186,
88,187,
88,188,
88,189,
88,190,
88,191,
88,192,
88,193,
88,194,
88,195,7.0
88,196,
88,197,
88,198,3.0
88,199,
88,200,
88,201,
88,202,
88,203,
88,204,
88,205,
88,206,10.0
88,207,2.0
88,208,
88,209,
88,210,
88,211,
88,212,
88,213,
88,214,
88,215,
88,216,
88,217,
88,218,
88,219,
88,220,
88,221,
88,222,
88,223,
88,224,
88,225,
88,226,
88,227,
88,228,
88,229,
88,230,
88,231,
88,232,
88,233,
88,234,
88,235,
88,236,
88,237,
88,238,
88,239,
88,240,
88,241,
88,242,
88,243,
88,244,8.0
88,245,
88,246,0.0
88,247,
88,248,10.0
88,249,
88,250,
88,251,
88,252,
88,253,9.0
88,254,
88,255,
88,256,
88,257,
88,258,
88,259,
88,260,3.0
88,261,7.0
88,262,
88,263,
88,264,
88,265,
88,266,
88,267,9.0
88,268,
88,269,
88,270,
88,271,
88,272,
88,273,
88,274,
88,275,
88,276,
88,277,
88,278,
88,279,
88,280,
88,281,
88,282,
88,283,
88,284,
88,285,
88,286,
88,287,
88,288,
88,289,
88,290,
88,291,
88,292,
88,293,
88,294,
88,295,
88,296,
88,297,
88,298,10.0
88,299,
88,300,
88,301,
88,302,
88,303,
88,304,
88,305,
88,306,
88,307,
88,308,
88,309,
88,310,
88,311,
88,312,
88,313,7.0
88,314,
88,315,
88,316,
88,317,
88,318,
88,319,
88,320,
88,321,
88,322,
88,323,
88,324,
88,325,
88,326,
88,327,10.0
88,328,
88,329,
88,330,
88,331,10.0
88,332,
88,333,
88,334,10.0
88,335,2.0
88,336,
88,337,
88,338,
88,339,
88,340,
88,341,
88,342,
88,343,6.0
88,344,
88,345,
88,346,
88,347,
88,348,
88,349,
88,350,
88,351,
88,352,
88,353,
88,354,
88,355,8.0
88,356,
88,357,
88,358,
88,359,
88,360,
88,361,9.0
88,362,
88,363,
88,364,
88,365,
88,366,
88,367,
88,368,
88,369,7.0
88,370,
88,371,
88,372,
88,373,
88,374,
88,375,
88,376,
88,377,10.0
88,378,
88,379,
88,380,
88,381,
88,382,
88,383,
88,384,10.0
88,385,
88,386,
88,387,
88,388,
88,389,
88,390,
88,391,
88,392,
88,393,
88,394,
88,395,
88,396,
88,397,7.0
88,398,
88,399,
88,400,
88,401,
88,402,
88,403,
88,404,7.0
88,405,
89,1,7.92178
89,2,5.17774
89,3,5.07946
89,4,4.03913
89,5,6.0
89,6,7.0
89,7,5.01529
89,8,-0.835109
89,9,6.15236
89,10,6.00268
89,11,6.02702
89,12,9.95331
89,13,5.0
89,14,8.93403
89,15,5.91936
89,16,9.00313
89,17,9.88338
89,18,3.87018
89,19,2.99346
89,20,8.00882
89,21,8.0
89,22,9.0
89,23,9.86481
89,24,1.14384
89,25,-0.89325
89,26,3.18006
89,27,-0.95377
89,28,7.99649
89,29,8.0
89,30,4.80358
89,31,6.15173
89,32,6.00312
89,33,-0.916569
89,34,9.80084
89,35,9.87761
89,36,9.96457
89,37,6.02511
89,38,7.97274
89,39,7.82241
89,40,8.91107
89,41,9.0
89,42,-0.914291
89,43,9.91369
89,44,7.89251
89,45,6.03938
89,46,9.96474
89,47,10.0
89,48,8.10141
89,49,7.92836
89,50,9.84504
89,51,9.9514
89,52,6.93064
89,53,5.95096
89,54,9.0
89,55,8.15457
89,56,9.91978
89,57,9.89832
89,58,6.0
89,59,6.03029
89,60,9.88152
89,61,9.81347
89,62,5.99643
89,63,6.8969
89,64,6.06473
89,65,6.07965
89,66,6.81324
89,67,9.82854
89,68,9.96217
89,69,1.13038
89,70,5.16385
89,71,-0.874078
89,72,5.98312
89,73,5.82409
89,74,9.98796
89,75,-0.860363
89,76,8.80516
89,77,5.0
89,78,7.80379
89,79,9.88697
89,80,9.82739
89,81,2.84913
89,82,2.90006
89,83,1.0
89,84,8.02898
89,85,9.9207
89,86,1.0
89,87,7.89674
89,88,4.87964
89,89,9.81874
89,90,9.92522
89,91,10.0
89,92,6.09366
89,93,4.96701
89,94,5.8403
89,95,9.87582
89,96,8.0
89,97,6.13033
89,98,5.0
89,99,9.88317
89,100,5.91455
89,101,7.97773
89,102,10.0
89,103,9.96597
89,104,9.85471
89,105,9.92488
89,106,4.03695
89,107,8.07022
89,108,6.18479
89,109,9.82856
89,110,9.91897
89,111,9.99581
89,112,7.99491
89,113,8.0
89,114,4.06445
89,115,7.80712
89,116,9.92188
89,117,9.92978
89,118,4.03833
89,119,8.06327
89,120,9.86467
89,121,6.0
89,122,5.99193
89,123,5.82509
89,124,-0.80605
89,125,10.0
89,126,7.80141
89,127,-0.928622
89,128,8.92146
89,129,6.94221
89,130,7.11596
89,131,7.86391
89,132,6.0
89,133,8.0
89,134,9.89696
89,135,8.01549
89,136,7.87301
89,137,8.18366
89,138,8.07701
89,139,10.0
89,140,8.02709
89,141,9.0
89,142,9.86817
89,143,7.89875
89,144,7.81365
89,145,7.99906
89,146,8.13271
89,147,8.81927
89,148,4.92493
89,149,4.84213
89,150,9.813
89,151,9.8134
89,152,9.84259
89,153,9.83834
89,154,7.85045
89,155,9.80621
89,156,9.8109
89,157,8.14079
89,158,4.0
89,159,3.96425
89,160,3.0
89,161,9.9777
89,162,9.89732
89,163,7.96697
89,164,7.84686
89,165,7.97984
89,166,8.0365
89,167,-0.981144
89,168,7.93615
89,169,10.0
89,170,9.80411
89,171,-1.0
89,172,5.85115
89,173,8.0
89,174,8.0
89,175,-1.0
89,176,-1.0
89,177,8.02531
89,178,6.94412
89,179,7.01281
89,180,3.0
89,181,8.16023
89,182,7.90846
89,183,7.11361
89,184,6.0
89,185,-1.0
89,186,-0.813392
89,187,-0.977224
89,188,5.9781
89,189,9.95565
89,190,9.93511
89,191,9.83393
89,192,-0.902045
89,193,7.80848
89,194,-0.976512
89,195,10.0
89,196,9.81244
89,197,7.9059
89,198,-1.0
89,199,-0.93795
89,200,8.04847
89,201,5.91358
89,202,9.90085
89,203,9.82908
89,204,5.06805
89,205,7.84673
89,206,10.0
89,207,8.0
89,208,9.83283
89,209,9.93169
89,210,9.8591
89,211,9.95288
89,212,-0.860432
89,213,2.81794
89,214,9.87553
89,215,9.85874
89,216,-0.875906
89,217,6.02245
89,218,7.9298
89,219,7.93108
89,220,7.82759
89,221,7.85226
89,222,7.86639
89,223,8.12048
89,224,7.84238
89,225,7.81268
89,226,9.93001
89,227,4.99992
89,228,9.90231
89,229,9.94531
89,230,8.03221
89,231,9.80313
89,232,8.15569
89,233,5.05052
89,234,9.81318
89,235,9.89713
89,236,9.80119
89,237,9.82738
89,238,5.06033
89,239,9.99873
89,240,7.88534
89,241,8.1484
89,242,8.05163
89,243,7.80865
89,244,8.0
89,245,8.99174
89,246,10.0
89,247,9.93807
89,248,10.0
89,249,9.83544
89,250,3.84859
89,251,3.85276
89,252,9.95219
89,253,8.0
89,254,6.83213
89,255,8.14795
89,256,8.15691
89,257,-0.950836
89,258,7.99378
89,259,7.11396
89,260,8.0
89,261,-1.0
89,262,9.92833
89,263,7.84609
89,264,3.90947
89,265,3.95413
89,266,9.02664
89,267,10.0
89,268,4.80858
89,269,9.96412
89,270,-0.905275
89,271,5.95611
89,272,9.89869
89,273,-0.882916
89,274,6.17554
89,275,9.96266
89,276,9.99142
89,277,9.80024
89,278,7.94504
89,279,7.94625
89,280,8.18984
89,281,7.98415
89,282,8.06624
89,283,9.91222
89,284,9.94867
89,285,3.8731
89,286,4.15499
89,287,4.80345
89,288,5.1231
89,289,8.04871
89,290,9.80481
89,291,9.80712
89,292,5.16442
89,293,9.94285
89,294,9.89535
89,295,9.92042
89,296,7.89967
89,297,8.11677
89,298,7.0
89,299,9.80467
89,300,9.97067
89,301,9.91378
89,302,4.12134
89,303,9.91599
89,304,5.80387
89,305,9.9552
89,306,8.15903
89,307,8.08678
89,308,7.82201
89,309,7.85678
89,310,9.85648
89,311,7.93616
89,312,9.95486
89,313,10.0
89,314,9.8468
89,315,4.81856
89,316,9.90985
89,317,6.82505
89,318,9.98715
89,319,9.93471
89,320,9.80122
89,321,9.87927
89,322,5.13892
89,323,5.01937
89,324,5.08092
89,325,5.15351
89,326,9.93011
89,327,10.0
89,328,9.96235
89,329,9.92387
89,330,9.9264
89,331,10.0
89,332,7.91751
89,333,8.06716
89,334,5.0
89,335,10.0
89,336,8.04418
89,337,9.89954
89,338,9.86819
89,339,7.93125
89,340,4.88052
89,341,7.84031
89,342,9.93363
89,343,-1.0
89,344,3.07081
89,345,9.83626
89,346,7.05886
89,347,4.82354
89,348,8.09953
89,349,9.99401
89,350,9.88995
89,351,5.07395
89,352,9.96994
89,353,-0.98237
89,354,9.93393
89,355,10.0
89,356,4.84866
89,357,-0.966658
89,358,9.96799
89,359,9.99455
89,360,9.99078
89,361,3.0
89,362,2.83145
89,363,8.15356
89,364,5.09432
89,365,9.90372
89,366,7.90953
89,367,9.88626
89,368,7.94356
89,369,6.0
89,370,6.05889
89,371,9.8605
89,372,9.92457
89,373,8.01805
89,374,9.96948
89,375,8.17187
89,376,9.83504
89,377,10.0
89,378,-0.950188
89,379,7.83209
89,380,9.90367
89,381,6.19736
89,382,7.84156
89,383,9.87597
89,384,10.0
89,385,-0.936518
89,386,-0.817822
89,387,7.90313
89,388,7.95325
89,389,7.87382
89,390,9.85693
89,391,5.83541
89,392,9.94686
89,393,9.88232
89,394,9.92502
89,395,-0.877321
89,396,8.14209
89,397,9.0
89,398,-0.927371
89,399,-0.957826
89,400,8.19656
89,401,9.83114
89,402,-0.834375
89,403,-0.800195
89,404,-1.0
89,405,9.84979
90,1,
90,2,
90,3,
90,4,
90,5,
90,6,
90,7,
90,8,
90,9,
90,10,
90,11,
90,12,
90,13,
90,14,
90,15,
90,16,
90,17,
90,18,
90,19,
90,20,
90,21,
90,22,
90,23,
90,24,
90,25,
90,26,
90,27,
90,28,
90,29,
90,30,
90,31,
90,32,
90,33,
90,34,
90,35,
90,36,
90,37,
90,38,
90,39,
90,40,
90,41,
90,42,
90,43,
90,44,
90,45,
90,46,
90,47,
90,48,
90,49,
90,50,
90,51,
90,52,
90,53,
90,54,
90,55,
90,56,
90,57,
90,58,
90,59,
90,60,
90,61,
90,62,
90,63,
90,64,
90,65,
90,66,
90,67,
90,68,
90,69,
90,70,
90,71,
90,72,
90,73,
90,74,
90,75,
90,76,
90,77,
90,78,
90,79,
90,80,
90,81,
90,82,
90,83,
90,84,
90,85,
90,86,
90,87,
90,88,
90,89,
90,90,
90,91,
90,92,
90,93,
90,94,
90,95,
90,96,
90,97,
90,98,
90,99,
90,100,
90,101,
90,102,
90,103,
90,104,
90,105,
90,106,
90,107,
90,108,
90,109,
90,110,
90,111,
90,112,
90,113,
90,114,
90,115,
90,116,
90,117,
90,118,
90,119,
90,120,
90,121,
90,122,
90,123,
90,124,
90,125,
90,126,
90,127,
90,128,
90,129,
90,130,
90,131,
90,132,
90,133,
90,134,
90,135,
90,136,
90,137,
90,138,
90,139,
90,140,
90,141,
90,142,
90,143,
90,144,
90,145,
90,146,
90,147,
90,148,
90,149,
90,150,
90,151,
90,152,
90,153,
90,154,
90,155,
90,156,
90,157,
90,158,
90,159,
90,160,
90,161,
90,162,
90,163,
90,164,
90,165,
90,166,
90,167,
90,168,
90,169,
90,170,
90,171,
90,172,
90,173,
90,174,
90,175,
90,176,
90,177,
90,178,
90,179,
90,180,
90,181,
90,182,
90,183,
90,184,
90,185,
90,186,
90,187,
90,188,
90,189,
90,190,
90,191,
90,192,
90,193,
90,194,
90,195,
90,196,
90,197,
90,198,
90,199,
90,200,
90,201,
90,202,
90,203,
90,204,
90,205,
90,206,
90,207,
90,208,
90,209,
90,210,
90,211,
90,212,
90,213,
90,214,
90,215,
90,216,
90,217,
90,218,
90,219,
90,220,
90,221,
90,222,
90,223,
90,224,
90,225,
90,226,
90,227,
90,228,
90,229,
90,230,
90,231,
90,232,
90,233,
90,234,
90,235,
90,236,
90,237,
90,238,
90,239,
90,240,
90,241,
90,242,
90,243,
90,244,
90,245,
90,246,
90,247,
90,248,
90,249,
90,250,
90,251,
90,252,
90,253,
90,254,
90,255,
90,256,
90,257,
90,258,
90,259,
90,260,
90,261,
90,262,
90,263,
90,264,
90,265,
90,266,
90,267,
90,268,
90,269,
90,270,
90,271,
90,272,
90,273,
90,274,
90,275,
90,276,
90,277,
90,278,
90,279,
90,280,
90,281,
90,282,
90,283,
90,284,
90,285,
90,286,
90,287,
90,288,
90,289,
90,290,
90,291,
90,292,
90,293,
90,294,
90,295,
90,296,
90,297,
90,298,
90,299,
90,300,
90,301,
90,302,
90,303,
90,304,
90,305,
90,306,
90,307,
90,308,
90,309,
90,310,
90,311,
90,312,
90,313,
90,314,
90,315,
90,316,
90,317,
90,318,
90,319,
90,320,
90,321,
90,322,
90,323,
90,324,
90,325,
90,326,
90,327,
90,328,
90,329,
90,330,
90,331,
90,332,
90,333,
90,334,
90,335,
90,336,
90,337,
90,338,
90,339,
90,340,
90,341,
90,342,
90,343,
90,344,
90,345,
90,346,
90,347,
90,348,
90,349,
90,350,
90,351,
90,352,
90,353,
90,354,
90,355,
90,356,
90,357,
90,358,
90,359,
90,360,
90,361,
90,362,
90,363,
90,364,
90,365,
90,366,
90,367,
90,368,
90,369,
90,370,
90,371,
90,372,
90,373,
90,374,
90,375,
90,376,
90,377,
90,378,
90,379,
90,380,
90,381,
90,382,
90,383,
90,384,9.0
90,385,
90,386,
90,387,
90,388,
90,389,
90,390,
90,391,
90,392,
90,393,
90,394,
90,395,
90,396,
90,397,
90,398,
90,399,
90,400,
90,401,
90,402,
90,403,
90,404,
90,405,
91,1,
91,2,
91,3,
91,4,
91,5,1.0
91,6,9.0
91,7,
91,8,
91,9,
91,10,
91,11,
91,12,
91,13,9.0
91,14,
91,15,
91,16,
91,17,
91,18,
91,19,
91,20,
91,21,2.0
91,22,6.0
91,23,
91,24,
91,25,
91,26,
91,27,
91,28,
91,29,8.0
91,30,
91,31,
91,32,
91,33,
91,34,
91,35,
91,36,
91,37,
91,38,
91,39,
91,40,
91,41,8.0
91,42,
91,43,
91,44,
91,45,
91,46,
91,47,9.0
91,48,
91,49,
91,50,
91,51,
91,52,
91,53,
91,54,0.0
91,55,
91,56,
91,57,
91,58,10.0
91,59,
91,60,
91,61,
91,62,
91,63,
91,64,
91,65,
91,66,
91,67,
91,68,
91,69,
91,70,
91,71,
91,72,
91,73,
91,74,
91,75,
91,76,
91,77,0.0
91,78,
91,79,
91,80,
91,81,
91,82,
91,83,7.0
91,84,
91,85,
91,86,
91,87,
91,88,
91,89,
91,90,
91,91,1.0
91,92,
91,93,
91,94,
91,95,
91,96,8.0
91,97,
91,98,8.0
91,99,
91,100,
91,101,
91,102,10.0
91,103,
91,104,
91,105,
91,106,
91,107,
91,108,
91,109,
91,110,
91,111,
91,112,
91,113,10.0
91,114,
91,115,
91,116,
91,117,
91,118,
91,119,
91,120,
91,121,
91,122,
91,123,
91,124,
91,125,9.0
91,126,
91,127,
91,128,
91,129,
91,130,
91,131,
91,132,9.0
91,133,10.0
91,134,
91,135,
91,136,
91,137,
91,138,
91,139,10.0
91,140,
91,141,2.0
91,142,
91,143,
91,144,
91,145,
91,146,
91,147,
91,148,
91,149,
91,150,
91,151,
91,152,
91,153,
91,154,
91,155,
91,156,
91,157,
91,158,9.0
91,159,
91,160,8.0
91,161,
91,162,
91,163,
91,164,
91,165,
91,166,
91,167,
91,168,
91,169,8.0
91,170,
91,171,9.0
91,172,
91,173,9.0
91,174,9.0
91,175,9.0
91,176,9.0
91,177,
91,178,
91,179,
91,180,9.0
91,181,
91,182,
91,183,
91,184,9.0
91,185,9.0
91,186,
91,187,
91,188,
91,189,
91,190,
91,191,
91,192,
91,193,
91,194,
91,195,9.0
91,196,
91,197,
91,198,9.0
91,199,
91,200,
91,201,
91,202,
91,203,
91,204,
91,205,
91,206,9.0
91,207,8.0
91,208,
91,209,
91,210,
91,211,
91,212,
91,213,
91,214,
91,215,
91,216,
91,217,
91,218,
91,219,
91,220,
91,221,
91,222,
91,223,
91,224,
91,225,
91,226,
91,227,
91,228,
91,229,
91,230,
91,231,
91,232,
91,233,
91,234,
91,235,
91,236,
91,237,
91,238,
91,239,
91,240,
91,241,
91,242,
91,243,
91,244,8.0
91,245,
91,246,8.0
91,247,
91,248,8.0
91,249,
91,250,
91,251,
91,252,
91,253,8.0
91,254,
91,255,
91,256,
91,257,
91,258,
91,259,
91,260,8.0
91,261,8.0
91,262,
91,263,
91,264,
91,265,
91,266,
91,267,8.0
91,268,
91,269,
91,270,
91,271,
91,272,
91,273,
91,274,
91,275,
91,276,
91,277,
91,278,
91,279,
91,280,
91,281,
91,282,
91,283,
91,284,
91,285,
91,286,
91,287,
91,288,
91,289,
91,290,
91,291,
91,292,
91,293,
91,294,
91,295,
91,296,
91,297,
91,298,8.0
91,299,
91,300,
91,301,
91,302,
91,303,
91,304,
91,305,
91,306,
91,307,
91,308,
91,309,
91,310,
91,311,
91,312,
91,313,8.0
91,314,
91,315,
91,316,
91,317,
91,318,
91,319,
91,320,
91,321,
91,322,
91,323,
91,324,
91,325,
91,326,
91,327,8.0
91,328,
91,329,
91,330,
91,331,8.0
91,332,
91,333,
91,334,8.0
91,335,8.0
91,336,
91,337,
91,338,
91,339,
91,340,
91,341,
91,342,
91,343,8.0
91,344,
91,345,
91,346,
91,347,
91,348,
91,349,
91,350,
91,351,
91,352,
91,353,
91,354,
91,355,9.0
91,356,
91,357,
91,358,
91,359,
91,360,
91,361,8.0
91,362,
91,363,
91,364,
91,365,
91,366,
91,367,
91,368,
91,369,8.0
91,370,
91,371,
91,372,
91,373,
91,374,
91,375,
91,376,
91,377,8.0
91,378,
91,379,
91,380,
91,381,
91,382,
91,383,
91,384,10.0
91,385,
91,386,
91,387,
91,388,
91,389,
91,390,
91,391,
91,392,
91,393,
91,394,
91,395,
91,396,
91,397,10.0
91,398,
91,399,
91,400,
91,401,
91,402,
91,403,
91,404,10.0
91,405,
92,1,
92,2,
92,3,
92,4,
92,5,
92,6,
92,7,
92,8,
92,9,
92,10,
92,11,
92,12,
92,13,
92,14,
92,15,
92,16,
92,17,
92,18,
92,19,
92,20,
92,21,
92,22,
92,23,
92,24,
92,25,
92,26,
92,27,
92,28,
92,29,
92,30,
92,31,
92,32,
92,33,
92,34,
92,35,
92,36,
92,37,
92,38,
92,39,
92,40,
92,41,
92,42,
92,43,
92,44,
92,45,
92,46,
92,47,
92,48,
92,49,
92,50,
92,51,
92,52,
92,53,
92,54,
92,55,
92,56,
92,57,
92,58,
92,59,
92,60,
92,61,
92,62,
92,63,
92,64,
92,65,
92,66,
92,67,
92,68,
92,69,
92,70,
92,71,
92,72,
92,73,
92,74,
92,75,
92,76,
92,77,
92,78,
92,79,
92,80,
92,81,
92,82,
92,83,
92,84,
92,85,
92,86,
92,87,
92,88,
92,89,
92,90,
92,91,
92,92,
92,93,
92,94,
92,95,
92,96,
92,97,
92,98,
92,99,
92,100,
92,101,
92,102,
92,103,
92,104,
92,105,
92,106,
92,107,
92,108,
92,109,
92,110,
92,111,
92,112,
92,113,
92,114,
92,115,
92,116,
92,117,
92,118,
92,119,
92,120,
92,121,
92,122,
92,123,
92,124,
92,125,
92,126,
92,127,
92,128,
92,129,
92,130,
92,131,
92,132,
92,133,
92,134,
92,135,
92,136,
92,137,
92,138,
92,139,
92,140,
92,141,
92,142,
92,143,
92,144,
92,145,
92,146,
92,147,
92,148,
92,149,
92,150,
92,151,
92,152,
92,153,
92,154,
92,155,
92,156,
92,157,
92,158,
92,159,
92,160,
92,161,
92,162,
92,163,
92,164,
92,165,
92,166,
92,167,
92,168,
92,169,
92,170,
92,171,
92,172,
92,173,
92,174,
92,175,
92,176,
92,177,
92,178,
92,179,
92,180,
92,181,
92,182,
92,183,
92,184,
92,185,
92,186,
92,187,
92,188,
92,189,
92,190,
92,191,
92,192,
92,193,
92,194,
92,195,
92,196,
92,197,
92,198,
92,199,
92,200,
92,201,
92,202,
92,203,
92,204,
92,205,
92,206,
92,207,
92,208,
92,209,
92,210,
92,211,
92,212,
92,213,
92,214,
92,215,
92,216,
92,217,
92,218,
92,219,
92,220,
92,221,
92,222,
92,223,
92,224,
92,225,
92,226,
92,227,
92,228,
92,229,
92,230,
92,231,
92,232,
92,233,
92,234,
92,235,
92,236,
92,237,
92,238,
92,239,
92,240,
92,241,
92,242,
92,243,
92,244,
92,245,
92,246,
92,247,
92,248,
92,249,
92,250,
92,251,
92,252,
92,253,
92,254,
92,255,
92,256,
92,257,
92,258,
92,259,
92,260,
92,261,
92,262,
92,263,
92,264,
92,265,
92,266,
92,267,
92,268,
92,269,
92,270,
92,271,
92,272,
92,273,
92,274,
92,275,
92,276,
92,277,
92,278,
92,279,
92,280,
92,281,
92,282,
92,283,
92,284,
92,285,
92,286,
92,287,
92,288,
92,289,
92,290,
92,291,
92,292,
92,293,
92,294,
92,295,
92,296,
92,297,
92,298,
92,299,
92,300,
92,301,
92,302,
92,303,
92,304,
92,305,
92,306,
92,307,
92,308,
92,309,
92,310,
92,311,
92,312,
92,313,
92,314,
92,315,
92,316,
92,317,
92,318,
92,319,
92,320,
92,321,
92,322,
92,323,
92,324,
92,325,
92,326,
92,327,
92,328,
92,329,
92,330,
92,331,
92,332,
92,333,
92,334,
92,335,
92,336,
92,337,
92,338,
92,339,
92,340,
92,341,
92,342,
92,343,
92,344,
92,345,
92,346,
92,347,
92,348,
92,349,
92,350,
92,351,
92,352,
92,353,
92,354,
92,355,
92,356,
92,357,
92,358,
92,359,
92,360,
92,361,
92,362,
92,363,
92,364,
92,365,
92,366,
92,367,
92,368,
92,369,
92,370,
92,371,
92,372,
92,373,
92,374,
92,375,
92,376,
92,377,
92,378,
92,379,
92,380,
92,381,
92,382,
92,383,
92,384,
92,385,
92,386,
92,387,
92,388,
92,389,
92,390,
92,391,
92,392,
92,393,
92,394,
92,395,
92,396,
92,397,
92,398,
92,399,
92,400,
92,401,
92,402,
92,403,
92,404,
92,405,
93,1,
93,2,
93,3,
93,4,
93,5,
93,6,
93,7,
93,8,
93,9,
93,10,
93,11,
93,12,
93,13,
93,14,
93,15,
93,16,
93,17,
93,18,
93,19,
93,20,
93,21,
93,22,
93,23,
93,24,
93,25,
93,26,
93,27,
93,28,
93,29,
93,30,
93,31,
93,32,
93,33,
93,34,
93,35,
93,36,
93,37,
93,38,
93,39,
93,40,
93,41,
93,42,
93,43,
93,44,
93,45,
93,46,
93,47,
93,48,
93,49,
93,50,
93,51,
93,52,
93,53,
93,54,
93,55,
93,56,
93,57,
93,58,
93,59,
93,60,
93,61,
93,62,
93,63,
93,64,
93,65,
93,66,
93,67,
93,68,
93,69,
93,70,
93,71,
93,72,
93,73,
93,74,
93,75,
93,76,
93,77,
93,78,
93,79,
93,80,
93,81,
93,82,
93,83,
93,84,
93,85,
93,86,
93,87,
93,88,
93,89,
93,90,
93,91,
93,92,
93,93,
93,94,
93,95,
93,96,
93,97,
93,98,
93,99,
93,100,
93,101,
93,102,
93,103,
93,104,
93,105,
93,106,
93,107,
93,108,
93,109,
93,110,
93,111,
93,112,
93,113,
93,114,
93,115,
93,116,
93,117,
93,118,
93,119,
93,120,
93,121,
93,122,
93,123,
93,124,
93,125,
93,126,
93,127,
93,128,
93,129,
93,130,
93,131,
93,132,
93,133,
93,134,
93,135,
93,136,
93,137,
93,138,
93,139,
93,140,
93,141,
93,142,
93,143,
93,144,
93,145,
93,146,
93,147,
93,148,
93,149,
93,150,
93,151,
93,152,
93,153,
93,154,
93,155,
93,156,
93,157,
93,158,
93,159,
93,160,
93,161,
93,162,
93,163,
93,164,
93,165,
93,166,
93,167,
93,168,
93,169,
93,170,
93,171,
93,172,
93,173,
93,174,
93,175,
93,176,
93,177,
93,178,
93,179,
93,180,
93,181,
93,182,
93,183,
93,184,
93,185,
93,186,
93,187,
93,188,
93,189,
93,190,
93,191,
93,192,
93,193,
93,194,
93,195,
93,196,
93,197,
93,198,
93,199,
93,200,
93,201,
93,202,
93,203,
93,204,
93,205,
93,206,
93,207,
93,208,
93,209,
93,210,
93,211,
93,212,
93,213,
93,214,
93,215,
93,216,
93,217,
93,218,
93,219,
93,220,
93,221,
93,222,
93,223,
93,224,
93,225,
93,226,
93,227,
93,228,
93,229,
93,230,
93,231,
93,232,
93,233,
93,234,
93,235,
93,236,
93,237,
93,238,
93,239,
93,240,
93,241,
93,242,
93,243,
93,244,
93,245,
93,246,
93,247,
93,248,
93,249,
93,250,
93,251,
93,252,
93,253,
93,254,
93,255,
93,256,
93,257,
93,258,
93,259,
93,260,
93,261,
93,262,
93,263,
93,264,
93,265,
93,266,
93,267,
93,268,
93,269,
93,270,
93,271,
93,272,
93,273,
93,274,
93,275,
93,276,
93,277,
93,278,
93,279,
93,280,
93,281,
93,282,
93,283,
93,284,
93,285,
93,286,
93,287,
93,288,
93,289,
93,290,
93,291,
93,292,
93,293,
93,294,
93,295,
93,296,
93,297,
93,298,
93,299,
93,300,
93,301,
93,302,
93,303,
93,304,
93,305,
93,306,
93,307,
93,308,
93,309,
93,310,
93,311,
93,312,
93,313,
93,314,
93,315,
93,316,
93,317,
93,318,
93,319,
93,320,
93,321,
93,322,
93,323,
93,324,
93,325,
93,326,
93,327,
93,328,
93,329,
93,330,
93,331,
93,332,
93,333,
93,334,
93,335,
93,336,
93,337,
93,338,
93,339,
93,340,
93,341,
93,342,
93,343,
93,344,
93,345,
93,346,
93,347,
93,348,
93,349,
93,350,
93,351,
93,352,
93,353,
93,354,
93,355,
93,356,
93,357,
93,358,
93,359,
93,360,
93,361,
93,362,
93,363,
93,364,
93,365,
93,366,
93,367,
93,368,
93,369,
93,370,
93,371,
93,372,
93,373,
93,374,
93,375,
93,376,
93,377,
93,378,
93,379,
93,380,
93,381,
93,382,
93,383,
93,384,
93,385,
93,386,
93,387,
93,388,
93,389,
93,390,
93,391,
93,392,
93,393,
93,394,
93,395,
93,396,
93,397,
93,398,
93,399,
93,400,
93,401,
93,402,
93,403,
93,404,
93,405,
94,1,6.0801
94,2,7.85311
94,3,8.04291
94,4,8.1345
94,5,10.0
94,6,9.0
94,7,8.08407
94,8,9.96425
94,9,1.82103
94,10,9.94838
94,11,1.83815
94,12,9.84324
94,13,8.0
94,14,7.91851
94,15,9.82217
94,16,8.01428
94,17,8.88227
94,18,7.87968
94,19,8.04794
94,20,9.16117
94,21,6.0
94,22,7.0
94,23,9.9775
94,24,6.94066
94,25,1.17142
94,26,7.90643
94,27,0.869951
94,28,9.09377
94,29,1.0
94,30,8.12642
94,31,3.02724
94,32,2.90952
94,33,8.09963
94,34,9.8709
94,35,1.08171
94,36,9.89511
94,37,9.92025
94,38,8.96634
94,39,8.93614
94,40,7.16001
94,41,5.0
94,42,6.85946
94,43,0.852625
94,44,8.16774
94,45,9.92171
94,46,7.80667
94,47,8.0
94,48,5.93411
94,49,5.85462
94,50,9.8557
94,51,9.82446
94,52,9.01776
94,53,9.92073
94,54,7.0
94,55,8.15347
94,56,8.8575
94,57,8.89155
94,58,3.0
94,59,3.03277
94,60,8.86571
94,61,9.89924
94,62,9.87976
94,63,8.92409
94,64,2.81182
94,65,2.8619
94,66,9.00007
94,67,9.97727
94,68,9.96824
94,69,7.02362
94,70,1.08004
94,71,1.03241
94,72,2.97856
94,73,2.85011
94,74,9.90691
94,75,8.04846
94,76,4.95598
94,77,0.0
94,78,1.1445
94,79,8.91637
94,80,9.85337
94,81,4.9814
94,82,8.04538
94,83,0.0
94,84,8.93687
94,85,9.04906
94,86,7.0
94,87,5.93622
94,88,8.16628
94,89,9.80655
94,90,1.14773
94,91,1.0
94,92,9.99233
94,93,0.0661986
94,94,1.88537
94,95,9.84225
94,96,6.0
94,97,9.09565
94,98,10.0
94,99,8.09624
94,100,8.83363
94,101,9.18782
94,102,10.0
94,103,9.91896
94,104,9.83482
94,105,9.86785
94,106,7.80714
94,107,8.84271
94,108,8.85341
94,109,7.83669
94,110,8.06574
94,111,7.83422
94,112,9.9477
94,113,10.0
94,114,7.84379
94,115,9.94652
94,116,9.97912
94,117,7.81157
94,118,8.12049
94,119,8.84075
94,120,9.0172
94,121,0.0
94,122,0.0592501
94,123,0.0076284
94,124,7.19801
94,125,8.0
94,126,8.98058
94,127,9.9221
94,128,7.01648
94,129,0.945722
94,130,1.1334
94,131,9.99611
94,132,2.0
94,133,9.0
94,134,8.06815
94,135,9.87986
94,136,8.95724
94,137,9.07684
94,138,8.90217
94,139,8.0
94,140,9.06783
94,141,8.0
94,142,9.05145
94,143,8.99845
94,144,9.1475
94,145,9.00459
94,146,8.98376
94,147,8.11194
94,148,9.91056
94,149,9.95148
94,150,8.17647
94,151,7.91935
94,152,8.1632
94,153,8.13747
94,154,8.96772
94,155,8.95074
94,156,9.0406
94,157,8.86221
94,158,8.0
94,159,7.99063
94,160,8.0
94,161,9.08222
94,162,7.83509
94,163,8.83969
94,164,9.15228
94,165,8.17653
94,166,8.99675
94,167,7.16388
94,168,9.04072
94,169,1.0
94,170,1.17969
94,171,1.0
94,172,9.19003
94,173,8.0
94,174,10.0
94,175,10.0
94,176,8.0
94,177,8.83575
94,178,9.15966
94,179,8.94998
94,180,8.0
94,181,5.99266
94,182,9.19697
94,183,8.87195
94,184,1.0
94,185,8.0
94,186,7.16552
94,187,6.89023
94,188,8.9682
94,189,8.05329
94,190,9.00431
94,191,8.86873
94,192,8.16611
94,193,8.90385
94,194,9.025
94,195,8.0
94,196,8.00106
94,197,5.95949
94,198,7.0
94,199,6.96579
94,200,9.89047
94,201,0.0268274
94,202,9.0271
94,203,9.93379
94,204,9.90533
94,205,8.99594
94,206,10.0
94,207,9.0
94,208,9.86827
94,209,9.06794
94,210,8.91635
94,211,9.058
94,212,1.19178
94,213,8.00189
94,214,8.99778
94,215,8.02388
94,216,1.09575
94,217,1.82668
94,218,9.07864
94,219,9.14132
94,220,9.13956
94,221,8.87159
94,222,8.82972
94,223,8.80749
94,224,9.02063
94,225,8.97975
94,226,8.85194
94,227,9.8113
94,228,9.05836
94,229,9.00102
94,230,9.10857
94,231,8.94133
94,232,8.80414
94,233,9.94821
94,234,9.08044
94,235,9.00095
94,236,7.97102
94,237,8.8586
94,238,9.99369
94,239,9.16731
94,240,8.88238
94,241,9.10317
94,242,9.1349
94,243,8.99415
94,244,9.0
94,245,8.13747
94,246,1.0
94,247,8.85738
94,248,6.0
94,249,8.17739
94,250,8.19703
94,251,7.86359
94,252,9.88436
94,253,10.0
94,254,1.17225
94,255,8.16429
94,256,9.98285
94,257,7.81482
94,258,8.92936
94,259,8.8625
94,260,0.950714
94,261,9.11543
94,262,0.915146
94,263,8.83886
94,264,8.10295
94,265,7.94186
94,266,7.93607
94,267,9.0
94,268,9.88363
94,269,9.85853
94,270,9.8434
94,271,8.97753
94,272,8.14428
94,273,7.97298
94,274,8.90131
94,275,7.95311
94,276,8.99532
94,277,9.0811
94,278,9.16238
94,279,8.92769
94,280,8.01898
94,281,9.17593
94,282,5.81179
94,283,7.88394
94,284,8.11925
94,285,7.98156
94,286,8.1715
94,287,9.96393
94,288,9.97681
94,289,8.99615
94,290,9.18175
94,291,8.18012
94,292,9.89445
94,293,9.14423
94,294,8.15047
94,295,8.08594
94,296,6.16705
94,297,6.11435
94,298,1.0
94,299,9.8977
94,300,8.92079
94,301,8.05114
94,302,7.88752
94,303,9.00963
94,304,2.04275
94,305,8.18166
94,306,9.14323
94,307,9.1794
94,308,9.04269
94,309,8.12797
94,310,9.03611
94,311,9.13755
94,312,9.18573
94,313,9.0
94,314,8.82479
94,315,9.82036
94,316,8.89402
94,317,9.12404
94,318,7.87957
94,319,8.9459
94,320,9.05966
94,321,8.87044
94,322,9.88537
94,323,9.80384
94,324,9.90851
94,325,9.9604
94,326,8.85422
94,327,8.0
94,328,9.04836
94,329,8.91212
94,330,9.83671
94,331,10.0
94,332,9.91606
94,333,9.80165
94,334,1.0
94,335,9.0
94,336,6.17663
94,337,8.81365
94,338,7.89342
94,339,9.86958
94,340,9.91532
94,341,5.98191
94,342,8.99601
94,343,1.0
94,344,7.99695
94,345,9.00446
94,346,0.815042
94,347,9.88404
94,348,9.16512
94,349,9.15529
94,350,7.91684
94,351,9.87991
94,352,8.09595
94,353,8.09996
94,354,7.96899
94,355,9.0
94,356,9.86864
94,357,6.93936
94,358,9.91814
94,359,9.86799
94,360,8.95134
94,361,5.0
94,362,7.87993
94,363,9.08044
94,364,9.8415
94,365,8.16309
94,366,9.89035
94,367,8.99401
94,368,9.01999
94,369,9.0
94,370,9.15507
94,371,9.19319
94,372,8.97498
94,373,9.08991
94,374,9.0101
94,375,5.92819
94,376,9.98009
94,377,9.0
94,378,7.00336
94,379,9.96131
94,380,7.85876
94,381,2.02499
94,382,9.96896
94,383,8.87814
94,384,8.0
94,385,0.900496
94,386,7.87782
94,387,9.15921
94,388,9.00802
94,389,9.01519
94,390,0.893659
94,391,0.933565
94,392,8.16707
94,393,9.17096
94,394,8.9785
94,395,7.996
94,396,7.80276
94,397,9.0
94,398,9.91326
94,399,8.12114
94,400,8.82788
94,401,0.865442
94,402,7.86396
94,403,1.067
94,404,8.0
94,405,7.99079
95,1,
95,2,
95,3,
95,4,
95,5,
95,6,
95,7,
95,8,
95,9,
95,10,
95,11,
95,12,
95,13,9.0
95,14,
95,15,
95,16,
95,17,
95,18,
95,19,
95,20,
95,21,
95,22,
95,23,
95,24,
95,25,
95,26,
95,27,
95,28,
95,29,
95,30,
95,31,
95,32,
95,33,
95,34,
95,35,
95,36,
95,37,
95,38,
95,39,
95,40,
95,41,
95,42,
95,43,
95,44,
95,45,
95,46,
95,47,
95,48,
95,49,
95,50,
95,51,
95,52,
95,53,
95,54,
95,55,
95,56,
95,57,
95,58,
95,59,
95,60,
95,61,
95,62,
95,63,
95,64,
95,65,
95,66,
95,67,
95,68,
95,69,
95,70,
95,71,
95,72,
95,73,
95,74,
95,75,
95,76,
95,77,
95,78,
95,79,
95,80,
95,81,
95,82,
95,83,
95,84,
95,85,
95,86,
95,87,
95,88,
95,89,
95,90,
95,91,
95,92,
95,93,
95,94,
95,95,
95,96,
95,97,
95,98,
95,99,
95,100,
95,101,
95,102,
95,103,
95,104,
95,105,
95,106,
95,107,
95,108,
95,109,
95,110,
95,111,
95,112,
95,113,
95,114,
95,115,
95,116,
95,117,
95,118,
95,119,
95,120,
95,121,
95,122,
95,123,
95,124,
95,125,
95,126,
95,127,
95,128,
95,129,
95,130,
95,131,
95,132,
95,133,
95,134,
95,135,
95,136,
95,137,
95,138,
95,139,
95,140,
95,141,
95,142,
95,143,
95,144,
95,145,
95,146,
95,147,
95,148,
95,149,
95,150,
95,151,
95,152,
95,153,
95,154,
95,155,
95,156,
95,157,
95,158,
95,159,
95,160,
95,161,
95,162,
95,163,
95,164,
95,165,
95,166,
95,167,
95,168,
95,169,
95,170,
95,171,
95,172,
95,173,
95,174,
95,175,
95,176,
95,177,
95,178,
95,179,
95,180,
95,181,
95,182,
95,183,
95,184,
95,185,
95,186,
95,187,
95,188,
95,189,
95,190,
95,191,
95,192,
95,193,
95,194,
95,195,
95,196,
95,197,
95,198,
95,199,
95,200,
95,201,
95,202,
95,203,
95,204,
95,205,
95,206,
95,207,
95,208,
95,209,
95,210,
95,211,
95,212,
95,213,
95,214,
95,215,
95,216,
95,217,
95,218,
95,219,
95,220,
95,221,
95,222,
95,223,
95,224,
95,225,
95,226,
95,227,
95,228,
95,229,
95,230,
95,231,
95,232,
95,233,
95,234,
95,235,
95,236,
95,237,
95,238,
95,239,
95,240,
95,241,
95,242,
95,243,
95,244,
95,245,
95,246,
95,247,
95,248,
95,249,
95,250,
95,251,
95,252,
95,253,
95,254,
95,255,
95,256,
95,257,
95,258,
95,259,
95,260,
95,261,
95,262,
95,263,
95,264,
95,265,
95,266,
95,267,
95,268,
95,269,
95,270,
95,271,
95,272,
95,273,
95,274,
95,275,
95,276,
95,277,
95,278,
95,279,
95,280,
95,281,
95,282,
95,283,
95,284,
95,285,
95,286,
95,287,
95,288,
95,289,
95,290,
95,291,
95,292,
95,293,
95,294,
95,295,
95,296,
95,297,
95,298,
95,299,
95,300,
95,301,
95,302,
95,303,
95,304,
95,305,
95,306,
95,307,
95,308,
95,309,
95,310,
95,311,
95,312,
95,313,
95,314,
95,315,
95,316,
95,317,
95,318,
95,319,
95,320,
95,321,
95,322,
95,323,
95,324,
95,325,
95,326,
95,327,
95,328,
95,329,
95,330,
95,331,
95,332,
95,333,
95,334,
95,335,
95,336,
95,337,
95,338,
95,339,
95,340,
95,341,
95,342,
95,343,
95,344,
95,345,
95,346,
95,347,
95,348,
95,349,
95,350,
95,351,
95,352,
95,353,
95,354,
95,355,
95,356,
95,357,
95,358,
95,359,
95,360,
95,361,
95,362,
95,363,
95,364,
95,365,
95,366,
95,367,
95,368,
95,369,
95,370,
95,371,
95,372,
95,373,
95,374,
95,375,
95,376,
95,377,
95,378,
95,379,
95,380,
95,381,
95,382,
95,383,
95,384,
95,385,
95,386,
95,387,
95,388,
95,389,
95,390,
95,391,
95,392,
95,393,
95,394,
95,395,
95,396,
95,397,
95,398,
95,399,
95,400,
95,401,
95,402,
95,403,
95,404,
95,405,
96,1,
96,2,
96,3,
96,4,
96,5,
96,6,
96,7,
96,8,
96,9,
96,10,
96,11,
96,12,
96,13,
96,14,
96,15,
96,16,
96,17,
96,18,
96,19,
96,20,
96,21,
96,22,
96,23,
96,24,
96,25,
96,26,
96,27,
96,28,
96,29,
96,30,
96,31,
96,32,
96,33,
96,34,
96,35,
96,36,
96,37,
96,38,
96,39,
96,40,
96,41,
96,42,
96,43,
96,44,
96,45,
96,46,
96,47,
96,48,
96,49,
96,50,
96,51,
96,52,
96,53,
96,54,
96,55,
96,56,
96,57,
96,58,
96,59,
96,60,
96,61,
96,62,
96,63,
96,64,
96,65,
96,66,
96,67,
96,68,
96,69,
96,70,
96,71,
96,72,
96,73,
96,74,
96,75,
96,76,
96,77,
96,78,
96,79,
96,80,
96,81,
96,82,
96,83,
96,84,
96,85,
96,86,
96,87,
96,88,
96,89,
96,90,
96,91,
96,92,
96,93,
96,94,
96,95,
96,96,
96,97,
96,98,
96,99,
96,100,
96,101,
96,102,
96,103,
96,104,
96,105,
96,106,
96,107,
96,108,
96,109,
96,110,
96,111,
96,112,
96,113,
96,114,
96,115,
96,116,
96,117,
96,118,
96,119,
96,120,
96,121,
96,122,
96,123,
96,124,
96,125,
96,126,
96,127,
96,128,
96,129,
96,130,
96,131,
96,132,
96,133,
96,134,
96,135,
96,136,
96,137,
96,138,
96,139,
96,140,
96,141,
96,142,
96,143,
96,144,
96,145,
96,146,
96,147,
96,148,
96,149,
96,150,
96,151,
96,152,
96,153,
96,154,
96,155,
96,156,
96,157,
96,158,
96,159,
96,160,
96,161,
96,162,
96,163,
96,164,
96,165,
96,166,
96,167,
96,168,
96,169,
96,170,
96,171,
96,172,
96,173,
96,174,
96,175,
96,176,
96,177,
96,178,
96,179,
96,180,
96,181,
96,182,
96,183,
96,184,
96,185,
96,186,
96,187,
96,188,
96,189,
96,190,
96,191,
96,192,
96,193,
96,194,
96,195,
96,196,
96,197,
96,198,
96,199,
96,200,
96,201,
96,202,
96,203,
96,204,
96,205,
96,206,
96,207,
96,208,
96,209,
96,210,
96,211,
96,212,
96,213,
96,214,
96,215,
96,216,
96,217,
96,218,
96,219,
96,220,
96,221,
96,222,
96,223,
96,224,
96,225,
96,226,
96,227,
96,228,
96,229,
96,230,
96,231,
96,232,
96,233,
96,234,
96,235,
96,236,
96,237,
96,238,
96,239,
96,240,
96,241,
96,242,
96,243,
96,244,
96,245,
96,246,
96,247,
96,248,
96,249,
96,250,
96,251,
96,252,
96,253,
96,254,
96,255,
96,256,
96,257,
96,258,
96,259,
96,260,
96,261,
96,262,
96,263,
96,264,
96,265,
96,266,
96,267,
96,268,
96,269,
96,270,
96,271,
96,272,
96,273,
96,274,
96,275,
96,276,
96,277,
96,278,
96,279,
96,280,
96,281,
96,282,
96,283,
96,284,
96,285,
96,286,
96,287,
96,288,
96,289,
96,290,
96,291,
96,292,
96,293,
96,294,
96,295,
96,296,
96,297,
96,298,
96,299,
96,300,
96,301,
96,302,
96,303,
96,304,
96,305,
96,306,
96,307,
96,308,
96,309,
96,310,
96,311,
96,312,
96,313,
96,314,
96,315,
96,316,
96,317,
96,318,
96,319,
96,320,
96,321,
96,322,
96,323,
96,324,
96,325,
96,326,
96,327,
96,328,
96,329,
96,330,
96,331,
96,332,
96,333,
96,334,
96,335,
96,336,
96,337,
96,338,
96,339,
96,340,
96,341,
96,342,
96,343,
96,344,
96,345,
96,346,
96,347,
96,348,
96,349,
96,350,
96,351,
96,352,
96,353,
96,354,
96,355,
96,356,
96,357,
96,358,
96,359,
96,360,
96,361,
96,362,
96,363,
96,364,
96,365,
96,366,
96,367,
96,368,
96,369,
96,370,
96,371,
96,372,
96,373,
96,374,
96,375,
96,376,
96,377,
96,378,
96,379,
96,380,
96,381,
96,382,
96,383,
96,384,
96,385,
96,386,
96,387,
96,388,
96,389,
96,390,
96,391,
96,392,
96,393,
96,394,
96,395,
96,396,
96,397,
96,398,
96,399,
96,400,
96,401,
96,402,
96,403,
96,404,
96,405,
97,1,0.000860555
97,2,9.97677
97,3,9.97392
97,4,7.93744
97,5,10.0
97,6,5.0
97,7,9.81046
97,8,-0.969941
97,9,9.84755
97,10,9.88105
97,11,9.91476
97,12,9.98432
97,13,10.0
97,14,-0.913129
97,15,9.89374
97,16,-0.891817
97,17,3.11275
97,18,7.9117
97,19,-0.974886
97,20,-0.95879
97,21,1.0
97,22,10.0
97,23,2.92222
97,24,0.197593
97,25,-0.803623
97,26,-0.89542
97,27,-0.884824
97,28,9.91374
97,29,8.0
97,30,9.8061
97,31,7.80478
97,32,7.88691
97,33,0.118258
97,34,9.9909
97,35,0.181209
97,36,2.90057
97,37,9.99471
97,38,-0.933171
97,39,-0.903531
97,40,4.09517
97,41,9.0
97,42,-0.835188
97,43,1.82228
97,44,0.147567
97,45,9.82404
97,46,-0.873677
97,47,7.0
97,48,0.880003
97,49,0.0907772
97,50,2.90899
97,51,9.87386
97,52,4.97125
97,53,9.82591
97,54,4.0
97,55,0.138474
97,56,7.06567
97,57,6.98139
97,58,8.0
97,59,8.18324
97,60,7.10997
97,61,9.87116
97,62,9.93371
97,63,4.9401
97,64,7.89341
97,65,8.10333
97,66,5.0446
97,67,9.95046
97,68,3.06417
97,69,0.146456
97,70,-0.974901
97,71,-0.862884
97,72,7.93735
97,73,8.09526
97,74,9.99441
97,75,0.917365
97,76,9.07498
97,77,0.0
97,78,8.09876
97,79,2.85132
97,80,9.96852
97,81,9.80412
97,82,-0.96746
97,83,1.0
97,84,-0.847691
97,85,3.12196
97,86,0.0
97,87,0.00249953
97,88,9.86886
97,89,3.03356
97,90,1.8918
97,91,2.0
97,92,9.84557
97,93,0.0773465
97,94,9.89745
97,95,9.88701
97,96,0.0
97,97,6.01143
97,98,-1.0
97,99,8.98637
97,100,5.98507
97,101,-0.812361
97,102,10.0
97,103,9.83516
97,104,9.89594
97,105,9.84725
97,106,8.08035
97,107,-0.983597
97,108,5.97422
97,109,-0.936705
97,110,-0.811413
97,111,-0.979194
97,112,4.19722
97,113,10.0
97,114,7.87754
97,115,3.85152
97,116,9.91086
97,117,8.84101
97,118,7.86144
97,119,-0.92876
97,120,3.1713
97,121,-1.0
97,122,-0.966259
97,123,-0.811105
97,124,-0.973393
97,125,-1.0
97,126,-0.971821
97,127,-0.812053
97,128,3.89482
97,129,-0.86781
97,130,-0.913866
97,131,4.14114
97,132,10.0
97,133,10.0
97,134,-0.89253
97,135,3.84832
97,136,9.85022
97,137,9.87979
97,138,9.88536
97,139,10.0
97,140,-0.84563
97,141,-1.0
97,142,2.90939
97,143,-0.860877
97,144,-0.966847
97,145,-0.870584
97,146,-0.827189
97,147,-0.98486
97,148,-0.858656
97,149,-0.846695
97,150,-0.901924
97,151,-0.837667
97,152,-0.835321
97,153,8.82858
97,154,-0.953098
97,155,3.04287
97,156,2.85862
97,157,-0.857719
97,158,8.0
97,159,7.88166
97,160,-1.0
97,161,7.05956
97,162,-0.814543
97,163,-0.920176
97,164,-0.930216
97,165,0.163851
97,166,-0.922218
97,167,-0.807631
97,168,-0.954792
97,169,2.0
97,170,1.98922
97,171,-1.0
97,172,5.96723
97,173,0.0
97,174,4.0
97,175,-1.0
97,176,0.0
97,177,0.166166
97,178,5.0928
97,179,4.86524
97,180,3.0
97,181,0.833816
97,182,0.00830033
97,183,5.14091
97,184,0.0
97,185,-1.0
97,186,-0.84722
97,187,-0.817543
97,188,6.13942
97,189,0.0830522
97,190,6.94594
97,191,2.83603
97,192,0.113464
97,193,0.0500708
97,194,0.0467632
97,195,0.0
97,196,0.0387183
97,197,0.804
97,198,-1.0
97,199,-0.827476
97,200,4.1865
97,201,-0.808142
97,202,3.10114
97,203,9.93215
97,204,-0.841224
97,205,-0.917763
97,206,10.0
97,207,0.0
97,208,2.8996
97,209,3.18387
97,210,2.8676
97,211,5.10776
97,212,-0.97152
97,213,-0.963387
97,214,4.82245
97,215,9.03995
97,216,-0.9089
97,217,9.8503
97,218,9.94685
97,219,9.84568
97,220,9.85947
97,221,9.99533
97,222,9.8835
97,223,9.8076
97,224,9.95465
97,225,9.92281
97,226,-0.911044
97,227,-0.862353
97,228,-0.839873
97,229,-0.921776
97,230,-0.899767
97,231,-0.865729
97,232,-0.962746
97,233,-0.848637
97,234,5.0749
97,235,3.16988
97,236,9.1871
97,237,2.89488
97,238,-0.99793
97,239,3.19219
97,240,0.185155
97,241,0.0596604
97,242,0.0331807
97,243,0.186516
97,244,-1.0
97,245,-0.91844
97,246,0.0
97,247,2.81742
97,248,10.0
97,249,-0.86572
97,250,8.08794
97,251,8.05765
97,252,3.05945
97,253,4.0
97,254,-0.972321
97,255,0.0705873
97,256,4.19434
97,257,0.190466
97,258,0.0408987
97,259,5.0456
97,260,2.0
97,261,0.0
97,262,1.87316
97,263,-0.864903
97,264,7.97698
97,265,7.81146
97,266,-0.887458
97,267,-1.0
97,268,-0.857888
97,269,9.90568
97,270,-0.918118
97,271,5.97236
97,272,-0.837893
97,273,0.0718753
97,274,6.00475
97,275,-0.886155
97,276,7.0486
97,277,3.08191
97,278,-0.994611
97,279,-0.946692
97,280,0.148143
97,281,-0.871727
97,282,0.868249
97,283,-0.834204
97,284,-0.90505
97,285,8.12687
97,286,7.83564
97,287,-0.928644
97,288,-0.906663
97,289,-0.840827
97,290,-0.900905
97,291,-0.819879
97,292,-0.885464
97,293,-0.845664
97,294,9.16479
97,295,6.85042
97,296,0.874868
97,297,0.114117
97,298,-1.0
97,299,3.06902
97,300,5.02548
97,301,9.00648
97,302,8.00519
97,303,4.85451
97,304,9.82526
97,305,9.09158
97,306,-0.810393
97,307,-0.93045
97,308,9.91288
97,309,0.0630124
97,310,4.88375
97,311,-0.86657
97,312,6.98562
97,313,7.0
97,314,7.02053
97,315,-0.904882
97,316,3.09637
97,317,5.12009
97,318,-0.98698
97,319,-0.985801
97,320,-0.892748
97,321,-0.826052
97,322,-0.906117
97,323,-0.809304
97,324,-0.807087
97,325,-0.813495
97,326,-0.887568
97,327,9.0
97,328,4.89088
97,329,5.13368
97,330,2.8638
97,331,3.0
97,332,4.18544
97,333,3.89084
97,334,-1.0
97,335,3.0
97,336,0.0770866
97,337,-0.937132
97,338,-0.841406
97,339,4.00249
97,340,-0.822963
97,341,1.12307
97,342,5.19189
97,343,-1.0
97,344,2.86075
97,345,-0.937765
97,346,-0.905836
97,347,-0.948893
97,348,-0.971925
97,349,3.09898
97,350,-0.865804
97,351,-0.80891
97,352,9.13832
97,353,1.04449
97,354,-0.883985
97,355,3.0
97,356,-0.85067
97,357,-0.844074
97,358,9.83688
97,359,9.89101
97,360,2.97101
97,361,10.0
97,362,-0.907632
97,363,-0.860913
97,364,-0.867887
97,365,8.91698
97,366,3.98824
97,367,3.05757
97,368,-0.839599
97,369,6.0
97,370,6.00146
97,371,2.80825
97,372,4.89662
97,373,-0.927248
97,374,4.8003
97,375,0.128301
97,376,2.80319
97,377,5.0
97,378,-0.893737
97,379,3.93378
97,380,-0.817972
97,381,9.96274
97,382,3.94559
97,383,4.96874
97,384,4.0
97,385,-0.971231
97,386,0.0954537
97,387,-0.949236
97,388,0.0417476
97,389,0.0845916
97,390,0.105636
97,391,0.0882813
97,392,3.82533
97,393,3.07152
97,394,4.94582
97,395,1.07607
97,396,0.196807
97,397,2.0
97,398,-0.88544
97,399,0.137684
97,400,0.0515848
97,401,0.177114
97,402,-0.89192
97,403,0.191612
97,404,1.0
97,405,0.164479
98,1,8.87192
98,2,4.99917
98,3,4.90709
98,4,9.93546
98,5,8.0
98,6,10.0
98,7,4.91108
98,8,9.15148
98,9,7.05077
98,10,7.95209
98,11,6.96231
98,12,9.07905
98,13,5.0
98,14,8.99748
98,15,7.95336
98,16,8.87544
98,17,2.92981
98,18,9.99918
98,19,6.01908
98,20,4.90753
98,21,9.0
98,22,4.0
98,23,1.10031
98,24,9.82199
98,25,2.86132
98,26,5.93036
98,27,3.10384
98,28,8.9078
98,29,4.0
98,30,5.05022
98,31,5.00825
98,32,5.00116
98,33,6.11723
98,34,9.19112
98,35,6.85257
98,36,0.813674
98,37,8.00762
98,38,4.81361
98,39,5.11291
98,40,0.848065
98,41,1.0
98,42,5.19667
98,43,6.02311
98,44,7.84497
98,45,8.03556
98,46,9.18794
98,47,9.0
98,48,8.84447
98,49,8.81703
98,50,0.90573
98,51,9.05247
98,52,9.96628
98,53,8.12783
98,54,1.0
98,55,8.12978
98,56,8.14513
98,57,7.9167
98,58,5.0
98,59,5.1518
98,60,8.10231
98,61,9.19021
98,62,7.92754
98,63,9.8104
98,64,5.08836
98,65,4.86121
98,66,9.88841
98,67,8.89152
98,68,1.01495
98,69,9.96961
98,70,0.967481
98,71,2.81181
98,72,4.82122
98,73,4.96364
98,74,9.026
98,75,5.9701
98,76,0.827181
98,77,10.0
98,78,3.95685
98,79,3.0292
98,80,8.87715
98,81,8.14934
98,82,5.88067
98,83,5.0
98,84,5.01531
98,85,3.17717
98,86,10.0
98,87,9.11314
98,88,5.13834
98,89,1.00997
98,90,6.18063
98,91,6.0
98,92,7.82938
98,93,9.89201
98,94,7.12097
98,95,9.08985
98,96,9.0
98,97,1.89929
98,98,1.0
98,99,9.93731
98,100,2.10458
98,101,5.01601
98,102,4.0
98,103,3.8321
98,104,3.82864
98,105,3.95291
98,106,9.98759
98,107,5.06342
98,108,2.16469
98,109,9.12627
98,110,9.0751
98,111,9.04954
98,112,5.91295
98,113,8.0
98,114,9.85702
98,115,5.84894
98,116,9.05828
98,117,9.82549
98,118,9.87393
98,119,5.14813
98,120,3.02907
98,121,7.0
98,122,7.0908
98,123,6.81567
98,124,5.03037
98,125,9.0
98,126,5.15686
98,127,8.85566
98,128,1.19776
98,129,7.16225
98,130,6.99971
98,131,5.90937
98,132,7.0
98,133,9.0
98,134,8.82291
98,135,5.90108
98,136,9.04278
98,137,9.15641
98,138,9.03093
98,139,5.0
98,140,4.88203
98,141,9.0
98,142,3.01786
98,143,4.91489
98,144,4.89969
98,145,4.94308
98,146,5.07598
98,147,9.0069
98,148,0.829336
98,149,0.891265
98,150,8.85536
98,151,8.89591
98,152,8.94328
98,153,9.99112
98,154,4.99152
98,155,2.96437
98,156,3.15756
98,157,5.07226
98,158,10.0
98,159,9.94029
98,160,6.0
98,161,7.92431
98,162,9.19891
98,163,4.8349
98,164,5.00392
98,165,7.96402
98,166,5.15354
98,167,5.05444
98,168,5.12584
98,169,8.0
98,170,8.1175
98,171,9.0
98,172,1.93864
98,173,8.0
98,174,9.0
98,175,9.0
98,176,6.0
98,177,0.0853012
98,178,9.91309
98,179,9.80086
98,180,9.0
98,181,8.93575
98,182,0.0149573
98,183,9.9689
98,184,7.0
98,185,1.0
98,186,5.07466
98,187,5.09388
98,188,2.13045
98,189,9.098
98,190,7.83436
98,191,3.1612
98,192,5.99699
98,193,0.0716201
98,194,0.00331181
98,195,9.0
98,196,8.90289
98,197,9.1285
98,198,5.0
98,199,4.9348
98,200,6.19351
98,201,6.87871
98,202,2.94836
98,203,9.15599
98,204,0.891316
98,205,4.96143
98,206,9.0
98,207,0.0
98,208,1.04974
98,209,2.94878
98,210,3.07214
98,211,5.81491
98,212,3.05178
98,213,6.04384
98,214,5.94305
98,215,9.90705
98,216,2.81375
98,217,6.8128
98,218,9.04945
98,219,9.12413
98,220,8.94906
98,221,9.19469
98,222,9.00935
98,223,9.07168
98,224,8.9545
98,225,8.9766
98,226,0.182844
98,227,1.04389
98,228,0.0287536
98,229,0.111151
98,230,4.82415
98,231,0.0863572
98,232,5.17995
98,233,1.01846
98,234,5.94015
98,235,3.0937
98,236,9.81132
98,237,3.0253
98,238,1.01229
98,239,2.99764
98,240,0.180701
98,241,0.101925
98,242,0.0713038
98,243,0.0643125
98,244,5.0
98,245,8.89541
98,246,7.0
98,247,2.89393
98,248,8.0
98,249,8.82291
98,250,9.80238
98,251,9.83311
98,252,1.11545
98,253,6.0
98,254,7.05315
98,255,8.16595
98,256,9.06107
98,257,6.16285
98,258,0.117502
98,259,9.8875
98,260,0.0
98,261,0.0
98,262,8.11076
98,263,5.16097
98,264,9.96061
98,265,9.81072
98,266,9.03311
98,267,0.0
98,268,1.08103
98,269,9.09806
98,270,8.80426
98,271,1.93106
98,272,8.99675
98,273,6.109
98,274,2.00585
98,275,8.81779
98,276,7.86873
98,277,2.9215
98,278,4.87084
98,279,5.0208
98,280,8.12619
98,281,5.06956
98,282,8.99382
98,283,9.18695
98,284,8.95776
98,285,9.91059
98,286,9.83243
98,287,0.941091
98,288,1.06931
98,289,5.1506
98,290,0.0306295
98,291,9.09706
98,292,1.12147
98,293,0.185867
98,294,9.86015
98,295,9.13124
98,296,9.02666
98,297,9.12164
98,298,7.0
98,299,1.04292
98,300,6.11554
98,301,9.83513
98,302,9.93796
98,303,5.81947
98,304,6.95961
98,305,9.85128
98,306,5.1178
98,307,5.16156
98,308,8.80778
98,309,7.8861
98,310,6.0825
98,311,4.81654
98,312,7.81959
98,313,8.0
98,314,7.99001
98,315,1.06928
98,316,2.9128
98,317,9.8145
98,318,9.13169
98,319,0.00983796
98,320,0.0806462
98,321,0.0924634
98,322,1.04147
98,323,1.05327
98,324,1.02885
98,325,1.15425
98,326,0.126258
98,327,10.0
98,328,5.9007
98,329,5.93943
98,330,0.936981
98,331,1.0
98,332,6.04355
98,333,6.11752
98,334,1.0
98,335,3.0
98,336,8.80563
98,337,0.153812
98,338,9.17506
98,339,5.89883
98,340,0.800863
98,341,8.95386
98,342,6.00225
98,343,3.0
98,344,8.99973
98,345,0.149926
98,346,6.94198
98,347,1.19875
98,348,4.86002
98,349,2.81454
98,350,8.87226
98,351,0.884653
98,352,9.81844
98,353,5.96289
98,354,9.18564
98,355,3.0
98,356,1.16873
98,357,4.94761
98,358,9.09421
98,359,8.92697
98,360,3.08361
98,361,8.0
98,362,6.08344
98,363,5.12096
98,364,1.14984
98,365,9.82105
98,366,5.8013
98,367,3.01174
98,368,5.14446
98,369,2.0
98,370,1.8478
98,371,2.80277
98,372,5.81651
98,373,5.15845
98,374,5.92855
98,375,9.18925
98,376,1.09947
98,377,6.0
98,378,5.15198
98,379,6.02077
98,380,8.80674
98,381,7.12334
98,382,5.82241
98,383,5.96571
98,384,9.0
98,385,2.85463
98,386,6.14302
98,387,5.19852
98,388,0.039427
98,389,0.0853026
98,390,6.8414
98,391,6.92925
98,392,9.05187
98,393,2.85852
98,394,5.86768
98,395,6.07921
98,396,7.84834
98,397,8.0
98,398,9.08175
98,399,5.91676
98,400,0.0997918
98,401,6.98962
98,402,0.958538
98,403,0.096106
98,404,6.0
98,405,9.02064
99,1,
99,2,
99,3,
99,4,
99,5,10.0
99,6,10.0
99,7,
99,8,
99,9,
99,10,
99,11,
99,12,
99,13,10.0
99,14,
99,15,
99,16,
99,17,
99,18,
99,19,
99,20,
99,21,10.0
99,22,10.0
99,23,
99,24,
99,25,
99,26,
99,27,
99,28,
99,29,10.0
99,30,
99,31,
99,32,
99,33,
99,34,
99,35,
99,36,
99,37,
99,38,
99,39,
99,40,
99,41,
99,42,
99,43,
99,44,
99,45,
99,46,
99,47,
99,48,
99,49,
99,50,
99,51,
99,52,
99,53,
99,54,
99,55,
99,56,
99,57,
99,58,
99,59,
99,60,
99,61,
99,62,
99,63,
99,64,
99,65,
99,66,
99,67,
99,68,
99,69,
99,70,
99,71,
99,72,
99,73,
99,74,
99,75,
99,76,
99,77,
99,78,
99,79,
99,80,
99,81,
99,82,
99,83,
99,84,
99,85,
99,86,
99,87,
99,88,
99,89,
99,90,
99,91,
99,92,
99,93,
99,94,
99,95,
99,96,
99,97,
99,98,
99,99,
99,100,
99,101,
99,102,
99,103,
99,104,
99,105,
99,106,
99,107,
99,108,
99,109,
99,110,
99,111,
99,112,
99,113,
99,114,
99,115,
99,116,
99,117,
99,118,
99,119,
99,120,
99,121,
99,122,
99,123,
99,124,
99,125,
99,126,
99,127,
99,128,
99,129,
99,130,
99,131,
99,132,
99,133,
99,134,
99,135,
99,136,
99,137,
99,138,
99,139,
99,140,
99,141,
99,142,
99,143,
99,144,
99,145,
99,146,
99,147,
99,148,
99,149,
99,150,
99,151,
99,152,
99,153,
99,154,
99,155,
99,156,
99,157,
99,158,
99,159,
99,160,
99,161,
99,162,
99,163,
99,164,
99,165,
99,166,
99,167,
99,168,
99,169,
99,170,
99,171,
99,172,
99,173,
99,174,
99,175,
99,176,
99,177,
99,178,
99,179,
99,180,
99,181,
99,182,
99,183,
99,184,
99,185,
99,186,
99,187,
99,188,
99,189,
99,190,
99,191,
99,192,
99,193,
99,194,
99,195,
99,196,
99,197,
99,198,
99,199,
99,200,
99,201,
99,202,
99,203,
99,204,
99,205,
99,206,
99,207,
99,208,
99,209,
99,210,
99,211,
99,212,
99,213,
99,214,
99,215,
99,216,
99,217,
99,218,
99,219,
99,220,
99,221,
99,222,
99,223,
99,224,
99,225,
99,226,
99,227,
99,228,
99,229,
99,230,
99,231,
99,232,
99,233,
99,234,
99,235,
99,236,
99,237,
99,238,
99,239,
99,240,
99,241,
99,242,
99,243,
99,244,
99,245,
99,246,
99,247,
99,248,
99,249,
99,250,
99,251,
99,252,
99,253,
99,254,
99,255,
99,256,
99,257,
99,258,
99,259,
99,260,
99,261,
99,262,
99,263,
99,264,
99,265,
99,266,
99,267,
99,268,
99,269,
99,270,
99,271,
99,272,
99,273,
99,274,
99,275,
99,276,
99,277,
99,278,
99,279,
99,280,
99,281,
99,282,
99,283,
99,284,
99,285,
99,286,
99,287,
99,288,
99,289,
99,290,
99,291,
99,292,
99,293,
99,294,
99,295,
99,296,
99,297,
99,298,
99,299,
99,300,
99,301,
99,302,
99,303,
99,304,
99,305,
99,306,
99,307,
99,308,
99,309,
99,310,
99,311,
99,312,
99,313,
99,314,
99,315,
99,316,
99,317,
99,318,
99,319,
99,320,
99,321,
99,322,
99,323,
99,324,
99,325,
99,326,
99,327,
99,328,
99,329,
99,330,
99,331,
99,332,
99,333,
99,334,
99,335,
99,336,
99,337,
99,338,
99,339,
99,340,
99,341,
99,342,
99,343,
99,344,
99,345,
99,346,
99,347,
99,348,
99,349,
99,350,
99,351,
99,352,
99,353,
99,354,
99,355,
99,356,
99,357,
99,358,
99,359,
99,360,
99,361,
99,362,
99,363,
99,364,
99,365,
99,366,
99,367,
99,368,
99,369,
99,370,
99,371,
99,372,
99,373,
99,374,
99,375,
99,376,
99,377,
99,378,
99,379,
99,380,
99,381,
99,382,
99,383,
99,384,
99,385,
99,386,
99,387,
99,388,
99,389,
99,390,
99,391,
99,392,
99,393,
99,394,
99,395,
99,396,
99,397,
99,398,
99,399,
99,400,
99,401,
99,402,
99,403,
99,404,
99,405,
100,1,9.9721
100,2,4.80456
100,3,4.82448
100,4,9.80786
100,5,10.0
100,6,5.0
100,7,4.92395
100,8,5.08093
100,9,9.89417
100,10,9.96743
100,11,9.98991
100,12,9.85086
100,13,5.0
100,14,9.86796
100,15,9.87977
100,16,9.9002
100,17,6.96292
100,18,9.93112
100,19,9.99831
100,20,6.11603
100,21,10.0
100,22,6.0
100,23,9.81744
100,24,7.82869
100,25,7.818
100,26,9.93246
100,27,7.97175
100,28,9.90724
100,29,9.0
100,30,4.9983
100,31,9.94891
100,32,9.94151
100,33,9.96112
100,34,9.98275
100,35,6.0723
100,36,9.96913
100,37,9.96505
100,38,5.83772
100,39,6.18388
100,40,4.83381
100,41,9.0
100,42,8.03858
100,43,6.00609
100,44,6.15017
100,45,9.99139
100,46,9.96981
100,47,10.0
100,48,9.80423
100,49,9.86436
100,50,9.98818
100,51,9.90389
100,52,5.10579
100,53,9.94117
100,54,5.0
100,55,6.01011
100,56,9.85929
100,57,9.94998
100,58,10.0
100,59,9.85658
100,60,9.94516
100,61,9.86695
100,62,9.95091
100,63,5.04319
100,64,9.95608
100,65,9.94455
100,66,4.90969
100,67,9.96041
100,68,9.85005
100,69,8.14608
100,70,7.11339
100,71,7.8009
100,72,9.88946
100,73,9.90185
100,74,9.93541
100,75,6.09284
100,76,8.91073
100,77,10.0
100,78,8.89931
100,79,7.01446
100,80,9.86659
100,81,8.06818
100,82,9.81183
100,83,5.0
100,84,5.96284
100,85,7.05547
100,86,8.0
100,87,9.97959
100,88,4.95542
100,89,9.81407
100,90,6.02886
100,91,6.0
100,92,9.96474
100,93,9.99637
100,94,9.96047
100,95,9.84022
100,96,10.0
100,97,9.82625
100,98,2.0
100,99,8.07002
100,100,9.81116
100,101,6.05295
100,102,8.0
100,103,8.11833
100,104,7.97493
100,105,7.96241
100,106,9.81624
100,107,5.85005
100,108,9.92185
100,109,9.89553
100,110,9.98968
100,111,9.91555
100,112,8.84085
100,113,10.0
100,114,9.83136
100,115,9.16197
100,116,9.8209
100,117,8.06665
100,118,9.84912
100,119,5.96912
100,120,6.83305
100,121,6.0
100,122,6.10964
100,123,5.93544
100,124,8.17774
100,125,10.0
100,126,5.99261
100,127,4.95944
100,128,4.94175
100,129,9.82391
100,130,9.98223
100,131,8.86719
100,132,10.0
100,133,10.0
100,134,9.83923
100,135,9.19952
100,136,9.90526
100,137,9.92422
100,138,9.92646
100,139,6.0
100,140,5.89035
100,141,10.0
100,142,6.85099
100,143,5.88573
100,144,6.17053
100,145,6.18133
100,146,5.86324
100,147,9.92614
100,148,1.97871
100,149,1.86425
100,150,9.90533
100,151,9.8298
100,152,9.83165
100,153,7.85923
100,154,6.10954
100,155,6.80558
100,156,6.82443
100,157,5.84155
100,158,10.0
100,159,9.86625
100,160,10.0
100,161,9.9938
100,162,9.90068
100,163,5.93266
100,164,6.10764
100,165,5.92692
100,166,5.82892
100,167,7.96698
100,168,6.13638
100,169,7.0
100,170,7.11207
100,171,8.0
100,172,9.97904
100,173,6.0
100,174,5.0
100,175,5.0
100,176,10.0
100,177,0.061917
100,178,4.89663
100,179,5.16051
100,180,10.0
100,181,9.83294
100,182,0.0904
100,183,4.91343
100,184,6.0
100,185,2.0
100,186,8.1665
100,187,8.08056
100,188,9.95686
100,189,9.87924
100,190,9.92224
100,191,9.04305
100,192,9.93942
100,193,0.163162
100,194,0.0910351
100,195,10.0
100,196,9.99199
100,197,9.85075
100,198,8.0
100,199,7.88925
100,200,9.12016
100,201,6.08624
100,202,6.98079
100,203,9.92635
100,204,1.89604
100,205,6.1382
100,206,10.0
100,207,0.0
100,208,9.88617
100,209,6.82326
100,210,7.02316
100,211,6.15057
100,212,7.84673
100,213,9.90183
100,214,5.90025
100,215,7.95563
100,216,7.85223
100,217,9.80257
100,218,9.86465
100,219,9.83504
100,220,9.81454
100,221,9.90359
100,222,9.91768
100,223,9.91106
100,224,9.99878
100,225,9.8889
100,226,4.97354
100,227,2.01869
100,228,5.09937
100,229,5.1812
100,230,6.11656
100,231,5.03523
100,232,6.11114
100,233,1.85048
100,234,5.94884
100,235,6.81165
100,236,7.89868
100,237,9.02681
100,238,1.95698
100,239,6.9766
100,240,0.198165
100,241,0.0546904
100,242,0.188595
100,243,0.172498
100,244,6.0
100,245,9.82347
100,246,6.0
100,247,8.9362
100,248,10.0
100,249,9.82803
100,250,9.98811
100,251,9.94889
100,252,9.8601
100,253,9.0
100,254,9.87373
100,255,5.83882
100,256,5.11329
100,257,9.89319
100,258,0.00347057
100,259,4.90647
100,260,0.0
100,261,0.0
100,262,7.18182
100,263,6.03869
100,264,9.95529
100,265,9.98966
100,266,9.81115
100,267,5.0
100,268,1.89736
100,269,9.8892
100,270,4.80604
100,271,9.88358
100,272,9.95624
100,273,9.8688
100,274,9.90927
100,275,9.81508
100,276,9.86447
100,277,6.83948
100,278,6.06999
100,279,5.99106
100,280,5.99134
100,281,6.13726
100,282,9.94975
100,283,9.91555
100,284,9.94175
100,285,9.82724
100,286,9.90442
100,287,1.9296
100,288,2.08469
100,289,5.98581
100,290,5.06551
100,291,9.98815
100,292,2.1105
100,293,4.84689
100,294,7.97185
100,295,9.82115
100,296,9.89288
100,297,9.91375
100,298,10.0
100,299,9.96105
100,300,6.14227
100,301,8.08031
100,302,9.87703
100,303,5.86169
100,304,9.94835
100,305,8.07869
100,306,6.12992
100,307,5.8925
100,308,9.99791
100,309,6.07664
100,310,5.85768
100,311,5.86762
100,312,9.99657
100,313,10.0
100,314,9.95832
100,315,1.81959
100,316,9.07198
100,317,5.12386
100,318,9.96058
100,319,5.08009
100,320,4.91316
100,321,4.85027
100,322,1.83309
100,323,2.0303
100,324,1.89652
100,325,2.09396
100,326,4.80436
100,327,8.0
100,328,6.15179
100,329,5.80571
100,330,9.80526
100,331,10.0
100,332,9.1262
100,333,8.85775
100,334,7.0
100,335,7.0
100,336,9.93267
100,337,5.10691
100,338,9.92999
100,339,8.82755
100,340,1.94368
100,341,9.84023
100,342,5.9059
100,343,8.0
100,344,9.99242
100,345,4.94098
100,346,9.90388
100,347,1.85405
100,348,6.00006
100,349,6.96686
100,350,9.9872
100,351,2.11565
100,352,7.94243
100,353,5.84701
100,354,9.81183
100,355,9.0
100,356,2.09994
100,357,8.05227
100,358,9.84532
100,359,9.88543
100,360,9.02693
100,361,8.0
100,362,9.98563
100,363,6.04916
100,364,2.01996
100,365,7.8693
100,366,9.0767
100,367,6.89882
100,368,5.80713
100,369,10.0
100,370,9.88344
100,371,6.9129
100,372,5.8795
100,373,5.94453
100,374,5.94146
100,375,9.8491
100,376,9.86102
100,377,6.0
100,378,8.09928
100,379,9.10399
100,380,9.98713
100,381,9.97491
100,382,8.84277
100,383,5.93913
100,384,10.0
100,385,7.98058
100,386,9.81614
100,387,6.06351
100,388,0.0784604
100,389,0.188187
100,390,5.83805
100,391,6.14437
100,392,9.91534
100,393,8.81044
100,394,5.80771
100,395,6.1074
100,396,5.81497
100,397,7.0
100,398,5.14101
100,399,9.94889
100,400,0.0633932
100,401,6.08117
100,402,1.99036
100,403,0.177685
100,404,6.0
100,405,9.96835
101,1,
101,2,
101,3,
101,4,
101,5,
101,6,
101,7,
101,8,
101,9,
101,10,
101,11,
101,12,
101,13,
101,14,
101,15,
101,16,
101,17,
101,18,
101,19,
101,20,
101,21,
101,22,
101,23,
101,24,
101,25,
101,26,
101,27,
101,28,
101,29,
101,30,
101,31,
101,32,
101,33,
101,34,
101,35,
101,36,
101,37,
101,38,
101,39,
101,40,
101,41,
101,42,
101,43,
101,44,
101,45,
101,46,
101,47,
101,48,
101,49,
101,50,
101,51,
101,52,
101,53,
101,54,
101,55,
101,56,
101,57,
101,58,
101,59,
101,60,
101,61,
101,62,
101,63,
101,64,
101,65,
101,66,
101,67,
101,68,
101,69,
101,70,
101,71,
101,72,
101,73,
101,74,
101,75,
101,76,
101,77,
101,78,
101,79,
101,80,
101,81,
101,82,
101,83,
101,84,
101,85,
101,86,
101,87,
101,88,
101,89,
101,90,
101,91,
101,92,
101,93,
101,94,
101,95,
101,96,
101,97,
101,98,
101,99,
101,100,
101,101,
101,102,
101,103,
101,104,
101,105,
101,106,
101,107,
101,108,
101,109,
101,110,
101,111,
101,112,
101,113,
101,114,
101,115,
101,116,
101,117,
101,118,
101,119,
101,120,
101,121,
101,122,
101,123,
101,124,
101,125,
101,126,
101,127,
101,128,
101,129,
101,130,
101,131,
101,132,
101,133,
101,134,
101,135,
101,136,
101,137,
101,138,
101,139,
101,140,
101,141,
101,142,
101,143,
101,144,
101,145,
101,146,
101,147,
101,148,
101,149,
101,150,
101,151,
101,152,
101,153,
101,154,
101,155,
101,156,
101,157,
101,158,
101,159,
101,160,
101,161,
101,162,
101,163,
101,164,
101,165,
101,166,
101,167,
101,168,
101,169,
101,170,
101,171,
101,172,
101,173,
101,174,
101,175,
101,176,
101,177,
101,178,
101,179,
101,180,
101,181,
101,182,
101,183,
101,184,
101,185,
101,186,
101,187,
101,188,
101,189,
101,190,
101,191,
101,192,
101,193,
101,194,
101,195,
101,196,
101,197,
101,198,
101,199,
101,200,
101,201,
101,202,
101,203,
101,204,
101,205,
101,206,
101,207,
101,208,
101,209,
101,210,
101,211,
101,212,
101,213,
101,214,
101,215,
101,216,
101,217,
101,218,
101,219,
101,220,
101,221,
101,222,
101,223,
101,224,
101,225,
101,226,
101,227,
101,228,
101,229,
101,230,
101,231,
101,232,
101,233,
101,234,
101,235,
101,236,
101,237,
101,238,
101,239,
101,240,
101,241,
101,242,
101,243,
101,244,
101,245,
101,246,
101,247,
101,248,
101,249,
101,250,
101,251,
101,252,
101,253,
101,254,
101,255,
101,256,
101,257,
101,258,
101,259,
101,260,
101,261,
101,262,
101,263,
101,264,
101,265,
101,266,
101,267,
101,268,
101,269,
101,270,
101,271,
101,272,
101,273,
101,274,
101,275,
101,276,
101,277,
101,278,
101,279,
101,280,
101,281,
101,282,
101,283,
101,284,
101,285,
101,286,
101,287,
101,288,
101,289,
101,290,
101,291,
101,292,
101,293,
101,294,
101,295,
101,296,
101,297,
101,298,
101,299,
101,300,
101,301,
101,302,
101,303,
101,304,
101,305,
101,306,
101,307,
101,308,
101,309,
101,310,
101,311,
101,312,
101,313,
101,314,
101,315,
101,316,
101,317,
101,318,
101,319,
101,320,
101,321,
101,322,
101,323,
101,324,
101,325,
101,326,
101,327,
101,328,
101,329,
101,330,
101,331,
101,332,
101,333,
101,334,
101,335,
101,336,
101,337,
101,338,
101,339,
101,340,
101,341,
101,342,
101,343,
101,344,
101,345,
101,346,
101,347,
101,348,
101,349,
101,350,
101,351,
101,352,
101,353,
101,354,
101,355,
101,356,
101,357,
101,358,
101,359,
101,360,
101,361,
101,362,
101,363,
101,364,
101,365,
101,366,
101,367,
101,368,
101,369,
101,370,
101,371,
101,372,
101,373,
101,374,
101,375,
101,376,
101,377,
101,378,
101,379,
101,380,
101,381,
101,382,
101,383,
101,384,
101,385,
101,386,
101,387,
101,388,
101,389,
101,390,
101,391,
101,392,
101,393,
101,394,
101,395,
101,396,
101,397,
101,398,
101,399,
101,400,
101,401,
101,402,
101,403,
101,404,
101,405,
102,1,
102,2,
102,3,
102,4,
102,5,
102,6,
102,7,
102,8,
102,9,
102,10,
102,11,
102,12,
102,13,
102,14,
102,15,
102,16,
102,17,
102,18,
102,19,
102,20,
102,21,
102,22,
102,23,
102,24,
102,25,
102,26,
102,27,
102,28,
102,29,
102,30,
102,31,
102,32,
102,33,
102,34,
102,35,
102,36,
102,37,
102,38,
102,39,
102,40,
102,41,
102,42,
102,43,
102,44,
102,45,
102,46,
102,47,
102,48,
102,49,
102,50,
102,51,
102,52,
102,53,
102,54,
102,55,
102,56,
102,57,
102,58,
102,59,
102,60,
102,61,
102,62,
102,63,
102,64,
102,65,
102,66,
102,67,
102,68,
102,69,
102,70,
102,71,
102,72,
102,73,
102,74,
102,75,
102,76,
102,77,
102,78,
102,79,
102,80,
102,81,
102,82,
102,83,
102,84,
102,85,
102,86,
102,87,
102,88,
102,89,
102,90,
102,91,
102,92,
102,93,
102,94,
102,95,
102,96,
102,97,
102,98,
102,99,
102,100,
102,101,
102,102,
102,103,
102,104,
102,105,
102,106,
102,107,
102,108,
102,109,
102,110,
102,111,
102,112,
102,113,
102,114,
102,115,
102,116,
102,117,
102,118,
102,119,
102,120,
102,121,
102,122,
102,123,
102,124,
102,125,
102,126,
102,127,
102,128,
102,129,
102,130,
102,131,
102,132,
102,133,
102,134,
102,135,
102,136,
102,137,
102,138,
102,139,
102,140,
102,141,
102,142,
102,143,
102,144,
102,145,
102,146,
102,147,
102,148,
102,149,
102,150,
102,151,
102,152,
102,153,
102,154,
102,155,
102,156,
102,157,
102,158,
102,159,
102,160,
102,161,
102,162,
102,163,
102,164,
102,165,
102,166,
102,167,
102,168,
102,169,
102,170,
102,171,
102,172,
102,173,
102,174,
102,175,
102,176,
102,177,
102,178,
102,179,
102,180,
102,181,
102,182,
102,183,
102,184,
102,185,
102,186,
102,187,
102,188,
102,189,
102,190,
102,191,
102,192,
102,193,
102,194,
102,195,
102,196,
102,197,
102,198,
102,199,
102,200,
102,201,
102,202,
102,203,
102,204,
102,205,
102,206,
102,207,
102,208,
102,209,
102,210,
102,211,
102,212,
102,213,
102,214,
102,215,
102,216,
102,217,
102,218,
102,219,
102,220,
102,221,
102,222,
102,223,
102,224,
102,225,
102,226,
102,227,
102,228,
102,229,
102,230,
102,231,
102,232,
102,233,
102,234,
102,235,
102,236,
102,237,
102,238,
102,239,
102,240,
102,241,
102,242,
102,243,
102,244,
102,245,
102,246,
102,247,
102,248,
102,249,
102,250,
102,251,
102,252,
102,253,
102,254,
102,255,
102,256,
102,257,
102,258,
102,259,
102,260,
102,261,
102,262,
102,263,
102,264,
102,265,
102,266,
102,267,
102,268,
102,269,
102,270,
102,271,
102,272,
102,273,
102,274,
102,275,
102,276,
102,277,
102,278,
102,279,
102,280,
102,281,
102,282,
102,283,
102,284,
102,285,
102,286,
102,287,
102,288,
102,289,
102,290,
102,291,
102,292,
102,293,
102,294,
102,295,
102,296,
102,297,
102,298,
102,299,
102,300,
102,301,
102,302,
102,303,
102,304,
102,305,
102,306,
102,307,
102,308,
102,309,
102,310,
102,311,
102,312,
102,313,
102,314,
102,315,
102,316,
102,317,
102,318,
102,319,
102,320,
102,321,
102,322,
102,323,
102,324,
102,325,
102,326,
102,327,
102,328,
102,329,
102,330,
102,331,
102,332,
102,333,
102,334,
102,335,
102,336,
102,337,
102,338,
102,339,
102,340,
102,341,
102,342,
102,343,
102,344,
102,345,
102,346,
102,347,
102,348,
102,349,
102,350,
102,351,
102,352,
102,353,
102,354,
102,355,
102,356,
102,357,
102,358,
102,359,
102,360,
102,361,
102,362,
102,363,
102,364,
102,365,
102,366,
102,367,
102,368,
102,369,
102,370,
102,371,
102,372,
102,373,
102,374,
102,375,
102,376,
102,377,
102,378,
102,379,
102,380,
102,381,
102,382,
102,383,
102,384,
102,385,
102,386,
102,387,
102,388,
102,389,
102,390,
102,391,
102,392,
102,393,
102,394,
102,395,
102,396,
102,397,
102,398,
102,399,
102,400,
102,401,
102,402,
102,403,
102,404,
102,405,
103,1,6.11877
103,2,4.91335
103,3,4.82305
103,4,2.11291
103,5,5.0
103,6,10.0
103,7,4.82743
103,8,9.82863
103,9,8.01434
103,10,4.88893
103,11,8.08236
103,12,-0.805811
103,13,5.0
103,14,8.84907
103,15,5.16484
103,16,9.17464
103,17,-0.968
103,18,2.10548
103,19,-0.887133
103,20,-0.813086
103,21,4.0
103,22,-1.0
103,23,9.96776
103,24,4.98274
103,25,9.90775
103,26,-0.893748
103,27,9.90628
103,28,4.92578
103,29,-1.0
103,30,5.08061
103,31,4.17541
103,32,3.82151
103,33,9.87362
103,34,-0.889565
103,35,9.00797
103,36,9.95345
103,37,4.85493
103,38,-0.96815
103,39,-0.945633
103,40,0.0875821
103,41,-1.0
103,42,9.86895
103,43,-0.981838
103,44,4.81341
103,45,5.0808
103,46,5.03129
103,47,5.0
103,48,3.98052
103,49,6.17958
103,50,9.95552
103,51,-0.93336
103,52,9.8012
103,53,4.87885
103,54,0.0
103,55,5.182
103,56,9.9024
103,57,9.87328
103,58,4.0
103,59,3.98579
103,60,9.92135
103,61,-0.845998
103,62,4.81107
103,63,9.97498
103,64,4.03058
103,65,3.88179
103,66,9.86957
103,67,-0.97222
103,68,9.94406
103,69,4.82987
103,70,9.8558
103,71,9.82075
103,72,4.06227
103,73,3.83492
103,74,-0.975357
103,75,9.88893
103,76,-0.869046
103,77,9.0
103,78,-0.824459
103,79,-0.891097
103,80,-0.999203
103,81,5.10851
103,82,-0.992902
103,83,6.0
103,84,-0.849099
103,85,-0.803654
103,86,5.0
103,87,6.00298
103,88,5.19161
103,89,9.98788
103,90,-0.827783
103,91,-1.0
103,92,4.91712
103,93,8.93509
103,94,7.86992
103,95,-0.936583
103,96,6.0
103,97,-0.990259
103,98,6.0
103,99,8.10202
103,100,-0.846056
103,101,-0.81553
103,102,4.0
103,103,4.13063
103,104,3.87854
103,105,3.98753
103,106,1.89071
103,107,-0.882965
103,108,-0.893609
103,109,5.09899
103,110,5.07726
103,111,4.84174
103,112,2.05022
103,113,9.0
103,114,1.83575
103,115,1.95806
103,116,-0.965099
103,117,8.02588
103,118,2.01377
103,119,-0.862995
103,120,-0.949497
103,121,10.0
103,122,9.85421
103,123,9.93699
103,124,9.92197
103,125,5.0
103,126,-0.973032
103,127,9.91681
103,128,0.102743
103,129,9.92453
103,130,9.86324
103,131,1.99011
103,132,8.0
103,133,5.0
103,134,4.94949
103,135,1.89163
103,136,4.9687
103,137,4.92866
103,138,4.9251
103,139,6.0
103,140,-0.809058
103,141,9.0
103,142,-0.945557
103,143,-0.843303
103,144,-0.9401
103,145,-0.817789
103,146,-0.890149
103,147,9.04451
103,148,6.08222
103,149,6.01707
103,150,5.19772
103,151,4.88655
103,152,5.11755
103,153,8.171
103,154,-0.819607
103,155,-0.942567
103,156,-0.859549
103,157,-0.930108
103,158,2.0
103,159,2.17306
103,160,-1.0
103,161,9.83806
103,162,4.93658
103,163,-0.852938
103,164,-0.993834
103,165,4.9573
103,166,-0.87653
103,167,9.97052
103,168,-0.844564
103,169,-1.0
103,170,-0.983974
103,171,-1.0
103,172,-0.847498
103,173,5.0
103,174,-1.0
103,175,10.0
103,176,10.0
103,177,9.93825
103,178,9.91576
103,179,9.94734
103,180,6.0
103,181,3.90941
103,182,9.91774
103,183,9.99348
103,184,9.0
103,185,10.0
103,186,9.87549
103,187,9.84962
103,188,-0.817927
103,189,4.89099
103,190,9.97413
103,191,9.98209
103,192,9.85334
103,193,9.83465
103,194,-0.836112
103,195,5.0
103,196,5.16671
103,197,4.00964
103,198,10.0
103,199,9.931
103,200,2.04739
103,201,9.90366
103,202,-0.924441
103,203,-0.837046
103,204,5.9415
103,205,-0.813845
103,206,-1.0
103,207,10.0
103,208,9.85598
103,209,-0.940562
103,210,-0.944477
103,211,5.02579
103,212,9.85631
103,213,-0.938368
103,214,4.8703
103,215,8.0885
103,216,9.88947
103,217,7.85729
103,218,4.91614
103,219,4.99967
103,220,5.04726
103,221,5.14206
103,222,5.18542
103,223,4.98456
103,224,4.80287
103,225,4.80795
103,226,5.01338
103,227,6.10101
103,228,4.85239
103,229,4.81
103,230,-0.845934
103,231,4.91273
103,232,-0.918063
103,233,5.84664
103,234,5.17115
103,235,-0.824453
103,236,8.0383
103,237,9.94875
103,238,5.86832
103,239,-0.93117
103,240,9.90298
103,241,9.93283
103,242,9.88561
103,243,9.98838
103,244,-1.0
103,245,9.17997
103,246,9.0
103,247,9.939
103,248,10.0
103,249,5.17642
103,250,2.01621
103,251,1.87404
103,252,9.93939
103,253,2.0
103,254,9.84196
103,255,4.87668
103,256,-0.857198
103,257,9.99251
103,258,9.89421
103,259,9.86763
103,260,-1.0
103,261,-1.0
103,262,-0.824968
103,263,-0.938901
103,264,2.1863
103,265,2.06311
103,266,8.95624
103,267,5.0
103,268,5.80734
103,269,-0.969989
103,270,9.90558
103,271,-0.814652
103,272,4.96894
103,273,9.89534
103,274,-0.816027
103,275,4.92735
103,276,9.88929
103,277,-0.833571
103,278,-0.875834
103,279,-0.985616
103,280,4.97882
103,281,-0.864353
103,282,3.98354
103,283,5.07103
103,284,4.95089
103,285,2.17877
103,286,1.99289
103,287,6.07135
103,288,5.93863
103,289,-0.998875
103,290,4.96473
103,291,5.1121
103,292,5.86222
103,293,4.83086
103,294,7.87528
103,295,5.1236
103,296,3.86524
103,297,5.94353
103,298,10.0
103,299,9.90073
103,300,5.15251
103,301,8.19751
103,302,1.9858
103,303,4.94773
103,304,7.94695
103,305,8.00999
103,306,-0.812376
103,307,-0.876121
103,308,4.80848
103,309,4.84337
103,310,5.05965
103,311,-0.890111
103,312,9.9238
103,313,10.0
103,314,9.8348
103,315,5.90691
103,316,9.9347
103,317,9.90699
103,318,5.08516
103,319,5.00808
103,320,4.96967
103,321,4.858
103,322,6.17454
103,323,6.17177
103,324,6.17677
103,325,6.05696
103,326,4.9799
103,327,8.0
103,328,5.13491
103,329,5.0958
103,330,9.94608
103,331,10.0
103,332,2.15536
103,333,2.15325
103,334,10.0
103,335,-1.0
103,336,5.88764
103,337,5.1549
103,338,5.02539
103,339,2.02765
103,340,5.80898
103,341,3.99794
103,342,5.0068
103,343,10.0
103,344,6.07593
103,345,4.94504
103,346,9.86738
103,347,5.94464
103,348,-0.880297
103,349,-0.896067
103,350,4.87511
103,351,5.84883
103,352,7.98615
103,353,9.87104
103,354,4.93198
103,355,10.0
103,356,6.0309
103,357,9.93624
103,358,-0.983167
103,359,-0.996717
103,360,9.93387
103,361,5.0
103,362,-0.998075
103,363,-0.962557
103,364,6.08752
103,365,7.89086
103,366,2.01877
103,367,-0.841826
103,368,-0.821877
103,369,-1.0
103,370,-0.947348
103,371,-0.967534
103,372,4.87955
103,373,-0.972074
103,374,5.12089
103,375,5.89071
103,376,9.88148
103,377,5.0
103,378,9.89997
103,379,2.13226
103,380,4.91722
103,381,8.15747
103,382,2.09299
103,383,4.98982
103,384,7.0
103,385,9.97465
103,386,9.97125
103,387,-0.869675
103,388,9.85616
103,389,9.99385
103,390,8.91381
103,391,8.85492
103,392,6.94512
103,393,9.91393
103,394,5.17103
103,395,9.91705
103,396,5.17568
103,397,-1.0
103,398,9.82922
103,399,9.96162
103,400,9.93991
103,401,8.86314
103,402,9.93862
103,403,-0.912341
103,404,10.0
103,405,5.18622
104,1,
104,2,
104,3,
104,4,
104,5,7.0
104,6,8.0
104,7,
104,8,
104,9,
104,10,
104,11,
104,12,
104,13,9.0
104,14,
104,15,
104,16,
104,17,
104,18,
104,19,
104,20,
104,21,7.0
104,22,10.0
104,23,
104,24,
104,25,
104,26,
104,27,
104,28,
104,29,6.0
104,30,
104,31,
104,32,
104,33,
104,34,
104,35,
104,36,
104,37,
104,38,
104,39,
104,40,
104,41,8.0
104,42,
104,43,
104,44,
104,45,
104,46,
104,47,7.0
104,48,
104,49,
104,50,
104,51,
104,52,
104,53,
104,54,
104,55,
104,56,
104,57,
104,58,7.0
104,59,
104,60,
104,61,
104,62,
104,63,
104,64,
104,65,
104,66,
104,67,
104,68,
104,69,
104,70,
104,71,
104,72,
104,73,
104,74,
104,75,
104,76,
104,77,8.0
104,78,
104,79,
104,80,
104,81,
104,82,
104,83,9.0
104,84,
104,85,
104,86,
104,87,
104,88,
104,89,
104,90,
104,91,9.0
104,92,
104,93,
104,94,
104,95,
104,96,10.0
104,97,
104,98,10.0
104,99,
104,100,
104,101,
104,102,7.0
104,103,
104,104,
104,105,
104,106,
104,107,
104,108,
104,109,
104,110,
104,111,
104,112,
104,113,8.0
104,114,
104,115,
104,116,
104,117,
104,118,
104,119,
104,120,
104,121,
104,122,
104,123,
104,124,
104,125,6.0
104,126,
104,127,
104,128,
104,129,
104,130,
104,131,
104,132,7.0
104,133,8.0
104,134,
104,135,
104,136,
104,137,
104,138,
104,139,9.0
104,140,
104,141,8.0
104,142,
104,143,
104,144,
104,145,
104,146,
104,147,
104,148,
104,149,
104,150,
104,151,
104,152,
104,153,
104,154,
104,155,
104,156,
104,157,
104,158,9.0
104,159,
104,160,9.0
104,161,
104,162,
104,163,
104,164,
104,165,
104,166,
104,167,
104,168,
104,169,8.0
104,170,
104,171,9.0
104,172,
104,173,10.0
104,174,7.0
104,175,9.0
104,176,9.0
104,177,
104,178,
104,179,
104,180,10.0
104,181,
104,182,
104,183,
104,184,10.0
104,185,10.0
104,186,
104,187,
104,188,
104,189,
104,190,
104,191,
104,192,
104,193,
104,194,
104,195,9.0
104,196,
104,197,
104,198,9.0
104,199,
104,200,
104,201,
104,202,
104,203,
104,204,
104,205,
104,206,7.0
104,207,8.0
104,208,
104,209,
104,210,
104,211,
104,212,
104,213,
104,214,
104,215,
104,216,
104,217,
104,218,
104,219,
104,220,
104,221,
104,222,
104,223,
104,224,
104,225,
104,226,
104,227,
104,228,
104,229,
104,230,
104,231,
104,232,
104,233,
104,234,
104,235,
104,236,
104,237,
104,238,
104,239,
104,240,
104,241,
104,242,
104,243,
104,244,9.0
104,245,
104,246,7.0
104,247,
104,248,8.0
104,249,
104,250,
104,251,
104,252,
104,253,9.0
104,254,
104,255,
104,256,
104,257,
104,258,
104,259,
104,260,9.0
104,261,7.0
104,262,
104,263,
104,264,
104,265,
104,266,
104,267,6.0
104,268,
104,269,
104,270,
104,271,
104,272,
104,273,
104,274,
104,275,
104,276,
104,277,
104,278,
104,279,
104,280,
104,281,
104,282,
104,283,
104,284,
104,285,
104,286,
104,287,
104,288,
104,289,
104,290,
104,291,
104,292,
104,293,
104,294,
104,295,
104,296,
104,297,
104,298,6.0
104,299,
104,300,
104,301,
104,302,
104,303,
104,304,
104,305,
104,306,
104,307,
104,308,
104,309,
104,310,
104,311,
104,312,
104,313,6.0
104,314,
104,315,
104,316,
104,317,
104,318,
104,319,
104,320,
104,321,
104,322,
104,323,
104,324,
104,325,
104,326,
104,327,7.0
104,328,
104,329,
104,330,
104,331,7.0
104,332,
104,333,
104,334,7.0
104,335,7.0
104,336,
104,337,
104,338,
104,339,
104,340,
104,341,
104,342,
104,343,7.0
104,344,
104,345,
104,346,
104,347,
104,348,
104,349,
104,350,
104,351,
104,352,
104,353,
104,354,
104,355,8.0
104,356,
104,357,
104,358,
104,359,
104,360,
104,361,9.0
104,362,
104,363,
104,364,
104,365,
104,366,
104,367,
104,368,
104,369,10.0
104,370,
104,371,
104,372,
104,373,
104,374,
104,375,
104,376,
104,377,3.0
104,378,
104,379,
104,380,
104,381,
104,382,
104,383,
104,384,6.0
104,385,
104,386,
104,387,
104,388,
104,389,
104,390,
104,391,
104,392,
104,393,
104,394,
104,395,
104,396,
104,397,9.0
104,398,
104,399,
104,400,
104,401,
104,402,
104,403,
104,404,10.0
104,405,
105,1,
105,2,
105,3,
105,4,
105,5,10.0
105,6,
105,7,
105,8,
105,9,
105,10,
105,11,
105,12,
105,13,
105,14,
105,15,
105,16,
105,17,
105,18,
105,19,
105,20,
105,21,
105,22,
105,23,
105,24,
105,25,
105,26,
105,27,
105,28,
105,29,
105,30,
105,31,
105,32,
105,33,
105,34,
105,35,
105,36,
105,37,
105,38,
105,39,
105,40,
105,41,
105,42,
105,43,
105,44,
105,45,
105,46,
105,47,
105,48,
105,49,
105,50,
105,51,
105,52,
105,53,
105,54,
105,55,
105,56,
105,57,
105,58,
105,59,
105,60,
105,61,
105,62,
105,63,
105,64,
105,65,
105,66,
105,67,
105,68,
105,69,
105,70,
105,71,
105,72,
105,73,
105,74,
105,75,
105,76,
105,77,
105,78,
105,79,
105,80,
105,81,
105,82,
105,83,
105,84,
105,85,
105,86,
105,87,
105,88,
105,89,
105,90,
105,91,
105,92,
105,93,
105,94,
105,95,
105,96,
105,97,
105,98,
105,99,
105,100,
105,101,
105,102,
105,103,
105,104,
105,105,
105,106,
105,107,
105,108,
105,109,
105,110,
105,111,
105,112,
105,113,
105,114,
105,115,
105,116,
105,117,
105,118,
105,119,
105,120,
105,121,
105,122,
105,123,
105,124,
105,125,
105,126,
105,127,
105,128,
105,129,
105,130,
105,131,
105,132,
105,133,
105,134,
105,135,
105,136,
105,137,
105,138,
105,139,
105,140,
105,141,
105,142,
105,143,
105,144,
105,145,
105,146,
105,147,
105,148,
105,149,
105,150,
105,151,
105,152,
105,153,
105,154,
105,155,
105,156,
105,157,
105,158,
105,159,
105,160,
105,161,
105,162,
105,163,
105,164,
105,165,
105,166,
105,167,
105,168,
105,169,
105,170,
105,171,
105,172,
105,173,
105,174,
105,175,
105,176,
105,177,
105,178,
105,179,
105,180,
105,181,
105,182,
105,183,
105,184,
105,185,
105,186,
105,187,
105,188,
105,189,
105,190,
105,191,
105,192,
105,193,
105,194,
105,195,
105,196,
105,197,
105,198,
105,199,
105,200,
105,201,
105,202,
105,203,
105,204,
105,205,
105,206,
105,207,
105,208,
105,209,
105,210,
105,211,
105,212,
105,213,
105,214,
105,215,
105,216,
105,217,
105,218,
105,219,
105,220,
105,221,
105,222,
105,223,
105,224,
105,225,
105,226,
105,227,
105,228,
105,229,
105,230,
105,231,
105,232,
105,233,
105,234,
105,235,
105,236,
105,237,
105,238,
105,239,
105,240,
105,241,
105,242,
105,243,
105,244,
105,245,
105,246,
105,247,
105,248,
105,249,
105,250,
105,251,
105,252,
105,253,
105,254,
105,255,
105,256,
105,257,
105,258,
105,259,
105,260,
105,261,
105,262,
105,263,
105,264,
105,265,
105,266,
105,267,
105,268,
105,269,
105,270,
105,271,
105,272,
105,273,
105,274,
105,275,
105,276,
105,277,
105,278,
105,279,
105,280,
105,281,
105,282,
105,283,
105,284,
105,285,
105,286,
105,287,
105,288,
105,289,
105,290,
105,291,
105,292,
105,293,
105,294,
105,295,
105,296,
105,297,
105,298,
105,299,
105,300,
105,301,
105,302,
105,303,
105,304,
105,305,
105,306,
105,307,
105,308,
105,309,
105,310,
105,311,
105,312,
105,313,
105,314,
105,315,
105,316,
105,317,
105,318,
105,319,
105,320,
105,321,
105,322,
105,323,
105,324,
105,325,
105,326,
105,327,
105,328,
105,329,
105,330,
105,331,
105,332,
105,333,
105,334,
105,335,
105,336,
105,337,
105,338,
105,339,
105,340,
105,341,
105,342,
105,343,
105,344,
105,345,
105,346,
105,347,
105,348,
105,349,
105,350,
105,351,
105,352,
105,353,
105,354,
105,355,
105,356,
105,357,
105,358,
105,359,
105,360,
105,361,
105,362,
105,363,
105,364,
105,365,
105,366,
105,367,
105,368,
105,369,
105,370,
105,371,
105,372,
105,373,
105,374,
105,375,
105,376,
105,377,
105,378,
105,379,
105,380,
105,381,
105,382,
105,383,
105,384,
105,385,
105,386,
105,387,
105,388,
105,389,
105,390,
105,391,
105,392,
105,393,
105,394,
105,395,
105,396,
105,397,
105,398,
105,399,
105,400,
105,401,
105,402,
105,403,
105,404,
105,405,
106,5,9.0
106,6,6.0
106,12,3.0
106,20,5.0
106,21,7.0
106,28,6.0
106,40,8.0
106,46,3.0
106,53,4.0
106,57,4.0
106,76,5.0
106,82,6.0
106,85,3.0
106,90,5.0
106,95,6.0
106,97,5.0
106,101,6.0
106,112,7.0
106,120,4.0
106,124,5.0
106,132,6.0
106,133,4.0
106,139,4.0
106,141,6.0
106,158,7.0
106,160,8.0
106,169,6.0
106,171,7.0
106,173,4.0
106,174,5.0
106,175,5.0
106,176,7.0
106,180,4.0
106,184,6.0
106,185,2.0
106,195,7.0
106,198,9.0
106,206,5.0
106,207,6.0
106,244,6.0
106,246,0.0
106,248,3.0
106,253,5.0
106,260,3.0
106,261,2.0
106,267,8.0
106,298,3.0
106,313,4.0
106,327,5.0
106,331,8.0
106,334,3.0
106,335,1.0
106,343,1.0
106,355,1.0
106,361,1.0
106,369,5.0
106,377,5.0
106,384,4.0
106,397,3.0
106,404,3.0
107,5,3.0
107,6,3.0
107,12,3.0
107,20,3.0
107,21,3.0
107,28,3.0
107,40,3.0
107,46,4.0
107,53,4.0
107,57,4.0
107,76,3.0
107,82,3.0
107,85,3.0
107,90,4.0
107,95,2.0
107,97,3.0
107,101,4.0
107,112,6.0
107,120,4.0
107,124,6.0
107,132,2.0
107,133,3.0
107,139,2.0
107,141,3.0
107,158,3.0
107,160,3.0
107,169,5.0
107,171,3.0
107,173,3.0
107,174,3.0
107,175,3.0
107,176,3.0
107,180,0.0
107,184,0.0
107,185,0.0
107,195,0.0
107,198,0.0
107,206,0.0
107,207,0.0
107,244,0.0
107,246,0.0
107,248,0.0
107,253,0.0
107,260,3.0
107,261,4.0
107,267,4.0
107,298,0.0
107,313,4.0
107,327,2.0
107,331,3.0
107,334,1.0
107,335,2.0
107,343,3.0
107,355,2.0
107,361,2.0
107,369,3.0
107,377,4.0
107,384,8.0
107,397,8.0
107,404,7.0
108,5,
108,6,
108,12,
108,20,
108,21,
108,28,
108,40,
108,46,
108,53,
108,57,
108,76,
108,82,
108,85,
108,90,
108,95,
108,97,
108,101,
108,112,
108,120,
108,124,
108,132,
108,133,
108,139,
108,141,
108,158,
108,160,
108,169,
108,171,
108,173,
108,174,
108,175,
108,176,
108,180,
108,184,
108,185,
108,195,
108,198,
108,206,
108,207,
108,244,
108,246,
108,248,
108,253,
108,260,
108,261,
108,267,
108,298,
108,313,
108,327,
108,331,
108,334,
108,335,
108,343,
108,355,
108,361,
108,369,
108,377,
108,384,
108,397,
108,404,
109,5,
109,6,
109,12,
109,20,6.0
109,21,
109,28,
109,40,
109,46,
109,53,
109,57,
109,76,
109,82,
109,85,
109,90,
109,95,
109,97,
109,101,
109,112,
109,120,9.0
109,124,
109,132,
109,133,
109,139,
109,141,
109,158,
109,160,
109,169,0.0
109,169,7.0
109,171,
109,173,
109,174,
109,175,
109,176,
109,180,
109,184,
109,185,
109,195,
109,198,
109,206,
109,207,
109,244,
109,246,
109,248,
109,253,
109,260,0.0
109,261,9.0
109,267,
109,298,
109,313,
109,327,
109,331,
109,334,
109,335,
109,343,
109,355,
109,361,
109,369,8.0
109,377,
109,377,0.0
109,377,0.0
109,377,9.0
109,384,
109,397,
109,404,
110,5,
110,6,
110,12,
110,20,
110,21,
110,28,
110,40,
110,46,
110,53,
110,57,
110,76,
110,82,
110,85,
110,90,
110,95,
110,97,
110,101,
110,112,
110,120,
110,124,
110,132,
110,133,
110,139,
110,141,
110,158,
110,160,
110,169,
110,171,
110,173,
110,174,
110,175,
110,176,
110,180,
110,184,
110,185,
110,195,
110,198,
110,206,
110,207,
110,244,
110,246,
110,248,
110,253,
110,260,
110,261,
110,267,
110,298,
110,313,
110,327,
110,331,
110,334,
110,335,
110,343,
110,355,
110,361,
110,369,
110,377,
110,384,
110,397,
110,404,
111,5,3.0
111,6,2.0
111,12,4.0
111,20,3.0
111,21,
111,28,
111,40,
111,46,3.0
111,53,
111,57,4.0
111,76,
111,82,5.0
111,85,
111,90,
111,95,
111,97,
111,101,
111,112,
111,120,6.0
111,124,
111,132,
111,133,
111,139,
111,141,
111,158,
111,160,
111,169,3.0
111,171,
111,173,
111,174,
111,175,
111,176,
111,180,
111,184,
111,185,
111,195,
111,198,
111,206,
111,207,
111,244,
111,246,
111,248,
111,253,
111,260,4.0
111,261,5.0
111,267,
111,298,
111,313,
111,327,
111,331,
111,334,
111,335,
111,343,
111,355,
111,361,
111,369,3.0
111,377,3.0
111,384,
111,397,
111,404,
112,5,
112,6,
112,12,
112,20,
112,21,
112,28,
112,40,
112,46,
112,53,
112,57,
112,76,
112,82,
112,85,
112,90,
112,95,
112,97,
112,101,
112,112,
112,120,
112,124,
112,132,
112,133,
112,139,
112,141,
112,158,
112,160,
112,169,
112,171,
112,173,
112,174,
112,175,
112,176,
112,180,
112,184,
112,185,
112,195,
112,198,
112,206,
112,207,
112,244,
112,246,
112,248,
112,253,
112,260,
112,261,
112,267,
112,298,
112,313,
112,327,
112,331,
112,334,
112,335,
112,343,
112,355,
112,361,
112,369,
112,377,
112,384,
112,397,
112,404,
113,5,
113,6,
113,12,
113,20,
113,21,
113,28,
113,40,
113,46,
113,53,
113,57,
113,76,
113,82,
113,85,
113,90,
113,95,
113,97,
113,101,
113,112,
113,120,
113,124,
113,132,
113,133,
113,139,
113,141,
113,158,
113,160,
113,169,
113,171,
113,173,
113,174,
113,175,
113,176,
113,180,
113,184,
113,185,
113,195,
113,198,
113,206,
113,207,
113,244,
113,246,
113,248,
113,253,
113,260,
113,261,
113,267,
113,298,
113,313,
113,327,
113,331,
113,334,
113,335,
113,343,
113,355,
113,361,
113,369,
113,377,
113,384,
113,397,
113,404,
114,5,
114,6,
114,12,
114,20,
114,21,
114,28,
114,40,
114,46,
114,53,
114,57,
114,76,
114,82,
114,85,
114,90,
114,95,
114,97,
114,101,
114,112,
114,120,
114,124,
114,132,
114,133,
114,139,
114,141,
114,158,
114,160,
114,169,
114,171,
114,173,
114,174,
114,175,
114,176,
114,180,
114,184,
114,185,
114,195,
114,198,
114,206,
114,207,
114,244,
114,246,
114,248,
114,253,
114,260,
114,261,
114,267,
114,298,
114,313,
114,327,
114,331,
114,334,
114,335,
114,343,
114,355,
114,361,
114,369,
114,377,
114,384,
114,397,
114,404,
115,5,
115,6,
115,12,
115,20,
115,21,
115,28,
115,40,
115,46,
115,53,
115,57,
115,76,
115,82,
115,85,
115,90,
115,95,
115,97,
115,101,
115,112,
115,120,
115,124,
115,132,
115,133,
115,139,
115,141,
115,158,
115,160,
115,169,
115,171,
115,173,
115,174,
115,175,
115,176,
115,180,
115,184,
115,185,
115,195,
115,198,
115,206,
115,207,
115,244,
115,246,
115,248,
115,253,
115,260,
115,261,
115,267,
115,298,
115,313,
115,327,
115,331,
115,334,
115,335,
115,343,
115,355,
115,361,
115,369,
115,377,
115,384,
115,397,
115,404,
116,5,
116,6,
116,12,
116,20,
116,21,
116,28,
116,40,
116,46,
116,53,
116,57,
116,76,
116,82,
116,85,
116,90,
116,95,
116,97,
116,101,
116,112,
116,120,
116,124,
116,132,
116,133,
116,139,
116,141,
116,158,
116,160,
116,169,
116,171,
116,173,
116,174,
116,175,
116,176,
116,180,
116,184,
116,185,
116,195,
116,198,
116,206,
116,207,
116,244,
116,246,
116,248,
116,253,
116,260,
116,261,
116,267,
116,298,
116,313,
116,327,
116,331,
116,334,
116,335,
116,343,
116,355,
116,361,
116,369,
116,377,
116,384,
116,397,
116,404,
117,5,7.0
117,6,8.0
117,12,8.0
117,20,0.0
117,21,8.0
117,28,8.0
117,40,0.0
117,46,0.0
117,53,0.0
117,57,0.0
117,76,0.0
117,82,0.0
117,85,0.0
117,90,0.0
117,95,0.0
117,97,0.0
117,101,0.0
117,112,0.0
117,120,7.0
117,124,0.0
117,132,0.0
117,133,0.0
117,139,0.0
117,141,0.0
117,158,0.0
117,160,0.0
117,169,0.0
117,171,0.0
117,173,0.0
117,174,0.0
117,175,0.0
117,176,0.0
117,180,0.0
117,184,0.0
117,185,0.0
117,195,0.0
117,198,8.0
117,206,8.0
117,207,0.0
117,244,0.0
117,246,0.0
117,248,0.0
117,253,0.0
117,260,3.0
117,261,5.0
117,267,7.0
117,298,0.0
117,313,0.0
117,327,0.0
117,331,0.0
117,334,0.0
117,335,0.0
117,343,0.0
117,355,0.0
117,361,0.0
117,369,0.0
117,377,0.0
117,384,0.0
117,397,0.0
117,404,0.0
118,5,
118,6,
118,12,
118,20,
118,21,
118,28,
118,40,
118,46,
118,53,
118,57,
118,76,
118,82,
118,85,
118,90,
118,95,
118,97,
118,101,
118,112,
118,120,
118,124,
118,132,
118,133,
118,139,
118,141,
118,158,
118,160,
118,169,
118,171,
118,173,
118,174,
118,175,
118,176,
118,180,
118,184,
118,185,
118,195,
118,198,
118,206,
118,207,
118,244,
118,246,
118,248,
118,253,
118,260,
118,261,
118,267,
118,298,
118,313,
118,327,
118,331,
118,334,
118,335,
118,343,
118,355,
118,361,
118,369,
118,377,
118,384,
118,397,
118,404,
119,5,
119,6,
119,12,
119,20,
119,21,
119,28,
119,40,
119,46,
119,53,
119,57,
119,76,
119,82,
119,85,
119,90,
119,95,
119,97,
119,101,
119,112,
119,120,
119,124,
119,132,
119,133,
119,139,
119,141,
119,158,
119,160,
119,169,
119,171,
119,173,
119,174,
119,175,
119,176,
119,180,
119,184,
119,185,
119,195,
119,198,
119,206,
119,207,
119,244,
119,246,
119,248,
119,253,
119,260,
119,261,
119,267,
119,298,
119,313,
119,327,
119,331,
119,334,
119,335,
119,343,
119,355,
119,361,
119,369,
119,377,
119,384,
119,397,
119,404,
120,5,
120,6,
120,12,
120,20,
120,21,
120,28,
120,40,
120,46,
120,53,
120,57,
120,76,
120,82,
120,85,
120,90,
120,95,
120,97,
120,101,
120,112,
120,120,
120,124,
120,132,
120,133,
120,139,
120,141,
120,158,
120,160,
120,169,
120,171,
120,173,
120,174,
120,175,
120,176,
120,180,
120,184,
120,185,
120,195,
120,198,
120,206,
120,207,
120,244,
120,246,
120,248,
120,253,
120,260,
120,261,
120,267,
120,298,
120,313,
120,327,
120,331,
120,334,
120,335,
120,343,
120,355,
120,361,
120,369,
120,377,
120,384,
120,397,
120,404,
121,5,
121,6,
121,12,
121,20,
121,21,
121,28,
121,40,
121,46,
121,53,
121,57,
121,76,
121,82,
121,85,
121,90,
121,95,
121,97,
121,101,
121,112,
121,120,
121,124,
121,132,
121,133,
121,139,
121,141,
121,158,
121,160,
121,169,
121,171,
121,173,
121,174,
121,175,
121,176,
121,180,
121,184,
121,185,
121,195,
121,198,
121,206,
121,207,
121,244,
121,246,
121,248,
121,253,
121,260,
121,261,
121,267,
121,298,
121,313,
121,327,
121,331,
121,334,
121,335,
121,343,
121,355,
121,361,
121,369,
121,377,
121,384,
121,397,
121,404,
122,5,
122,6,
122,12,
122,20,
122,21,
122,28,
122,40,
122,46,
122,53,
122,57,
122,76,
122,82,
122,85,
122,90,
122,95,
122,97,
122,101,
122,112,
122,120,
122,124,
122,132,
122,133,
122,139,
122,141,
122,158,
122,160,
122,169,
122,171,
122,173,
122,174,
122,175,
122,176,
122,180,
122,184,
122,185,
122,195,
122,198,
122,206,
122,207,
122,244,
122,246,
122,248,
122,253,
122,260,
122,261,
122,267,
122,298,
122,313,
122,327,
122,331,
122,334,
122,335,
122,343,
122,355,
122,361,
122,369,
122,377,
122,384,
122,397,
122,404,
123,5,
123,6,
123,12,
123,20,
123,21,
123,28,
123,40,
123,46,
123,53,
123,57,
123,76,
123,82,
123,85,
123,90,
123,95,
123,97,
123,101,
123,112,
123,120,
123,124,
123,132,
123,133,
123,139,
123,141,
123,158,
123,160,
123,169,
123,171,
123,173,
123,174,
123,175,
123,176,
123,180,
123,184,
123,185,
123,195,
123,198,
123,206,
123,207,
123,244,
123,246,
123,248,
123,253,
123,260,
123,261,
123,267,
123,298,
123,313,
123,327,
123,331,
123,334,
123,335,
123,343,
123,355,
123,361,
123,369,
123,377,
123,384,
123,397,
123,404,
124,5,
124,6,
124,12,
124,20,0.0
124,21,
124,28,
124,40,
124,46,
124,53,
124,57,
124,76,
124,82,
124,85,
124,90,
124,95,
124,97,
124,101,
124,112,
124,120,
124,124,
124,132,
124,133,
124,139,
124,141,
124,158,
124,160,
124,169,0.0
124,171,
124,173,
124,174,
124,175,
124,176,
124,180,
124,184,
124,185,
124,195,
124,198,
124,206,
124,207,
124,244,
124,246,
124,248,
124,253,
124,260,
124,261,
124,267,
124,298,
124,313,
124,327,
124,331,
124,334,
124,335,
124,343,
124,355,
124,361,
124,369,0.0
124,377,0.0
124,384,
124,397,
124,404,
125,5,
125,6,
125,12,
125,20,6.0
125,21,
125,28,
125,40,
125,46,
125,53,
125,57,
125,76,
125,82,
125,85,
125,90,
125,95,
125,97,
125,101,
125,112,
125,120,
125,124,
125,132,
125,133,
125,139,
125,141,
125,158,
125,160,
125,169,
125,171,
125,173,
125,174,
125,175,
125,176,
125,180,
125,184,
125,185,
125,195,
125,198,
125,206,
125,207,
125,244,
125,246,
125,248,
125,253,
125,260,
125,261,
125,267,
125,298,
125,313,
125,327,
125,331,
125,334,
125,335,
125,343,
125,355,
125,361,
125,369,
125,377,
125,384,
125,397,
125,404,
